Player_Num,PLAYER,TEAM,AGE,GP,W,L,MIN,PTS,FGM,FGA,FG%,3PM,3PA,3P%,FTM,FTA,FT%,OREB,DREB,REB,AST,TOV,STL,BLK,PF,FP,DD2,TD3,+/-
1,Josh Richardson,MIA,24,50,27,23,4.2,1.5,0.5,1.1,42.9,0.1,0.4,27.8,0.4,0.5,88,0.2,0.4,0.6,0.3,0.3,0.2,0.1,0.4,3.1,0,0,0.9
2,Jrue Holiday,NOP,28,48,29,19,4.6,2.8,1.1,2.2,50.5,0.2,0.4,40,0.4,0.7,55.9,0.1,0.5,0.6,0.7,0.3,0.3,0.1,0.4,5.6,3,1,1.2
3,Khris Middleton,MIL,26,47,26,21,3.7,2.3,0.7,1.5,44.3,0.1,0.6,23.1,0.9,1,89.1,0.1,0.6,0.7,0.3,0.2,0,0.1,0.6,3.8,4,0,0.2
3,Allen Crabbe,BKN,26,47,17,30,3.7,1.1,0.3,1,33.3,0.2,0.6,39.3,0.2,0.2,100,0.1,0.5,0.6,0.1,0.2,0.1,0.1,0.3,2.5,0,0,-1.1
5,E'Twaun Moore,NOP,29,46,29,17,4,1,0.4,0.9,46.3,0.1,0.3,25,0.1,0.1,75,0,0.2,0.3,0.2,0.1,0.1,0,0.3,1.8,0,0,1.1
5,DeMarre Carroll,BKN,31,46,17,29,3.6,1.5,0.5,1,46.7,0.2,0.4,55,0.3,0.5,69.6,0.2,0.5,0.8,0.1,0.1,0.2,0,0.5,3.1,11,0,-1.2
5,Russell Westbrook,OKC,29,46,24,22,4.1,3.7,1.4,3.4,41.1,0.2,1.2,20.8,0.7,1,65.2,0.3,1,1.3,0.8,0.4,0.1,0,0.5,6.6,35,14,-0.2
8,LeBron James,CLE,33,45,30,15,3.4,4.4,1.6,2.9,55.8,0.3,1,31.8,0.9,1.3,65,0.2,0.9,1.2,0.7,0.4,0.1,0.1,0.2,7.2,33,12,1.9
8,CJ McCollum,POR,26,45,25,20,3.9,2.4,0.8,2.1,39.8,0.2,0.6,28.6,0.6,0.8,72.2,0.2,0.4,0.5,0.3,0.1,0.1,0,0.4,3.9,1,0,0.2
8,Ben Simmons,PHI,21,45,26,19,3.3,1.6,0.5,0.8,65.7,0,0,0,0.6,1.1,56.3,0.2,0.5,0.6,0.6,0.2,0.3,0,0.5,4.1,23,9,1.2
8,Goran Dragic,MIA,32,45,24,21,4.3,2,0.7,1.6,44.3,0.2,0.4,36.8,0.5,0.6,88.5,0.2,0.6,0.7,0.4,0.2,0.1,0,0.6,3.7,3,0,0.8
12,Carmelo Anthony,OKC,34,44,24,20,3.9,1.3,0.5,1.7,28.9,0.2,0.8,20.6,0.1,0.3,54.5,0.2,0.5,0.7,0.2,0.1,0.1,0.1,0.4,2.8,3,0,0.3
12,Bradley Beal,WAS,25,44,21,23,4.1,2.8,0.9,2.8,30.6,0.2,0.9,20.5,0.9,1.3,70.9,0,0.6,0.6,0.4,0.4,0.2,0,0.4,4.4,3,0,-0.2
14,Paul George,OKC,28,42,22,20,4,2.1,0.5,1.3,38.2,0.3,0.7,39.3,0.9,1,83.7,0.1,0.5,0.5,0.2,0.2,0.2,0,0.4,3.6,3,0,-0.3
14,Jayson Tatum,BOS,20,42,26,16,3.4,1.9,0.7,1.2,58.8,0.1,0.2,60,0.3,0.4,80,0,0.6,0.7,0.2,0.3,0.1,0.1,0.3,3.3,3,0,0.3
16,DeMar DeRozan,TOR,28,41,23,18,3.9,4.2,1.3,2.9,44.5,0.1,0.4,33.3,1.5,1.9,81.6,0.2,0.5,0.6,0.4,0.3,0.1,0,0.2,5.8,0,0,0.4
16,Victor Oladipo,IND,26,41,24,17,3.5,3.5,1.1,2.5,44.6,0.4,1.2,33.3,0.9,1.1,84.4,0.1,0.5,0.6,0.3,0.5,0.2,0.1,0.5,5.2,3,0,1.6
16,Karl-Anthony Towns,MIN,22,41,22,19,4,1.3,0.5,1.2,41.7,0.2,0.4,38.9,0.1,0.2,75,0.2,0.8,1,0.2,0.1,0,0.2,0.5,3.3,34,0,0
16,Harrison Barnes,DAL,26,41,9,32,3.5,2.2,0.8,1.8,43.2,0.1,0.5,27.3,0.5,0.7,70.4,0.1,0.6,0.7,0.2,0.3,0.1,0,0.3,3.3,4,0,-2.7
16,Andrew Wiggins,MIN,23,41,21,20,4.2,1.8,0.6,1.5,43.3,0.1,0.4,31.3,0.4,0.6,65.4,0.2,0.4,0.6,0.1,0.1,0,0.1,0.3,2.9,1,0,-0.4
16,Anthony Davis,NOP,25,41,27,14,4.6,3.4,1.2,2.3,51.6,0,0.2,0,1.1,1.3,84.6,0.3,1.1,1.4,0.2,0.2,0.2,0.3,0.2,6.7,29,0,2.1
16,Eric Bledsoe,MIL,28,41,22,19,3.9,2.8,0.9,1.9,46.2,0.2,0.8,31.3,0.8,1,77.5,0.1,0.4,0.6,0.4,0.5,0.2,0.1,0.5,4.7,2,0,0.4
16,Bojan Bogdanovic,IND,29,41,25,16,2.9,1.1,0.3,0.6,50,0.1,0.3,38.5,0.4,0.4,93.8,0,0.5,0.5,0,0.1,0.1,0,0.3,1.9,0,0,1.5
16,Giannis Antetokounmpo,MIL,23,41,23,18,3.6,2.8,1,1.7,58.6,0,0.2,11.1,0.7,1,73.2,0.2,0.9,1.2,0.4,0.2,0.2,0.2,0.5,5.8,27,0,0.7
16,Spencer Dinwiddie,BKN,25,41,17,24,3.9,2.5,0.8,2.3,34,0.2,1,17.1,0.8,1,74.4,0.2,0.4,0.7,0.6,0.2,0.1,0.1,0.5,4.6,7,0,-0.6
16,Will Barton,DEN,27,41,21,20,4,2.1,0.6,1.5,37.7,0.2,0.6,28,0.8,0.9,94.3,0.1,0.4,0.5,0.3,0.3,0.1,0.1,0.2,3.4,2,0,0.6
16,Tobias Harris,LAC,25,41,18,23,3.1,1.1,0.4,1.1,40,0.1,0.4,27.8,0.1,0.1,100,0.1,0.5,0.6,0.2,0.1,0.1,0,0.2,2.3,1,0,-1
16,Steven Adams,OKC,24,41,19,22,4,1,0.4,0.5,72.7,0,0,0,0.2,0.4,50,0.8,0.3,1,0,0.1,0.1,0.1,0.7,2.7,16,0,0
29,Taj Gibson,MIN,33,40,22,18,3.7,1,0.3,0.5,66.7,0,0,0,0.4,0.5,70,0.3,0.6,0.9,0.1,0,0.1,0.1,0.4,2.7,9,0,-0.5
29,Rondae Hollis-Jefferson,BKN,23,40,15,25,3,1.2,0.5,0.9,55.6,0,0,0,0.2,0.2,88.9,0.3,0.5,0.8,0.1,0.2,0.1,0.1,0.4,2.8,9,0,-1.1
29,Kyle Lowry,TOR,32,40,24,16,3.4,1.8,0.5,1.2,38.8,0.2,0.7,34.6,0.6,0.8,80.6,0.1,0.6,0.7,0.3,0.3,0.2,0.1,0.5,3.3,10,2,0.5
29,Lou Williams,LAC,31,40,20,20,2.9,2.2,0.7,1.7,40.6,0.2,0.7,25.9,0.6,0.7,86.2,0.1,0.3,0.3,0.3,0.2,0.1,0,0.4,3,4,0,-0.3
33,Damian Lillard,POR,27,39,21,18,3.9,3.3,1,2.3,44.3,0.3,0.8,36.4,0.9,1.1,90.2,0.1,0.5,0.6,0.4,0.3,0.2,0,0.3,4.8,6,0,0.1
33,Yogi Ferrell,DAL,25,39,9,30,3,0.6,0.2,0.7,26.9,0.1,0.4,20,0.2,0.3,58.3,0.1,0.3,0.5,0.1,0.1,0.1,0,0.4,1.3,3,0,-2.4
33,Robert Covington,PHI,27,39,23,16,3.3,1.5,0.5,0.9,48.6,0.3,0.6,44,0.3,0.3,84.6,0.1,0.6,0.7,0.1,0.2,0.1,0.1,0.3,2.7,4,0,1.1
33,Wayne Ellington,MIA,30,39,22,17,2.9,1.3,0.4,0.9,48.6,0.3,0.7,48.1,0.1,0.1,100,0.1,0.3,0.3,0.1,0.1,0,0,0.1,1.9,0,0,1
33,Thaddeus Young,IND,30,39,25,14,3.5,0.6,0.2,0.7,23.1,0,0.1,0,0.3,0.4,71.4,0.3,0.5,0.8,0.1,0.1,0.2,0.1,0.4,2.3,6,0,2
33,Kelly Oubre Jr.,WAS,22,39,20,19,2.9,1.2,0.4,0.8,50,0.2,0.4,47.1,0.2,0.3,80,0.2,0.5,0.7,0,0,0,0,0.5,2.1,0,0,-0.2
33,Nikola Jokic,DEN,23,39,20,19,3.7,1.6,0.5,1.3,37.3,0.1,0.4,28.6,0.6,0.6,88,0.3,0.8,1.1,0.5,0.4,0.1,0,0.6,3.6,23,5,0.5
40,Kemba Walker,CHA,28,38,16,22,3.8,3.4,1.1,3,37.7,0.4,1.3,30.6,0.8,1,81.1,0.2,0.5,0.6,0.5,0.4,0.2,0.1,0.3,5.2,2,0,0.4
40,Taurean Prince,ATL,24,38,14,24,2.9,1.1,0.3,1,30.8,0.1,0.4,23.5,0.3,0.3,100,0.1,0.4,0.5,0.1,0.2,0.1,0.1,0.2,2.1,1,0,-1.3
40,James Johnson,MIA,31,38,20,18,3.8,2,0.7,1.2,53.2,0.2,0.4,43.8,0.5,0.6,75,0.1,0.6,0.6,0.3,0.3,0.1,0,0.5,3.1,6,0,-0.1
43,Jaylen Brown,BOS,21,37,24,13,3,0.9,0.4,0.7,50,0.2,0.4,42.9,0.1,0.1,50,0.1,0.2,0.3,0.1,0.1,0.1,0,0.3,1.5,2,0,0.3
43,Otto Porter Jr.,WAS,25,37,18,19,4,1.4,0.4,1,41.7,0.1,0.4,30.8,0.5,0.5,85,0.2,0.8,1,0.2,0.1,0.2,0,0.2,3.6,9,0,0.5
43,Al Horford,BOS,32,37,24,13,3.7,1.3,0.5,0.9,54.3,0.2,0.5,50,0.1,0.2,28.6,0.2,0.5,0.7,0.4,0.2,0.1,0.1,0.4,3.1,11,0,0.3
43,JJ Redick,PHI,34,37,22,15,3.3,1.8,0.5,1.1,42.9,0.2,0.7,29.6,0.6,0.7,84,0,0.2,0.3,0.5,0.2,0,0,0.2,2.7,0,0,1.8
43,Jamal Murray,DEN,21,37,19,18,4.1,2.3,0.7,1.5,45.6,0.2,0.6,36.4,0.7,0.7,96.3,0.1,0.4,0.5,0.4,0.2,0.1,0,0.4,3.4,1,0,0.6
43,Dwight Howard,CHA,32,37,16,21,3.7,1.6,0.5,0.8,56.7,0,0,0,0.6,1.3,50,0.2,1.1,1.4,0,0.1,0.1,0.3,0.4,4.2,25,0,0.4
43,Andre Drummond,DET,24,37,18,19,3.5,1.5,0.7,1.2,55.6,0,0,0,0.1,0.4,35.7,0.6,0.9,1.5,0.1,0.3,0.1,0.3,0.4,4.4,32,0,-0.4
50,Dario Saric,PHI,24,36,21,15,3.1,1.7,0.5,0.9,52.9,0.3,0.6,55,0.4,0.5,88.2,0.2,0.6,0.8,0.2,0.1,0,0,0.2,3,8,0,1.8
50,Kyle Kuzma,LAL,22,36,17,19,4.2,1.9,0.7,1.8,41.3,0.3,0.9,37.5,0.1,0.2,71.4,0.1,0.4,0.5,0.1,0.1,0,0,0.3,2.7,11,0,-0.5
50,Wesley Matthews,DAL,31,36,8,28,3.7,0.9,0.3,1.2,25,0.2,0.9,23.5,0.1,0.1,100,0,0.1,0.1,0.1,0.1,0.1,0,0.3,1.4,0,0,-2.7
53,Tyler Johnson,MIA,26,35,18,17,2,0.5,0.1,0.3,50,0.1,0.2,50,0.1,0.1,100,0,0.3,0.3,0.1,0.1,0,0,0.3,0.9,0,0,0.5
53,Willie Cauley-Stein,SAC,24,35,18,17,3.1,1.3,0.6,1,61.8,0,0,0,0.1,0.3,50,0.2,0.5,0.7,0.1,0.1,0.1,0.1,0.3,3,6,0,-0.5
53,DeAndre Jordan,LAC,29,35,17,18,2.9,0.9,0.2,0.5,38.9,0,0,0,0.5,0.6,86.4,0.4,0.7,1.1,0.2,0.1,0,0.1,0.3,2.9,21,0,-1
53,Dennis Smith Jr.,DAL,20,35,11,24,3.1,1.9,0.6,1.6,36.8,0.2,0.6,28.6,0.5,0.7,73.9,0,0.4,0.4,0.4,0.4,0.1,0,0.3,3,3,1,-1.1
53,Julius Randle,LAL,23,35,14,21,4,2.2,0.7,1.3,54.5,0,0.1,50,0.8,1.2,64.3,0.2,0.8,1,0.3,0.3,0.1,0.2,0.9,4.3,14,0,-0.8
53,Patty Mills,SAS,29,35,19,16,3.5,1.6,0.4,1.2,34.1,0.2,0.8,27.6,0.6,0.6,90.9,0.1,0.1,0.2,0.4,0.1,0.1,0,0.2,2.5,0,0,0.6
53,JR Smith,CLE,32,35,24,11,3.1,0.5,0.1,0.5,15.8,0.1,0.5,12.5,0.2,0.3,80,0,0.4,0.4,0.1,0,0,0,0.3,1.1,0,0,1.1
53,Jeff Teague,MIN,30,35,21,14,4.2,1.3,0.4,1.1,34.2,0.1,0.4,23.1,0.5,0.6,85,0.1,0.2,0.3,0.8,0.1,0.1,0.1,0.5,3.1,9,0,0.7
61,Kyle Korver,CLE,37,34,22,12,2.5,1,0.2,0.6,42.1,0.2,0.5,43.8,0.3,0.4,83.3,0.1,0.2,0.2,0.1,0,0,0.1,0.3,1.6,0,0,1.9
61,Kelly Olynyk,MIA,27,34,20,14,3.3,1.6,0.5,1,50,0.1,0.3,27.3,0.5,0.6,76.2,0.1,0.4,0.6,0.4,0.2,0.1,0,0.2,3.1,3,0,1.6
61,Gary Harris,DEN,23,34,17,17,3.4,1.5,0.5,1.1,43.6,0.2,0.6,35,0.3,0.4,73.3,0,0.3,0.3,0.2,0.1,0.2,0,0.3,2.6,0,0,0.1
61,Terry Rozier,BOS,24,34,20,14,3,1.1,0.4,0.9,41.4,0.2,0.5,50,0.2,0.2,85.7,0.1,0.4,0.4,0.4,0.1,0.1,0,0.4,2.4,0,0,-0.1
61,Kyrie Irving,BOS,26,34,21,13,3.5,4.2,1.4,3,47.5,0.3,1,26.5,1.1,1.3,82.2,0.1,0.3,0.4,0.6,0.3,0.1,0.1,0.2,5.7,1,0,0.6
61,Marc Gasol,MEM,33,34,10,24,3.7,1.5,0.4,1.5,25.5,0.1,0.6,9.5,0.7,0.9,80,0.1,0.6,0.8,0.3,0.3,0.1,0.1,0.2,3.2,16,0,-0.9
61,John Henson,MIL,27,34,18,16,3.4,0.5,0.2,0.6,38.1,0,0,0,0.1,0.1,50,0.3,0.5,0.8,0.1,0.1,0,0.1,0.3,2,4,0,0.2
61,Joel Embiid,PHI,24,34,20,14,3.3,2.4,0.7,1.6,47.2,0.1,0.3,33.3,0.9,1.2,73.2,0.4,0.9,1.3,0.6,0.3,0,0.3,0.4,5.6,23,0,1.9
61,Cory Joseph,IND,26,34,22,12,2.4,0.6,0.1,0.4,38.5,0,0.1,0,0.3,0.3,81.8,0.1,0.4,0.5,0.1,0.1,0.1,0.1,0.2,1.7,1,0,0.5
61,Caris LeVert,BKN,23,34,13,21,2.7,1.1,0.4,1.1,36.1,0.1,0.4,16.7,0.2,0.3,72.7,0.1,0.4,0.6,0.2,0.3,0.1,0.1,0.4,2.2,2,0,-1.1
61,Jusuf Nurkic,POR,23,34,20,14,3.9,1.6,0.5,1.1,43.6,0,0,0,0.6,1,57.6,0.3,1,1.3,0.1,0.4,0.1,0.2,0.5,4,15,0,0.2
61,Marcin Gortat,WAS,34,34,15,19,3.3,0.8,0.3,0.7,36,0,0,0,0.2,0.4,61.5,0.4,0.5,0.9,0.1,0,0.1,0.1,0.5,2.5,7,0,-0.9
73,Marvin Williams,CHA,32,33,13,20,3.5,0.6,0.2,0.8,28,0,0.4,7.7,0.2,0.2,100,0.2,0.4,0.5,0.2,0.1,0.1,0,0.4,1.8,3,0,-0.1
73,PJ Tucker,HOU,33,33,23,10,2.3,0.8,0.3,0.6,42.9,0.1,0.3,27.3,0.1,0.2,66.7,0.3,0.2,0.6,0,0,0.1,0.1,0.2,1.8,3,0,1.1
73,TJ Warren,PHX,24,33,14,19,2.9,1.7,0.5,1.1,42.9,0.1,0.2,40,0.7,1,75,0.3,0.4,0.7,0.1,0.1,0.1,0.1,0.2,3.3,4,0,-0.9
76,Myles Turner,IND,22,32,20,12,3.2,1.1,0.3,0.9,26.7,0,0.1,0,0.6,0.8,79.2,0.4,0.4,0.8,0.1,0.1,0,0.2,0.3,2.7,9,0,2
76,Darius Miller,NOP,28,32,18,14,3.3,0.8,0.3,0.7,38.1,0.2,0.6,33.3,0.1,0.2,80,0.1,0.3,0.4,0.2,0,0,0,0.3,1.6,0,0,0
76,Justin Holiday,CHI,29,32,15,17,4.5,1.3,0.3,0.8,42.3,0.1,0.5,25,0.4,0.5,87.5,0.1,0.6,0.7,0.2,0.2,0,0.1,0.7,2.4,1,0,-0.7
76,James Harden,HOU,28,32,23,9,2.9,3.2,0.9,2.3,41.1,0.3,0.9,33.3,1,1.4,71.7,0.1,0.3,0.5,0.4,0.2,0.2,0.1,0.3,5,13,2,1.6
76,Buddy Hield,SAC,24,32,15,17,2.9,1.9,0.6,1.3,47.5,0.3,0.6,45,0.4,0.5,93.3,0.2,0.3,0.4,0.1,0.2,0.1,0,0.5,2.7,0,0,0.6
76,Dirk Nowitzki,DAL,40,32,6,26,1.3,0.3,0.1,0.3,33.3,0,0.1,0,0.1,0.1,66.7,0,0.2,0.3,0.1,0.1,0.1,0.2,0.2,1.2,3,0,-1.3
76,Bogdan Bogdanovic,SAC,25,32,16,16,3.2,1.5,0.4,1.2,31.6,0.2,0.6,36.8,0.5,0.6,84.2,0,0.4,0.4,0.2,0.1,0.1,0,0.4,2.4,0,0,-0.4
76,Evan Turner,POR,29,32,16,16,3,0.6,0.1,0.6,22.2,0.1,0.2,28.6,0.3,0.3,72.7,0.1,0.4,0.4,0,0.2,0.1,0,0.6,1.2,0,0,-0.8
76,Wilson Chandler,DEN,31,32,14,18,3.2,0.3,0.1,0.4,23.1,0,0.2,0,0.2,0.2,83.3,0.1,0.6,0.7,0.1,0.2,0.1,0,0.6,1.5,2,0,-2
76,LaMarcus Aldridge,SAS,32,32,20,12,3.7,2.6,0.8,1.7,49.1,0,0,0,0.9,1.3,68.3,0.4,0.8,1.2,0.1,0.2,0.1,0.2,0.3,4.6,15,0,1.3
86,Jimmy Butler,MIN,28,31,16,15,4.6,4.3,1.2,3.1,38.5,0.2,0.7,27.3,1.7,2,85.2,0.4,0.5,0.9,0.3,0.4,0.2,0,0.5,6.1,2,0,-0.2
86,Lauri Markkanen,CHI,21,31,15,16,4.6,2.3,0.7,2,37.7,0.4,1.1,31.4,0.5,0.5,93.8,0.1,0.9,1.1,0.1,0.1,0.1,0.1,0.3,4.4,9,0,0.1
86,De'Aaron Fox,SAC,20,31,16,15,3.3,1.8,0.7,1.7,44.2,0,0.2,0,0.3,0.5,60,0,0.3,0.4,0.4,0.2,0.1,0.1,0.2,3,2,0,-0.3
86,Serge Ibaka,TOR,28,31,17,14,3.7,0.6,0.3,0.9,28.6,0,0.3,10,0,0.1,50,0.2,0.6,0.8,0.1,0.1,0.1,0.1,0.4,2.4,5,0,0.9
86,Jonathon Simmons,ORL,28,31,10,21,2.9,0.8,0.3,0.7,42.9,0.1,0.2,50,0.2,0.2,83.3,0.2,0.2,0.4,0.2,0.3,0.1,0.1,0.1,1.8,0,0,-1.4
86,Evan Fournier,ORL,25,31,11,20,3.1,2.2,0.7,1.7,38.9,0.3,1,28.1,0.5,0.6,88.9,0,0.2,0.2,0.2,0.2,0.1,0,0.3,3,0,0,-1
86,Al-Farouq Aminu,POR,27,31,17,14,3.8,0.7,0.2,0.7,30.4,0.2,0.5,31.3,0.1,0.2,50,0.1,0.5,0.7,0.2,0.1,0.1,0.1,0.3,2.4,5,0,0.3
86,Dwight Powell,DAL,26,31,5,26,2.1,0.5,0.2,0.2,83.3,0.1,0.1,66.7,0.1,0.2,40,0.1,0.3,0.4,0.1,0.1,0.1,0.1,0.5,1.4,1,0,-2.1
86,Dennis Schroder,ATL,24,31,13,18,3.5,3.2,1,2.5,40.3,0.1,0.4,25,1.1,1.3,84.6,0.1,0.4,0.5,0.6,0.2,0.2,0,0.4,5,4,0,-0.6
86,Kentavious Caldwell-Pope,LAL,25,31,14,17,4.2,1.7,0.6,1.5,39.1,0.3,0.8,36,0.3,0.5,60,0.1,0.6,0.7,0,0.1,0.1,0.1,0.4,3,2,0,-0.9
86,Michael Kidd-Gilchrist,CHA,24,31,12,19,2.9,0.8,0.3,0.6,55.6,0,0,0,0.1,0.2,57.1,0.1,0.5,0.6,0,0.1,0.1,0,0.4,1.8,0,0,-0.4
97,Garrett Temple,SAC,32,30,17,13,2.7,0.9,0.3,0.7,40.9,0.1,0.4,33.3,0.2,0.3,66.7,0.1,0.4,0.5,0.3,0.1,0,0,0.4,1.9,0,0,0.1
97,Marcus Smart,BOS,24,30,19,11,3.2,1,0.3,0.7,38.1,0,0.3,12.5,0.4,0.5,80,0.1,0.5,0.6,0.6,0.1,0.1,0,0.3,2.8,0,0,0.2
97,Jeremy Lamb,CHA,26,30,11,19,2.5,1.1,0.2,1.1,21.9,0,0.3,12.5,0.6,0.7,90,0.1,0.5,0.6,0.2,0,0,0.1,0.2,2.3,0,0,0.6
97,Austin Rivers,LAC,25,30,13,17,2.9,1.3,0.4,1.1,40.6,0.3,0.7,40,0.2,0.3,60,0,0,0.1,0.3,0.1,0.1,0.1,0.3,2.2,0,0,-2
97,Dwyane Wade,MIA,36,30,18,12,3.5,1.8,0.7,1.4,46.5,0,0.2,0,0.4,0.5,81.3,0.3,0.4,0.7,0.3,0.2,0.2,0.2,0.4,4,3,0,1.8
97,Pascal Siakam,TOR,24,30,18,12,2,0.5,0.2,0.2,85.7,0,0.1,50,0,0.1,50,0.1,0.2,0.3,0.1,0,0,0.1,0.3,1.2,0,0,-1.3
97,Kent Bazemore,ATL,28,30,12,18,3.1,1.9,0.6,1.6,38.3,0.2,0.5,50,0.5,0.8,65.2,0.1,0.3,0.4,0.3,0.2,0.2,0.1,0.5,3.4,0,0,-0.6
97,Dillon Brooks,MEM,22,30,9,21,3.6,0.9,0.2,0.7,31.8,0.1,0.4,36.4,0.3,0.3,100,0,0.3,0.3,0.1,0.1,0.2,0,0.5,2,0,0,-1.1
97,Jeff Green,CLE,31,30,20,10,2.5,0.7,0.2,0.5,46.7,0,0.2,20,0.2,0.2,83.3,0.2,0.3,0.5,0.1,0,0.1,0.1,0.3,1.8,0,0,0.1
106,Darren Collison,IND,30,29,17,12,2.9,1.7,0.6,1.2,50,0.2,0.4,46.2,0.3,0.4,72.7,0,0.2,0.2,0.3,0.1,0.1,0,0.1,2.9,3,0,0.9
106,Dewayne Dedmon,ATL,28,29,12,17,2.3,1.2,0.4,0.8,50,0.1,0.3,33.3,0.4,0.4,91.7,0.3,0.6,0.9,0.3,0.1,0,0,0.3,2.8,9,0,-0.7
106,Trevor Ariza,HOU,32,29,19,10,3.2,1,0.3,0.6,52.9,0.3,0.5,53.3,0.1,0.2,80,0,0.3,0.3,0.2,0,0.1,0,0.3,2.1,1,0,1.4
106,Joe Ingles,UTA,30,29,16,13,3.6,1,0.3,0.9,30.8,0.2,0.7,33.3,0.2,0.3,70,0.1,0.6,0.7,0.4,0.2,0.1,0,0.3,2.6,1,0,0.9
106,Courtney Lee,NYK,32,29,11,18,3.9,0.9,0.2,0.8,29.2,0,0.2,20,0.4,0.4,92.3,0.1,0.5,0.6,0.2,0,0,0,0.4,2.1,0,0,-0.8
111,Joe Harris,BKN,26,28,9,19,1.9,0.7,0.3,0.6,41.2,0.1,0.3,22.2,0.1,0.2,60,0.1,0.2,0.4,0.1,0.1,0,0,0.3,1.3,2,0,-0.3
111,Jamal Crawford,MIN,38,28,15,13,1.5,0.9,0.3,0.6,56.3,0.1,0.3,44.4,0.1,0.1,100,0,0.1,0.1,0,0.1,0,0,0.2,1,0,0,0.7
111,Denzel Valentine,CHI,24,28,11,17,3.2,1,0.4,1,37.9,0.1,0.5,26.7,0.1,0.1,100,0.1,0.6,0.7,0.2,0.2,0,0,0.5,2.1,2,0,-1.5
111,Kyle Anderson,SAS,24,28,14,14,2.6,0.9,0.3,0.4,58.3,0,0,0,0.4,0.5,66.7,0.1,0.4,0.5,0.2,0.2,0,0,0.2,1.8,3,0,-0.7
111,Stanley Johnson,DET,22,28,17,11,2.5,0.8,0.1,0.5,30.8,0,0.3,11.1,0.4,0.4,100,0.1,0.3,0.4,0.1,0.1,0.1,0.1,0.3,1.9,2,0,0.3
111,Kevin Love,CLE,29,28,20,8,2.9,1.6,0.4,1.1,38.7,0.3,0.6,38.9,0.5,0.6,83.3,0.3,0.7,1,0.2,0.1,0,0.1,0.4,3.3,19,0,2.6
111,DeMarcus Cousins,NOP,27,28,16,12,4.6,3.4,1.1,2.4,44.1,0.3,0.8,31.8,1,1.3,75,0.4,1.1,1.5,0.7,0.5,0.1,0.3,0.4,6.7,24,2,0.6
111,Anthony Tolliver,DET,33,28,14,14,1.7,0.6,0.2,0.5,33.3,0.1,0.4,25,0.2,0.2,100,0,0.1,0.1,0,0.1,0,0,0.4,0.9,0,0,0.1
111,Frank Kaminsky,CHA,25,28,10,18,1.5,0.5,0.1,0.3,33.3,0.1,0.3,37.5,0.1,0.2,80,0,0.1,0.2,0.1,0,0,0,0.1,0.8,0,0,-0.1
111,Markieff Morris,WAS,28,28,12,16,3.8,1.8,0.6,1.1,56.7,0.1,0.3,42.9,0.5,0.7,73.7,0.1,0.6,0.7,0.4,0.1,0.2,0.1,0.5,3.9,3,0,0
111,Justise Winslow,MIA,22,28,14,14,2.5,0.5,0.2,0.6,27.8,0,0.1,33.3,0.1,0.2,50,0.1,0.8,0.9,0.3,0.2,0.1,0.1,0.5,2.5,0,0,-0.2
122,Lonzo Ball,LAL,20,27,12,15,4.3,1.4,0.5,1.5,35,0.2,0.9,26.1,0.1,0.3,42.9,0.2,0.7,0.9,0.9,0.2,0,0.1,0.3,3.8,6,0,-0.9
122,Aaron Gordon,ORL,22,27,9,18,2.9,1.3,0.4,1,39.3,0.1,0.6,25,0.4,0.5,71.4,0.2,0.7,0.9,0.1,0.1,0,0,0.3,2.8,12,0,-0.4
122,Brandon Ingram,LAL,20,27,13,14,4.2,1.8,0.5,1.3,36.1,0.1,0.2,40,0.8,1.1,70,0.1,0.5,0.6,0.4,0.2,0.1,0.1,0.4,3.5,4,0,-0.9
122,CJ Miles,TOR,31,27,13,14,1.1,0.6,0.2,0.4,54.5,0.1,0.3,42.9,0.1,0.2,40,0,0.1,0.1,0.1,0.1,0,0,0.1,0.8,0,0,1.3
122,D.J. Augustin,ORL,30,27,9,18,1.7,0.9,0.2,0.4,50,0.1,0.3,50,0.3,0.3,88.9,0,0.2,0.3,0.2,0.1,0,0,0.3,1.5,1,0,0.5
122,Jonas Valanciunas,TOR,26,27,16,11,2.5,1,0.3,0.6,46.7,0,0,0,0.4,0.6,80,0.2,0.6,0.7,0.1,0.1,0.1,0.1,0.1,2.4,16,0,1.4
122,Donovan Mitchell,UTA,21,27,15,12,3.8,3.5,1.3,3.1,40,0.3,1.2,27.3,0.6,0.8,81,0.1,0.3,0.4,0.4,0.5,0.2,0.1,0.5,4.9,0,0,0.8
122,Nikola Mirotic,NOP,27,27,19,8,3.3,1.7,0.5,1.2,43.8,0.3,0.6,41.2,0.4,0.6,70.6,0.1,0.6,0.7,0.1,0.1,0,0.3,0.4,3.5,3,0,1.6
122,Klay Thompson,GSW,28,27,18,9,3.5,1.4,0.4,1.1,35.5,0.2,0.8,22.7,0.4,0.5,92.3,0,0.6,0.6,0.1,0.1,0.1,0.1,0.3,2.8,2,0,1
122,Kris Dunn,CHI,24,27,15,12,4,2.8,1,2.1,48.3,0.1,0.3,33.3,0.6,0.7,85,0.1,0.5,0.6,0.8,0.4,0.2,0.1,0.4,5.3,4,0,0.9
122,Nicolas Batum,CHA,29,27,9,18,3.7,1.2,0.4,1.1,32.3,0.2,0.7,26.3,0.3,0.3,100,0.1,0.4,0.5,0.5,0.2,0.3,0,0.3,3.1,2,0,-1.3
133,Clint Capela,HOU,24,26,20,6,2.5,0.8,0.3,0.5,61.5,0,0,0,0.2,0.5,33.3,0.3,0.5,0.8,0,0,0.1,0,0.3,2.1,12,0,1.2
133,Tony Snell,MIL,26,26,16,10,3.2,0.3,0.1,0.5,15.4,0.1,0.3,28.6,0.1,0.1,100,0,0.3,0.3,0.2,0,0,0.1,0.2,1.4,0,0,1.1
133,Fred VanVleet,TOR,24,26,17,9,3.7,1.2,0.3,0.9,33.3,0.2,0.7,35.3,0.3,0.4,80,0,0.3,0.3,0.2,0.2,0,0,0.3,1.9,0,0,1.3
133,Jerami Grant,OKC,24,26,12,14,1.8,0.4,0.2,0.4,36.4,0.1,0.2,40,0,0.1,50,0.1,0.3,0.3,0,0,0,0.1,0.2,1.2,0,0,-1.6
133,Danny Green,SAS,31,26,14,12,2.8,0.9,0.3,1.1,28.6,0.2,0.8,23.8,0.1,0.1,100,0,0.3,0.3,0.1,0.2,0.1,0.2,0.3,2.3,0,0,-0.1
133,Bam Adebayo,MIA,20,26,13,13,2.1,0.5,0.2,0.3,57.1,0,0,0,0.2,0.3,57.1,0.2,0.5,0.7,0.2,0,0,0.1,0.3,1.9,6,0,-1.2
133,Quincy Acy,BKN,27,26,12,14,2.4,0.3,0.1,0.4,18.2,0.1,0.4,18.2,0.1,0.1,100,0.2,0.1,0.3,0,0.2,0,0,0.4,0.7,0,0,0.2
133,Tyreke Evans,MEM,28,26,10,16,3.5,2,0.7,2.3,28.8,0.2,0.8,30,0.5,0.6,86.7,0.2,0.5,0.6,0.2,0.2,0.3,0,0.2,3.9,5,0,-0.2
133,Malcolm Brogdon,MIL,25,26,15,11,3.2,0.8,0.3,0.8,35,0.1,0.2,33.3,0.2,0.2,100,0,0,0.1,0.2,0,0.1,0,0.4,1.6,0,0,0
142,Devin Booker,PHX,21,25,12,13,2.8,2.4,0.8,2.2,35.7,0.3,0.8,36.8,0.5,0.6,80,0.2,0.3,0.4,0.2,0.2,0.1,0,0.6,3.6,2,0,-0.2
142,Ish Smith,DET,29,25,9,16,3.1,0.9,0.3,1.1,28.6,0.1,0.2,50,0.2,0.2,100,0.1,0.4,0.5,0.3,0.1,0,0,0.4,2,0,0,-1
142,Kevin Durant,GSW,29,25,17,8,3.8,3.6,1.1,1.9,56.3,0.4,0.7,55.6,1,1.3,81.3,0.1,0.7,0.8,0.5,0.4,0,0.3,0.3,5.8,8,0,1.4
142,J.J. Barea,DAL,34,25,5,20,2.4,1,0.4,0.9,39.1,0.1,0.5,15.4,0.2,0.2,100,0,0.2,0.2,0.1,0.1,0,0,0.3,1.6,5,0,-1.9
142,Doug McDermott,DAL,26,25,7,18,2.2,0.6,0.2,0.4,45.5,0.1,0.2,50,0.1,0.1,100,0,0.1,0.1,0.1,0.1,0,0,0.2,1,0,0,0.4
142,Troy Daniels,PHX,26,25,9,16,1.5,0.6,0.2,0.5,33.3,0.1,0.4,22.2,0.2,0.2,80,0,0.1,0.2,0,0,0,0,0.2,0.8,0,0,-0.8
142,Elfrid Payton,PHX,24,25,5,20,3.3,1.2,0.4,0.9,47.8,0,0.2,25,0.3,0.4,72.7,0.1,0.3,0.4,0.5,0.2,0.1,0.1,0.4,2.8,6,2,-3.8
149,Eric Gordon,HOU,29,24,15,9,3.2,0.7,0.2,0.7,23.5,0.1,0.5,27.3,0.3,0.3,85.7,0,0.2,0.2,0.1,0.3,0.1,0.1,0.3,1.3,0,0,0.9
149,David Nwaba,CHI,25,24,17,7,2.8,0.8,0.3,0.4,80,0,0,0,0.2,0.3,50,0,0.6,0.7,0.1,0,0,0.1,0.6,2.3,3,0,1.2
149,Alex Abrines,OKC,24,24,10,14,0.9,0.7,0.2,0.5,41.7,0.2,0.4,44.4,0.1,0.2,50,0,0,0,0,0,0,0,0.3,0.7,0,0,0.2
149,Ian Clark,NOP,27,24,14,10,2.8,0.3,0.1,0.2,40,0,0.1,0,0.2,0.2,100,0,0.3,0.3,0.2,0,0,0,0.2,1.1,0,0,0.5
149,Nikola Vucevic,ORL,27,24,9,15,2.5,1,0.3,0.7,47.1,0,0.2,25,0.3,0.3,100,0.1,0.8,1,0.3,0.3,0,0.1,0.6,2.7,16,1,-0.2
149,Dejounte Murray,SAS,21,24,11,13,2,0.9,0.3,0.5,46.2,0,0.1,50,0.3,0.4,80,0.1,0.5,0.5,0.1,0.3,0.2,0,0.4,2.1,4,0,-0.9
149,Manu Ginobili,SAS,40,24,16,8,2.9,1.8,0.5,1,54.2,0.2,0.5,36.4,0.6,0.6,93.3,0.1,0.2,0.3,0.3,0.2,0,0,0.4,2.5,0,0,1
149,Avery Bradley,LAC,27,24,9,15,3.5,1.4,0.5,1.2,41.4,0.3,0.6,40,0.1,0.2,75,0.1,0.2,0.3,0.2,0.3,0.1,0,0.4,2.3,0,0,-1.5
149,Marco Belinelli,PHI,32,24,9,15,2.4,1.3,0.4,0.9,47.6,0.3,0.5,46.2,0.3,0.3,100,0,0.1,0.1,0.1,0.1,0.1,0,0.1,1.7,0,0,0.2
149,Draymond Green,GSW,28,24,15,9,3.5,1.1,0.3,1,32,0.1,0.5,15.4,0.4,0.5,81.8,0.2,0.8,1,0.7,0.1,0.2,0.3,0.5,4.7,11,2,1.2
149,Blake Griffin,DET,29,24,12,12,3.9,2.6,0.8,2.1,39.2,0.4,0.7,56.3,0.5,0.7,81.3,0.1,0.7,0.8,0.5,0.3,0.2,0.1,0.5,4.9,11,2,-1.1
149,George Hill,CLE,32,24,14,10,3,1.5,0.3,0.7,43.8,0.1,0.2,40,0.8,1.2,69,0.2,0.2,0.3,0.2,0.1,0,0.1,0.5,2.3,0,0,2
161,Ersan Ilyasova,PHI,31,23,12,11,3.8,1.6,0.5,1,50,0.1,0.4,30,0.5,0.6,85.7,0.3,0.3,0.6,0.2,0.1,0.1,0.1,0.4,3.1,2,0,-0.4
161,Reggie Bullock,DET,27,23,13,10,3,0.7,0.3,0.8,31.6,0.1,0.4,20,0.1,0.2,75,0,0.3,0.3,0.3,0,0,0,0.2,1.8,0,0,-0.4
161,Lance Thomas,NYK,30,23,9,14,1.9,0.3,0,0.2,20,0,0.1,50,0.1,0.2,75,0,0.3,0.3,0,0,0,0,0.2,0.8,0,0,-0.8
161,Pat Connaughton,POR,25,23,11,12,0.7,0.3,0,0.2,20,0,0,0,0.2,0.2,100,0.1,0.2,0.3,0,0,0.1,0,0.2,0.8,0,0,-0.6
161,John Collins,ATL,20,23,10,13,2.1,0.9,0.4,0.7,60,0,0.1,0,0.1,0.2,75,0.2,0.3,0.6,0.2,0.2,0,0.2,0.3,2.3,3,0,-0.7
161,Hassan Whiteside,MIA,29,23,13,10,3.3,1.3,0.6,0.9,61.9,0,0,0,0.2,0.3,57.1,0.4,1,1.4,0.1,0.2,0,0.2,0.4,3.6,16,0,1
161,Sindarius Thornwell,LAC,23,23,9,14,1,0,0,0,0,0,0,0,0,0.1,50,0,0.1,0.1,0,0,0.1,0,0.3,0.5,0,0,-1.8
161,Lance Stephenson,IND,27,23,12,11,2.2,1.1,0.4,1,39.1,0.2,0.6,30.8,0.1,0.2,75,0.3,0.6,1,0,0.1,0,0,0.3,2.3,2,0,0.2
161,Jarrett Allen,BKN,20,23,9,14,2.8,1.1,0.2,0.6,28.6,0,0,100,0.7,0.8,88.9,0.3,0.3,0.7,0.1,0.2,0,0.2,0.4,2.4,4,0,-0.7
161,Wesley Johnson,LAC,30,23,13,10,2,0.7,0.2,0.4,55.6,0.1,0.3,50,0.2,0.2,100,0.1,0.2,0.3,0,0,0.1,0.1,0.3,1.6,0,0,-0.3
171,Dragan Bender,PHX,20,22,8,14,2.1,0.4,0.1,0.4,37.5,0.1,0.2,50,0,0,0,0,0.3,0.3,0.2,0.4,0,0,0.1,0.9,0,0,-0.6
171,Bobby Portis,CHI,23,22,13,9,2.2,1,0.4,1,39.1,0.1,0.1,66.7,0.1,0.1,66.7,0.2,0.5,0.8,0.1,0.1,0,0,0.2,1.9,6,0,0.2
171,Kristaps Porzingis,NYK,22,22,9,13,5,4.1,1.4,3.1,43.5,0.4,1,38.1,1,1.4,73.3,0.3,0.9,1.1,0.2,0.1,0,0.5,0.5,7.2,1,0,0.2
171,Josh Jackson,PHX,21,22,8,14,2.1,0.3,0.1,0.5,20,0,0.1,0,0.1,0.1,66.7,0,0.3,0.4,0,0.1,0.1,0,0.3,1,1,0,-2.6
171,JaMychal Green,MEM,28,22,7,15,3.4,0.6,0.3,0.7,37.5,0,0.2,0,0,0.3,16.7,0.4,0.7,1.1,0.3,0,0.1,0,0.7,2.7,11,0,0
171,Rajon Rondo,NOP,32,22,14,8,3.4,1.6,0.6,1,63.6,0.1,0.2,75,0.2,0.3,57.1,0,0.3,0.3,0.5,0.1,0.1,0.1,0.2,3.4,12,2,0.8
171,Jae Crowder,UTA,27,22,14,8,3.2,1,0.4,0.6,64.3,0.1,0.2,50,0.1,0.1,100,0.1,0.2,0.3,0.1,0,0,0,0.5,1.6,0,0,1.6
171,Tim Hardaway Jr.,NYK,26,22,7,15,3.5,2,0.5,1.5,35.3,0.3,0.7,37.5,0.6,1,66.7,0.1,0.4,0.5,0.1,0.1,0.1,0,0.3,3,1,0,-1
171,John Wall,WAS,27,22,12,10,3.7,2.5,0.8,2.4,34,0.2,0.7,26.7,0.7,0.8,83.3,0.1,0.3,0.4,0.9,0.2,0.2,0.1,0.4,5,11,0,-0.1
171,D'Angelo Russell,BKN,22,22,8,14,3.1,2,0.6,1.9,33.3,0.2,0.9,25,0.5,0.8,61.1,0.1,0.5,0.6,0.5,0.5,0,0,0.3,3.1,4,1,-0.8
181,Jarell Martin,MEM,24,21,7,14,3.2,0.9,0.2,0.8,31.3,0,0.2,0,0.4,0.6,61.5,0.4,0.5,0.9,0.1,0.1,0,0.1,0.5,2.6,2,0,-1.3
181,Tomas Satoransky,WAS,26,21,10,11,3.9,1.1,0.3,0.8,35.3,0,0.3,16.7,0.5,0.7,73.3,0.1,0.3,0.4,0.5,0.1,0.1,0.1,0.4,3,0,0,0
181,Rodney Hood,CLE,25,21,10,11,2.4,0.6,0.1,0.7,20,0,0.3,0,0.3,0.3,100,0,0,0,0.1,0,0,0,0.3,1,0,0,-0.3
181,Raymond Felton,OKC,34,21,9,12,1.7,0.1,0,0.1,50,0,0.1,50,0,0.1,0,0,0.2,0.2,0,0,0,0,0.2,0.6,0,0,-0.3
181,Chris Paul,HOU,33,21,17,4,2.6,3,0.8,1.3,59.3,0.2,0.4,50,1.2,1.3,96.3,0,0.4,0.5,0.6,0.1,0.1,0,0.4,4.5,5,0,3.5
181,Jordan Clarkson,CLE,26,21,12,9,2.9,1.7,0.4,1,45,0.3,0.6,46.2,0.5,0.6,91.7,0.1,0.3,0.4,0.3,0.1,0.1,0,0.2,2.9,0,0,-0.1
181,Zach Randolph,SAC,36,21,12,9,3.9,2.2,0.8,2,41.5,0.1,0.3,33.3,0.5,0.6,84.6,0.3,0.6,0.9,0.3,0,0,0.1,0.4,4.1,6,0,1.2
181,Maurice Harkless,POR,25,21,12,9,4.2,1,0.4,0.7,64.3,0.1,0.2,50,0.1,0.1,66.7,0.2,0.5,0.7,0,0,0,0.1,0.1,2.4,0,0,0.2
181,Brook Lopez,LAL,30,21,11,10,2.3,1,0.3,0.7,50,0.1,0.4,33.3,0.2,0.3,83.3,0,0.4,0.4,0.1,0.1,0,0.1,0.4,2.1,3,0,-0.1
181,Shabazz Napier,POR,26,21,11,10,2.1,0.7,0.2,0.6,41.7,0,0.1,33.3,0.1,0.1,100,0.1,0.1,0.3,0.2,0.1,0.1,0,0.1,1.6,0,0,1.5
191,Tyson Chandler,PHX,35,20,9,11,2.2,0.6,0.3,0.4,62.5,0,0,0,0.1,0.1,100,0.4,0.4,0.7,0.1,0.1,0,0.2,0.3,1.9,2,0,-0.4
191,Rudy Gobert,UTA,26,20,11,9,3.5,1.8,0.6,0.8,75,0,0,0,0.6,0.9,70.6,0.4,0.7,1.1,0.1,0.1,0.1,0.4,0.3,4.4,15,0,2
191,Michael Beasley,NYK,29,20,4,16,3.3,1.5,0.7,1.4,46.4,0,0.2,0,0.2,0.2,75,0.5,0.6,1,0.2,0.2,0.1,0.1,0.3,3.2,4,0,-2.5
191,Bryn Forbes,SAS,24,20,13,7,2.1,0.4,0.2,0.7,23.1,0.1,0.4,28.6,0,0,0,0,0.2,0.2,0.1,0,0.1,0,0.3,0.9,0,0,1.4
191,Domantas Sabonis,IND,22,20,12,8,2.4,1.2,0.5,0.9,58.8,0,0,0,0.2,0.3,60,0.4,0.2,0.5,0.2,0.1,0.1,0.1,0.5,2.3,8,0,0.2
191,Mason Plumlee,DEN,28,20,14,6,2,0.8,0.4,0.7,61.5,0,0,0,0,0,0,0.2,0.2,0.4,0.1,0.1,0.2,0.2,0.5,2.2,1,0,0.3
191,Marcus Morris,BOS,28,20,9,11,3.1,1.3,0.4,1,40,0.2,0.6,33.3,0.3,0.4,71.4,0.1,0.7,0.8,0.1,0.1,0.1,0,0.5,2.3,1,0,-0.3
191,Delon Wright,TOR,26,20,10,10,2.9,0.7,0.2,0.4,37.5,0.1,0.1,50,0.4,0.4,87.5,0.2,0.3,0.5,0.2,0.2,0.1,0.1,0.2,1.8,0,0,-0.7
191,Malcolm Delaney,ATL,29,20,6,14,2.3,0.2,0.1,0.1,50,0.1,0.1,50,0,0,0,0,0.4,0.4,0.2,0.1,0.1,0,0.2,1,0,0,-1
191,T.J. McConnell,PHI,26,20,14,6,1,0.2,0.1,0.2,33.3,0,0.1,0,0.1,0.1,100,0,0.1,0.1,0.2,0.2,0.1,0.1,0.1,1,0,0,-0.2
191,Marquese Chriss,PHX,20,20,9,11,2.1,0.8,0.3,0.5,50,0.1,0.2,66.7,0.2,0.5,44.4,0.1,0.4,0.5,0.2,0.2,0.1,0.1,0.4,1.8,2,0,0.8
191,Josh Hart,LAL,23,20,9,11,3,0.9,0.3,0.8,33.3,0.1,0.4,28.6,0.3,0.6,50,0.2,0.9,1.1,0.2,0,0.1,0.1,0.5,3,5,0,0.3
203,James Ennis III,DET,27,19,8,11,2.9,0.8,0.3,0.4,62.5,0,0,0,0.3,0.3,100,0.3,0.2,0.5,0,0.1,0.1,0.1,0.2,1.6,1,0,0.1
203,Andre Iguodala,GSW,34,19,12,7,3.4,0.6,0.3,0.6,50,0,0.2,0,0,0,0,0.2,0.4,0.5,0.3,0.1,0.1,0,0.3,1.9,0,0,0.9
203,Enes Kanter,NYK,26,19,6,13,2.4,0.6,0.3,0.8,33.3,0,0.1,0,0.1,0.1,50,0.5,0.4,0.8,0.3,0.1,0,0.1,0.3,2.2,13,0,-1.1
203,Andre Roberson,OKC,26,19,10,9,3.8,0.6,0.2,0.3,66.7,0.1,0.1,100,0.1,0.2,50,0.3,0.6,0.9,0.1,0.1,0.3,0.2,0.4,3.1,0,0,-0.6
203,Dante Cunningham,BKN,31,19,10,9,1.6,0.1,0.1,0.2,33.3,0,0,0,0,0,0,0.1,0.1,0.2,0,0,0,0.1,0.3,0.5,0,0,-1.1
203,Jarrett Jack,NYK,34,19,5,14,3.5,1.3,0.5,1.3,40,0,0.2,0,0.2,0.3,66.7,0,0.8,0.8,0.6,0.6,0.2,0,0.6,3.1,2,1,-1.3
203,Reggie Jackson,DET,28,19,12,7,3.5,3.2,1,2.3,44.2,0.1,0.3,33.3,1.1,1.3,84,0.1,0.2,0.3,0.5,0.3,0.1,0,0.3,4.3,0,0,-0.2
203,Ricky Rubio,UTA,27,19,11,8,3.6,2.1,0.4,0.8,53.3,0.2,0.4,57.1,1,1.1,95,0.2,0.6,0.8,0.6,0.3,0.1,0,0.4,3.9,4,0,1.7
203,Shelvin Mack,ORL,28,19,6,13,2.2,0.3,0.1,0.4,25,0.1,0.2,25,0.1,0.1,50,0.1,0.2,0.3,0.3,0.2,0.1,0,0.3,1.3,1,0,-0.8
212,Mario Chalmers,MEM,32,18,6,12,2.4,1.2,0.3,0.9,37.5,0.2,0.4,42.9,0.3,0.3,100,0.1,0.3,0.4,0.2,0.1,0.1,0,0.2,2.2,0,0,0.2
212,Davis Bertans,SAS,25,18,9,9,2.1,0.7,0.2,0.6,40,0.2,0.6,40,0.1,0.1,100,0,0.1,0.1,0.2,0,0.1,0.1,0.3,1.5,0,0,1.5
212,Corey Brewer,OKC,32,18,11,7,2.7,0.6,0.2,0.3,50,0.1,0.2,66.7,0.2,0.3,50,0.2,0.3,0.6,0.2,0.1,0.1,0,0.3,1.6,0,0,0.8
212,Mario Hezonja,ORL,23,18,5,13,2.6,1.3,0.4,1.1,40,0.1,0.7,16.7,0.3,0.3,83.3,0.1,0.4,0.5,0.1,0.1,0.1,0.1,0.4,2.6,2,0,0.1
212,Paul Millsap,DEN,33,18,11,7,4.8,2.6,0.8,1.2,63.6,0.1,0.2,66.7,0.9,1.3,70.8,0.4,0.7,1.1,0.2,0.2,0.1,0.1,0.7,4.7,1,0,1.3
212,Frank Ntilikina,NYK,19,18,9,9,2.6,0.9,0.2,0.8,28.6,0.2,0.4,37.5,0.3,0.4,62.5,0.1,0.3,0.3,0.3,0.2,0.1,0.1,0.4,2,0,0,0.8
212,Tyler Ulis,PHX,22,18,8,10,2.3,0.9,0.2,0.6,40,0.1,0.3,40,0.3,0.4,75,0.1,0.3,0.3,0.3,0.4,0.1,0,0.5,1.7,2,0,-0.8
212,Mike Muscala,ATL,26,18,6,12,2.5,0.7,0.2,0.3,50,0.1,0.3,40,0.2,0.3,80,0.2,0.3,0.4,0.1,0.1,0.1,0.1,0.4,1.6,1,0,-1.1
212,Trey Lyles,DEN,22,18,8,10,2.7,0.7,0.3,0.6,45.5,0,0.2,0,0.1,0.1,100,0.2,0.6,0.7,0.2,0.1,0.1,0.1,0.3,2.1,4,0,0.2
221,Torrey Craig,DEN,27,17,10,7,1,0.3,0.1,0.2,66.7,0.1,0.1,100,0,0,0,0.1,0.2,0.2,0.1,0,0,0.1,0.2,0.8,0,0,-1.1
221,Andrew Harrison,MEM,23,17,6,11,2.6,0.5,0.1,0.7,8.3,0,0.3,0,0.4,0.5,87.5,0.1,0.2,0.2,0,0.1,0.1,0.2,0.4,1.6,0,0,-1.8
221,Larry Nance Jr.,CLE,25,17,9,8,2.1,0.8,0.3,0.4,83.3,0,0,0,0.2,0.4,66.7,0.4,0.5,0.8,0.1,0.2,0,0.1,0.5,2.1,3,0,-0.1
221,Derrick Favors,UTA,26,17,9,8,2.4,1.1,0.4,0.5,66.7,0,0.1,0,0.4,0.6,70,0.2,0.4,0.6,0.2,0.2,0.1,0.4,0.2,3.4,4,0,0.1
221,Devin Harris,DEN,35,17,6,11,1.7,0.6,0.2,0.4,50,0.1,0.2,50,0.2,0.2,100,0,0.3,0.3,0.1,0.2,0.1,0,0.4,1.4,0,0,-0.9
221,Jerian Grant,CHI,25,17,6,11,3.6,1.2,0.2,0.5,44.4,0.1,0.2,25,0.7,0.8,85.7,0.1,0.4,0.5,0.8,0.4,0.2,0.1,0.5,3.4,2,0,-0.9
221,Nick Young,GSW,33,17,10,7,1.7,0.8,0.3,0.6,45.5,0.1,0.4,28.6,0.1,0.1,100,0,0.2,0.2,0,0.1,0.1,0,0.4,1.1,0,0,0.3
221,Robin Lopez,CHI,30,17,8,9,5.3,1.2,0.6,1.8,33.3,0,0,0,0.1,0.1,50,0.4,0.6,0.9,0.4,0.5,0.1,0.3,0.6,3.5,1,0,-0.5
221,Ed Davis,POR,29,17,9,8,2,0.3,0.1,0.1,100,0,0,0,0.2,0.2,75,0.1,0.4,0.5,0.1,0.1,0,0.1,0.2,1.2,3,0,0.5
221,Salah Mejri,DAL,32,17,7,10,1.8,0.4,0.1,0.1,100,0,0,0,0.3,0.4,83.3,0.2,0.2,0.4,0.1,0.1,0,0.2,0.2,1.5,0,0,0.2
221,Semi Ojeleye,BOS,23,17,12,5,1.5,0.2,0.1,0.2,33.3,0,0,0,0.1,0.1,100,0.1,0.2,0.3,0.1,0,0,0.1,0.2,0.9,0,0,-0.9
232,Isaiah Taylor,ATL,23,16,6,10,1.5,0.4,0.1,0.6,20,0,0.1,0,0.1,0.4,33.3,0.1,0.2,0.3,0.1,0.1,0,0.1,0.6,1,0,0,-0.6
232,Mike Scott,WAS,29,16,7,9,2.4,0.8,0.3,0.6,55.6,0.1,0.3,40,0.1,0.1,50,0.1,0.2,0.3,0.1,0.1,0.1,0,0.2,1.4,0,0,-1.2
232,Milos Teodosic,LAC,31,16,8,8,2.7,1.3,0.4,0.9,40,0.2,0.8,25,0.3,0.4,83.3,0.1,0.1,0.2,0.3,0.1,0,0,0.3,1.8,0,0,0.4
232,Kosta Koufos,SAC,29,16,8,8,1.4,0.4,0.2,0.2,100,0,0,0,0.1,0.1,50,0.1,0.3,0.4,0.2,0.1,0.3,0,0.2,1.9,3,0,-0.1
232,Stephen Curry,GSW,30,16,10,6,3.8,3.9,1.1,2.1,51.5,0.6,1.4,40.9,1.3,1.5,83.3,0.1,0.3,0.4,0.8,0.4,0.3,0,0.4,6,3,0,1.1
232,Isaiah Thomas,LAL,29,16,9,7,2,1.5,0.3,1.1,27.8,0.1,0.6,11.1,0.8,0.9,86.7,0.1,0.3,0.4,0.1,0.3,0.1,0,0.3,2,0,0,-0.1
238,Pau Gasol,SAS,37,15,7,8,2.4,1.4,0.4,0.9,46.2,0,0.1,0,0.6,0.7,90,0.3,0.6,0.9,0.2,0.1,0,0.1,0.3,3.1,6,0,0.3
238,Jerryd Bayless,PHI,29,15,9,6,2,0.4,0,0.4,0,0,0.1,0,0.4,0.7,60,0,0.2,0.2,0.1,0.1,0.1,0,0.2,1,0,0,-0.1
238,Alex Len,PHX,25,15,8,7,1.8,0.5,0.1,0.3,50,0,0,0,0.2,0.3,60,0.1,0.5,0.6,0,0.1,0,0.3,0.2,2.1,5,0,-0.3
238,Maxi Kleber,DAL,26,15,5,10,1.9,0.3,0.1,0.5,25,0.1,0.2,33.3,0,0,0,0.2,0.3,0.5,0.1,0.1,0.1,0.1,0.3,1.3,0,0,-1.5
238,Justin Jackson,SAC,23,15,7,8,2,0.5,0.2,0.5,37.5,0.1,0.2,33.3,0,0,0,0.2,0.2,0.4,0.1,0.1,0,0,0.1,1.1,0,0,0
238,Jameer Nelson,DET,36,15,9,6,3.3,0.9,0.3,0.7,36.4,0.1,0.3,40,0.2,0.3,75,0,0.3,0.3,0.5,0,0.1,0,0.2,2.5,0,0,1.7
238,Shaun Livingston,GSW,32,15,9,6,1.2,0.2,0.1,0.1,50,0,0,0,0.1,0.2,33.3,0.1,0,0.1,0,0.1,0,0.1,0.1,0.4,0,0,1.1
245,Joe Johnson,HOU,37,14,9,5,2,0.6,0.1,0.7,10,0,0.6,0,0.4,0.5,85.7,0,0.4,0.4,0.1,0,0.1,0,0,1.3,0,0,2.7
245,Tyler Zeller,MIL,28,14,8,6,0.8,0,0,0.1,0,0,0,0,0,0,0,0,0,0,0,0.1,0,0.1,0.1,0.3,0,0,-0.1
245,Marreese Speights,ORL,30,14,6,8,0.5,0.4,0.1,0.3,50,0.1,0.2,33.3,0,0,0,0,0,0,0,0.1,0,0,0.1,0.3,1,0,0.1
245,Trevor Booker,IND,30,14,7,7,1.6,0.8,0.2,0.3,75,0,0,0,0.4,0.6,62.5,0.4,0.3,0.6,0,0,0,0,0.4,1.6,3,0,-0.5
245,Dion Waiters,MIA,26,14,8,6,3.4,3.4,1.3,2.5,51.4,0.5,1,50,0.4,0.6,55.6,0.1,0.4,0.4,0.2,0.2,0.1,0,0.2,4.5,0,0,1.4
245,Tristan Thompson,CLE,27,14,9,5,1.7,0,0,0.1,0,0,0,0,0,0,0,0.1,0.1,0.3,0,0.1,0,0,0,0.3,1,0,-2
251,Tyler Dorsey,ATL,22,13,8,5,2.2,0.8,0.2,0.7,33.3,0.2,0.5,33.3,0.2,0.2,100,0,0.4,0.4,0,0.1,0,0,0.5,1.2,0,0,0.2
251,Frank Mason,SAC,24,13,6,7,1.8,0.5,0.2,0.5,33.3,0,0.2,0,0.2,0.2,100,0.1,0.6,0.7,0.3,0,0,0,0.1,1.8,0,0,1.1
251,Jason Terry,MIL,40,13,5,8,2.1,0.4,0.1,0.2,50,0.1,0.2,50,0.2,0.2,100,0,0,0,0.1,0,0.1,0.1,0.2,1,0,0,-0.8
251,Luc Mbah a Moute,HOU,31,13,11,2,1.3,0.4,0.1,0.1,100,0,0,0,0.2,0.2,100,0.1,0.2,0.2,0,0.1,0.1,0,0,0.8,0,0,2
251,Rudy Gay,SAS,31,13,8,5,3.4,1.7,0.5,1.3,41.2,0.1,0.5,16.7,0.5,0.6,87.5,0.5,0.5,1,0.2,0.3,0.1,0.2,0.2,3.6,1,0,0.6
251,Luke Kennard,DET,22,13,4,9,2,0.7,0.2,0.5,28.6,0.1,0.4,20,0.3,0.3,100,0.2,0.2,0.4,0,0.2,0,0,0.3,1,1,0,0.6
257,Jakob Poeltl,TOR,22,12,4,8,2.5,1.1,0.5,0.6,85.7,0,0,0,0.1,0.3,33.3,0.2,0.3,0.4,0.1,0.3,0,0.1,0.3,1.7,3,0,-1.7
257,Langston Galloway,DET,26,12,5,7,0.8,0.3,0.1,0.2,50,0.1,0.2,50,0.1,0.1,100,0,0.2,0.2,0.1,0,0,0,0.1,0.7,0,0,0.3
257,Norman Powell,TOR,25,12,3,9,1.4,0.2,0.1,0.5,16.7,0,0.3,0,0,0,0,0,0.1,0.1,0,0,0.2,0.1,0.3,1,0,0,-1.8
257,Greg Monroe,BOS,28,12,5,7,3,1,0.3,0.4,60,0,0,0,0.5,0.6,85.7,0.5,0.3,0.8,0.4,0.1,0,0,0.3,2.5,4,1,-2.3
257,Wayne Selden,MEM,23,12,3,9,2.4,1.6,0.4,0.9,45.5,0.3,0.7,50,0.4,0.5,83.3,0.1,0.1,0.2,0,0,0,0,0.1,1.8,0,0,-1.2
257,Nemanja Bjelica,MIN,30,12,6,6,2.2,0.8,0.3,0.7,50,0.2,0.2,100,0,0.2,0,0.1,0.3,0.3,0,0.3,0,0.1,0.4,1.2,0,0,0.7
263,Skal Labissiere,SAC,22,11,4,7,2.7,0.5,0.2,0.5,40,0.2,0.2,100,0,0,0,0.2,0.2,0.4,0,0.2,0.1,0,0.2,1.1,1,0,-0.5
263,Trey Burke,NYK,25,11,3,8,2.6,1.3,0.5,1.3,42.9,0,0.5,0,0.2,0.3,66.7,0,0.2,0.2,0.5,0.1,0,0,0.6,2.1,2,0,-2.1
263,C.J. Williams,LAC,28,11,8,3,1.3,0.9,0.3,0.3,100,0.1,0.1,100,0.3,0.4,75,0,0.3,0.3,0,0.2,0,0.1,0.1,1.3,0,0,-0.6
263,Bismack Biyombo,ORL,25,11,3,8,3.7,1.2,0.4,0.5,80,0,0,0,0.5,0.5,83.3,0.5,1.1,1.5,0,0.2,0.2,0.3,0.6,4.2,5,0,-2.3
263,Tyus Jones,MIN,22,11,5,6,2.4,0.5,0.2,0.3,66.7,0.1,0.2,50,0,0,0,0.1,0.1,0.2,0.1,0.5,0,0,0.2,0.4,0,0,-1.9
263,Shane Larkin,BOS,25,11,9,2,2.6,0.8,0.3,0.6,42.9,0.1,0.3,33.3,0.2,0.2,100,0.1,0.5,0.6,0.2,0.2,0.1,0,0.1,1.9,0,0,1.9
263,Ryan Anderson,HOU,30,11,5,6,1.9,0.3,0,0.1,0,0,0.1,0,0.3,0.3,100,0.1,0.3,0.4,0.1,0,0,0.1,0.5,1.1,1,0,0.9
263,Vince Carter,SAC,41,11,9,2,2.3,0,0,0.5,0,0,0.3,0,0,0,0,0.3,0.5,0.7,0.4,0,0,0,0.3,1.4,0,0,2.7
263,Ian Mahinmi,WAS,31,11,7,4,2.5,0.3,0.1,0.2,50,0,0,0,0.1,0.1,100,0.2,0.4,0.5,0.1,0.2,0,0.1,0.5,1.2,1,0,0.9
263,Kevon Looney,GSW,22,11,7,4,2.1,0.8,0.3,0.3,100,0,0,0,0.3,0.5,60,0,0.5,0.5,0.1,0,0,0,0.1,1.5,0,0,0.3
263,Patrick McCaw,GSW,22,11,8,3,2.1,0.2,0.1,0.2,50,0,0,0,0,0,0,0,0.1,0.1,0.3,0,0,0,0.3,0.7,0,0,-0.5
263,Jodie Meeks,WAS,30,11,4,7,1.9,0.8,0.2,0.7,25,0.2,0.5,33.3,0.3,0.3,100,0,0.1,0.1,0,0.1,0,0,0.7,0.8,0,0,-2.2
275,Daniel Theis,BOS,26,10,5,5,2.1,0.3,0.1,0.1,100,0.1,0.1,100,0,0.2,0,0.1,0.2,0.3,0,0,0,0.1,0.2,1,0,0,-0.4
275,DeAndre Liggins,NOP,30,10,7,3,1.6,0.2,0.1,0.2,50,0,0.1,0,0,0,0,0,0.4,0.4,0.1,0.1,0.1,0.1,0.1,1.3,0,0,0.3
275,Royce O'Neale,UTA,25,10,7,3,1.5,0.4,0.1,0.2,50,0,0,0,0.2,0.2,100,0,0.1,0.1,0.1,0,0.1,0,0.1,1,1,0,1
275,Kyle O'Quinn,NYK,28,10,2,8,3.5,0.8,0.3,0.6,50,0,0,0,0.2,0.2,100,0.3,0.5,0.8,0.1,0.2,0.3,0.4,0.5,3.8,4,0,-0.6
275,Nerlens Noel,DAL,24,10,1,9,2.3,0.4,0.2,0.4,50,0,0,0,0,0,0,0.3,0.2,0.5,0.1,0,0.2,0.1,0.7,2.1,2,0,-2.4
275,David West,GSW,37,10,8,2,1.2,0,0,0.1,0,0,0,0,0,0,0,0.1,0.2,0.3,0,0.1,0.1,0.1,0.2,0.9,0,0,-0.2
275,Tyrone Wallace,LAC,24,10,7,3,1.4,0.2,0.1,0.2,50,0,0,0,0,0,0,0,0,0,0,0.1,0.1,0,0.4,0.4,0,0,-1.1
275,Aron Baynes,BOS,31,10,6,4,1.8,0,0,0.1,0,0,0,0,0,0,0,0,0.2,0.2,0,0,0,0,0.2,0.2,0,0,-0.2
283,Cedi Osman,CLE,23,9,7,2,1.3,0.6,0.1,0.4,25,0,0.3,0,0.3,0.4,75,0.1,0,0.1,0,0,0.2,0,0.2,1.4,0,0,-0.1
283,Khem Birch,ORL,25,9,5,4,2,1.1,0.2,0.2,100,0,0,0,0.7,0.9,75,0,0.2,0.2,0.1,0.1,0,0,0.2,1.4,1,0,-0.3
283,Richaun Holmes,PHI,24,9,4,5,3.3,1.8,0.6,0.9,62.5,0,0.2,0,0.7,0.9,75,0.1,0.6,0.7,0,0.1,0.1,0,0.6,2.8,1,0,-0.6
283,Zach LaVine,CHI,23,9,5,4,3.7,3,0.7,2.4,27.3,0.2,0.8,28.6,1.4,1.9,76.5,0.1,0.6,0.7,0.6,0.2,0.2,0,0.3,5.1,0,0,1.1
283,Jabari Parker,MIL,23,9,4,5,2.4,0,0,0.6,0,0,0.2,0,0,0,0,0.1,0.2,0.3,0.1,0.1,0.1,0,0.2,0.8,3,0,-2
283,DeAndre' Bembry,ATL,23,9,5,4,1.3,0.3,0.1,0.1,100,0.1,0.1,100,0,0,0,0,0.1,0.1,0,0.3,0.1,0,0.6,0.5,0,0,-0.7
283,Ben McLemore,MEM,25,9,1,8,2.7,0.2,0.1,0.3,33.3,0,0.2,0,0,0,0,0,0.3,0.3,0.2,0,0,0,0.6,1,0,0,-3.1
283,Mike James,NOP,27,9,4,5,3,1.6,0.6,1.3,41.7,0.1,0.6,20,0.3,0.6,60,0,0.1,0.1,0.4,0.2,0.1,0,0.3,2.5,0,0,0.9
283,Thabo Sefolosha,UTA,34,9,5,4,2.8,0.8,0.2,0.4,50,0.1,0.2,50,0.2,0.2,100,0,0.6,0.6,0,0,0.1,0,0.4,1.8,1,0,0.2
292,Deyonta Davis,MEM,21,8,0,8,1.4,0,0,0,0,0,0,0,0,0.3,0,0,0.4,0.4,0.1,0,0,0.1,0.1,1,0,0,-2.4
292,Michael Carter-Williams,CHA,26,8,3,5,1,0.5,0,0.3,0,0,0,0,0.5,0.5,100,0.1,0.4,0.5,0,0,0,0,0.4,1.1,0,0,-1.1
292,Jonathan Isaac,ORL,20,8,3,5,1.3,0.4,0.1,0.1,100,0.1,0.1,100,0,0,0,0,0.1,0.1,0.1,0,0,0.1,0,1.1,0,0,-2.3
292,Dwayne Bacon,CHA,22,8,5,3,2.7,0.3,0.1,0.3,50,0,0,0,0,0,0,0,0,0,0,0,0,0,0.3,0.3,0,0,3
292,Montrezl Harrell,LAC,24,8,4,4,3.7,1.9,0.6,1,62.5,0,0.1,0,0.6,1.1,55.6,0.5,0.4,0.9,0.1,0,0,0.1,0.4,3.5,0,0,0.4
292,Chandler Parsons,MEM,29,8,3,5,1.9,0.5,0.3,0.6,40,0,0.3,0,0,0,0,0.1,0.3,0.4,0.3,0.3,0,0,0.1,1.1,0,0,0.3
292,Timothe Luwawu-Cabarrot,PHI,23,8,3,5,0.7,0,0,0.1,0,0,0.1,0,0,0,0,0,0,0,0,0.3,0,0.1,0.1,0.1,0,0,-0.8
292,Thon Maker,MIL,21,8,6,2,2.5,0.5,0.3,0.3,100,0,0,0,0,0,0,0,1,1,0,0,0.1,0.1,0.3,2.5,0,0,2.9
292,Noah Vonleh,CHI,22,8,7,1,2.8,0.4,0.1,0.1,100,0,0,0,0.1,0.3,50,0,0.4,0.4,0,0,0,0,0.1,0.8,1,0,0.8
292,Isaiah Canaan,PHX,27,8,6,2,1.9,1.1,0.1,0.5,25,0,0.1,0,0.9,0.9,100,0.1,0.3,0.4,0.4,0.1,0.3,0,0.1,2.8,0,0,1.1
292,Arron Afflalo,ORL,32,8,4,4,0.4,0,0,0.1,0,0,0.1,0,0,0,0,0,0,0,0,0.1,0,0,0.3,-0.1,0,0,-0.4
292,Damion Lee,ATL,25,8,4,4,2.6,0.4,0.1,0.5,25,0,0,0,0.1,0.3,50,0,0.5,0.5,0.3,0.1,0.1,0,0.4,1.6,0,0,0.8
292,Malik Monk,CHA,20,8,1,7,1.5,0.4,0.1,0.9,14.3,0,0.8,0,0.1,0.1,100,0,0.1,0.1,0,0,0,0.1,0.3,0.9,0,0,-1.5
292,Danilo Gallinari,LAC,29,8,4,4,2.6,1.1,0.3,0.8,33.3,0.1,0.5,25,0.5,0.5,100,0.1,0.4,0.5,0,0.1,0,0,0.1,1.6,0,0,0.1
292,Paul Zipser,CHI,24,8,3,5,1.8,0.5,0.1,0.3,50,0,0,0,0.3,0.3,100,0,0.3,0.3,0.1,0,0,0,0.3,1,0,0,-2
307,Tony Allen,NOP,36,7,5,2,1.6,0.3,0.1,0.3,50,0,0,0,0,0,0,0,0.7,0.7,0,0.1,0,0,0.1,1,0,0,0.7
307,Luke Babbitt,MIA,29,7,1,6,1.1,0,0,0.1,0,0,0,0,0,0,0,0,0.1,0.1,0,0,0,0,0.4,0.2,0,0,-1
307,Gerald Green,HOU,32,7,7,0,2.5,1.4,0.4,0.6,75,0.3,0.4,66.7,0.3,0.3,100,0,0.3,0.3,0,0,0,0.1,0.3,2.2,0,0,2.1
307,Terrence Ross,ORL,27,7,3,4,2.3,0.6,0.1,0.7,20,0.1,0.4,33.3,0.1,0.3,50,0.1,0.3,0.4,0.1,0.4,0.1,0,0.3,1.3,0,0,-0.9
307,Cristiano Felicio,CHI,25,7,4,3,2.1,1,0.3,0.4,66.7,0,0,0,0.4,0.6,75,0.1,0.6,0.7,0,0,0.1,0,0.1,2.3,1,0,0.4
307,Shaquille Harrison,PHX,24,7,2,5,0.7,0,0,0.1,0,0,0,0,0,0,0,0,0.3,0.3,0,0,0,0.1,0.1,0.8,0,0,-0.1
307,Emmanuel Mudiay,NYK,22,7,5,2,1.5,0.3,0.1,0.9,16.7,0,0,0,0,0,0,0,0,0,0.3,0,0.1,0,0.1,1.1,0,0,-0.4
307,Kobi Simmons,MEM,20,7,2,5,2.4,1.3,0.6,0.7,80,0,0,0,0.1,0.1,100,0.1,0.3,0.4,0.3,0,0,0,0.6,2.2,0,0,-0.7
307,Channing Frye,LAL,35,7,6,1,2.3,1.3,0.6,1.4,40,0.1,1,14.3,0,0,0,0,0.1,0.1,0,0,0,0.1,0.4,1.9,0,0,1.4
307,Kyle Collinsworth,DAL,26,7,2,5,2.2,1,0.4,0.4,100,0,0,0,0.1,0.1,100,0.1,0,0.1,0.1,0.1,0.1,0.3,0.4,2.5,0,0,-1.4
317,Matthew Dellavedova,MIL,27,6,4,2,4.6,1.7,0.5,0.5,100,0.3,0.3,100,0.3,0.3,100,0,0.3,0.3,0.5,0.3,0,0,0.7,2.5,0,0,1.5
317,Patrick Patterson,OKC,29,6,3,3,1.8,0,0,0.2,0,0,0.2,0,0,0,0,0,0,0,0,0,0,0.2,0.3,0.5,0,0,-0.8
317,Omri Casspi,GSW,30,6,3,3,2.3,0,0,0.2,0,0,0,0,0,0,0,0,0.7,0.7,0,0,0,0.3,0.3,1.8,1,0,1
317,Jawun Evans,LAC,21,6,4,2,1.8,0.3,0,0.2,0,0,0,0,0.3,0.5,66.7,0.2,0,0.2,0,0.2,0.2,0,0.2,0.9,0,0,-0.5
317,Quinn Cook,GSW,25,6,3,3,2.6,1,0.3,0.7,50,0,0,0,0.3,0.3,100,0.2,0,0.2,0.2,0,0,0,0.5,1.5,0,0,-1.3
317,OG Anunoby,TOR,20,6,3,3,5.2,0.5,0,0.3,0,0,0.3,0,0.5,0.7,75,0,0.2,0.2,0,0.2,0,0,0.3,0.5,0,0,1.3
317,Alex Caruso,LAL,24,6,3,3,2.3,0,0,0.5,0,0,0.2,0,0,0,0,0.2,0,0.2,0.2,0.5,0,0.2,0.2,0.5,0,0,-1.3
317,JaKarr Sampson,SAC,25,6,1,5,2.3,0.3,0.2,0.7,25,0,0,0,0,0,0,0.3,0.2,0.5,0.2,0,0.2,0.2,0.5,2.2,0,0,-1.5
317,Josh Huestis,OKC,26,6,3,3,1.8,0,0,0.2,0,0,0,0,0,0,0,0.3,0,0.3,0,0.2,0,0,0.5,0.2,0,0,-2
317,Gorgui Dieng,MIN,28,6,3,3,1.8,0,0,0,0,0,0,0,0,0,0,0,0.7,0.7,0.2,0,0,0,0.2,1.1,0,0,-3.2
317,Sean Kilpatrick,CHI,28,6,3,3,1.5,2,0.7,1.5,44.4,0.5,0.7,75,0.2,0.3,50,0,0.3,0.3,0.2,0,0,0,0,2.7,0,0,-0.2
317,Wes Iwundu,ORL,23,6,2,4,1.6,0,0,0.2,0,0,0,0,0,0,0,0,0,0,0,0.2,0,0.2,0.3,0.3,0,0,0
317,Mike Conley,MEM,30,6,3,3,3.4,3.2,0.7,1.8,36.4,0.5,1.3,37.5,1.3,1.7,80,0,0.3,0.3,0.2,0.2,0.3,0,0.8,4.7,0,0,-1.8
317,Jordan Bell,GSW,23,6,6,0,2,1,0.5,0.7,75,0,0.2,0,0,0,0,0.2,0.7,0.8,0.3,0.3,0,0.2,0.8,2.7,1,0,1.3
317,Treveon Graham,CHA,24,6,4,2,1,0.8,0.2,0.2,100,0.2,0.2,100,0.3,0.5,66.7,0,0.2,0.2,0,0,0,0,0.2,1,0,0,0.5
332,Dorian Finney-Smith,DAL,25,5,0,5,4.3,0,0,1,0,0,0.6,0,0,0,0,0.2,0.4,0.6,1,0,0,0,0,2.2,1,0,-4.4
332,Jalen Jones,DAL,25,5,1,4,2.9,0.6,0.2,1,20,0.2,1,20,0,0,0,0.2,0.2,0.4,0,0.2,0,0,0.2,0.9,0,0,-2.2
332,Brandan Wright,HOU,30,5,1,4,2.2,0,0,0.6,0,0,0,0,0,0,0,0,0.6,0.6,0,0,0.2,0.2,0.6,1.9,0,0,-1.8
332,Tarik Black,HOU,26,5,3,2,2.5,0.8,0.4,0.6,66.7,0,0,0,0,0.4,0,0.4,1,1.4,0,0,0,0.4,0.6,3.7,0,0,2
332,Iman Shumpert,SAC,28,5,3,2,1,0.2,0,0,0,0,0,0,0.2,0.2,100,0,0.2,0.2,0,0,0,0,0.2,0.4,0,0,0.6
332,Myke Henry,MEM,25,5,1,4,1.6,0.2,0,0,0,0,0,0,0.2,0.4,50,0,0,0,0,0,0,0,0.4,0.2,0,0,-0.8
332,Brandon Paul,SAS,27,5,3,2,1.5,0,0,0.4,0,0,0.4,0,0,0,0,0,0.2,0.2,0,0,0,0.2,0.4,0.8,0,0,-1.4
332,Cody Zeller,CHA,25,5,2,3,2,0.8,0.2,0.4,50,0,0,0,0.4,0.4,100,0.6,0,0.6,0,0,0,0.2,0.4,2.1,0,0,-3.2
332,Aaron Harrison,DAL,23,5,2,3,3,1.6,0.4,0.8,50,0.2,0.6,33.3,0.6,0.8,75,0,0.4,0.4,0,0.6,0,0.2,0.4,2.1,0,0,-0.6
332,Alec Burks,UTA,26,5,1,4,3.2,1.2,0.4,1.2,33.3,0,0.2,0,0.4,0.4,100,0,0.8,0.8,0,0,0,0,0.4,2.2,0,0,-1.6
332,Jamil Wilson,LAC,27,5,1,4,2.4,0,0,1,0,0,0.6,0,0,0,0,0,0.2,0.2,0,0,0,0,0.4,0.2,0,0,-4.6
332,Jose Calderon,CLE,36,5,4,1,2.4,0,0,0.4,0,0,0.2,0,0,0,0,0,0.4,0.4,0,0,0,0.2,0.2,1.1,0,0,3
332,Tony Parker,SAS,36,5,2,3,1.6,1.2,0.6,0.6,100,0,0,0,0,0,0,0,0,0,0,0,0,0,0,1.2,0,0,-1.2
332,Miles Plumlee,ATL,29,5,2,3,1.5,0,0,0.2,0,0,0,0,0,0.4,0,0,1.2,1.2,0.2,0,0,0,0,1.7,1,0,0.6
346,Sterling Brown,MIL,23,4,0,4,0.5,0,0,0,0,0,0,0,0,0,0,0,0,0,0,0,0,0,0,0,0,0,-2.3
346,Jonas Jerebko,UTA,31,4,3,1,2.3,0,0,0.3,0,0,0,0,0,0,0,0,0,0,0,0,0,0,0.3,0,0,0,-1
346,Sam Dekker,LAC,24,4,4,0,2.4,0.8,0,0.3,0,0,0.3,0,0.8,1,75,0,0.5,0.5,0.3,0,0,0,0,1.7,0,0,3.8
346,Ryan Arcidiacono,CHI,24,4,2,2,2.2,0.5,0.3,0.3,100,0,0,0,0,0,0,0,0.3,0.3,0,0,0,0,0.5,0.8,0,0,0.5
346,Amir Johnson,PHI,31,4,4,0,0.3,0,0,0.3,0,0,0,0,0,0,0,0,0,0,0,0,0,0,0,0,0,0,1.3
346,Eric Moreland,DET,26,4,1,3,0.7,0,0,0,0,0,0,0,0,0,0,0.3,0,0.3,0,0,0,0,0.3,0.3,0,0,-1.5
346,Jared Dudley,PHX,32,4,0,4,1.6,0,0,0.3,0,0,0.3,0,0,0,0,0.3,0,0.3,0,0,0,0,0,0.3,0,0,-3.3
346,Troy Williams,NYK,23,4,0,4,0.9,0.3,0,0,0,0,0,0,0.3,0.3,100,0,0,0,0,0,0,0,0,0.3,0,0,-2.5
346,Ron Baker,NYK,25,4,2,2,0.7,0,0,0,0,0,0,0,0,0,0,0,0,0,0,0.3,0.5,0,0.3,1.3,0,0,-0.8
346,Andrew Bogut,LAL,33,4,2,2,0.3,0.5,0,0,0,0,0,0,0.5,0.5,100,0,0,0,0,0.3,0,0,0.8,0.3,0,0,0.3
346,Ekpe Udoh,UTA,31,4,1,3,1.5,0,0,0,0,0,0,0,0,0,0,0.3,0,0.3,0,0,0.3,0.3,0,1.8,0,0,-1
346,Danuel House,PHX,25,4,2,2,1.6,0.5,0,0.3,0,0,0,0,0.5,0.5,100,0,0.3,0.3,0,0.3,0,0,0,0.6,0,0,1.3
346,Malik Beasley,DEN,21,4,2,2,0.2,0.5,0,0,0,0,0,0,0.5,1,50,0,0,0,0,0,0,0,0,0.5,0,0,0.5
359,Kenneth Faried,DEN,28,3,1,2,2.5,0,0,0.3,0,0,0,0,0,0,0,0,0.7,0.7,0.3,0.3,0,0,0.3,1,1,0,-2.3
359,Patrick Beverley,LAC,29,3,1,2,4.2,0,0,1,0,0,0.3,0,0,0,0,0.3,0.7,1,0,0,1,0,0.7,4.2,0,0,-0.7
359,Tyler Cavanaugh,ATL,24,3,1,2,3.7,1,0.3,0.3,100,0.3,0.3,100,0,0,0,0.3,0,0.3,0.7,0,0,0,0,2.4,0,0,0.3
359,Guerschon Yabusele,BOS,22,3,2,1,0.9,0,0,0,0,0,0,0,0,0,0,0,0,0,0,0.3,0,0,0.3,-0.3,0,0,-1
359,Derrick Rose,MIN,29,3,1,2,2.1,0.7,0,0.3,0,0,0,0,0.7,0.7,100,0,0,0,0,0,0,0,0,0.7,0,0,0
359,Lucas Nogueira,TOR,25,3,1,2,0.7,0,0,0,0,0,0,0,0,0,0,0,0.3,0.3,0,0,0,0,0,0.4,0,0,-0.3
359,Meyers Leonard,POR,26,3,0,3,0,0,0,0,0,0,0,0,0,0,0,0,0,0,0,0,0,0,0,0,0,0,-1.7
359,Cheick Diallo,NOP,21,3,2,1,1.9,0.7,0.3,0.7,50,0,0,0,0,0,0,0,1,1,0,0,0,0,0,1.9,1,0,2.7
359,Damyean Dotson,NYK,24,3,0,3,0.5,0,0,0,0,0,0,0,0,0,0,0,0,0,0,0,0,0,0,0,0,0,-1.7
359,Joffrey Lauvergne,SAS,26,3,1,2,0.4,0,0,0,0,0,0,0,0,0,0,0,0,0,0,0,0,0,0.3,0,0,0,-2
359,Zach Collins,POR,20,3,2,1,2.7,1,0.3,0.3,100,0.3,0.3,100,0,0,0,0,0,0,0,0.3,0,1,0.3,3.7,0,0,3.3
359,Kadeem Allen,BOS,25,3,0,3,0.3,0,0,0,0,0,0,0,0,0,0,0,0,0,0,0,0,0,0,0,0,0,-1.3
359,Joe Young,IND,26,3,2,1,0,0,0,0,0,0,0,0,0,0,0,0,0,0,0,0,0,0,0,0,0,0,0.3
359,Tim Frazier,WAS,27,3,0,3,1.7,0,0,0.3,0,0,0,0,0,0,0,0.3,0,0.3,0,0,0,0,0,0.4,0,0,-2.7
359,Justin Anderson,PHI,24,3,2,1,0.3,0.7,0.3,0.3,100,0,0,0,0,0.7,0,0,0,0,0,0,0,0,0,0.7,0,0,-0.3
359,Nene,HOU,35,3,0,3,0.1,0,0,0,0,0,0,0,0,0,0,0,0,0,0,0,0,0,0.3,0,0,0,-0.7
359,Tyler Ennis,LAL,23,3,1,2,7.8,4.3,2,4.7,42.9,0,1,0,0.3,0.3,100,0.3,0.3,0.7,1.7,0.3,0,0.3,1.3,8.3,1,0,1
359,Johnathan Motley,DAL,23,3,1,2,4.8,3,1.3,1.7,80,0.3,0.3,100,0,0,0,0.7,0.7,1.3,0.3,0.3,0.3,0,0.3,5.8,1,0,-3
359,Marcus Georges-Hunt,MIN,24,3,2,1,2.3,1.3,0,0.3,0,0,0,0,1.3,2,66.7,0.3,0,0.3,0,0,0,0,0.3,1.7,0,0,0
359,Ivica Zubac,LAL,21,3,1,2,3.3,0,0,0,0,0,0,0,0,0,0,0.3,0.7,1,1,0,0,0,0.3,2.7,1,0,1.3
379,Wade Baldwin IV,POR,22,2,0,2,0.9,0,0,0,0,0,0,0,0,0,0,0,0,0,0,0,0,0,0,0,0,0,-1
379,Cameron Payne,CHI,23,2,1,1,4.7,2.5,1,2.5,40,0.5,1.5,33.3,0,0,0,0.5,0,0.5,0.5,1,0,0,0,2.9,1,0,-5
379,Antonio Blakeney,CHI,21,2,1,1,4.7,1,0,1.5,0,0,1,0,1,1.5,66.7,0,0,0,0.5,0,0.5,0,0.5,3.3,0,0,-5
379,Solomon Hill,NOP,27,2,0,2,4.6,0,0,0.5,0,0,0,0,0,0,0,0,2,2,0,0,0,0,1,2.4,0,0,-2
379,Caleb Swanigan,POR,21,2,1,1,0.5,0,0,0,0,0,0,0,0,0,0,0,0.5,0.5,0,0,0,0,0,0.6,0,0,1
379,Rodney Purvis,ORL,24,2,2,0,2.5,0,0,1,0,0,1,0,0,0,0,0,0,0,0,0.5,0,0,0.5,-0.5,0,0,1
379,Abdel Nader,BOS,24,2,0,2,3.9,1,0.5,1,50,0,0,0,0,0,0,0,0.5,0.5,0,0,0,0,0.5,1.6,0,0,-1
379,Dante Exum,UTA,22,2,1,1,0.5,1,0.5,0.5,100,0,0,0,0,0,0,0,0,0,0,0,0,0,0,1,0,0,2
379,Travis Wear,LAL,27,2,1,1,2.1,0,0,0,0,0,0,0,0,0,0,0,0.5,0.5,0,0,0,0,0.5,0.6,0,0,4
379,Ante Zizic,CLE,21,2,2,0,0.5,0,0,0,0,0,0,0,0,0,0,0.5,0,0.5,0,0,0,0,0,0.6,0,0,-1.5
379,Briante Weber,MEM,25,2,0,2,0.6,0,0,0,0,0,0,0,0,0,0,0,0,0,0,0.5,0,0,0,-0.5,0,0,-3
379,Derrick Jones Jr.,MIA,21,2,0,2,2.4,0,0,0,0,0,0,0,0,0,0,0.5,0,0.5,0,0,0,0.5,0,2.1,0,0,-3.5
379,Davon Reed,PHX,23,2,0,2,1.7,0,0,0,0,0,0,0,0,0,0,0,1.5,1.5,0,0,0,0,0,1.8,0,0,-4
379,Derrick White,SAS,23,2,0,2,2,0,0,0,0,0,0,0,0,0,0,0.5,0,0.5,0,0,0,0,0,0.6,0,0,1
379,Antonius Cleveland,ATL,24,2,0,2,0.1,0,0,0,0,0,0,0,0,0,0,0,0,0,0,0,0,0,0.5,0,0,0,-2
379,Ramon Sessions,WAS,32,2,0,2,2.6,1,0.5,1,50,0,0.5,0,0,0,0,0,0.5,0.5,1,0,0,0,1,3.1,0,0,-3.5
379,Boban Marjanovic,LAC,29,2,2,0,1.3,2,0.5,0.5,100,0,0,0,1,1,100,0,0,0,0,0,0,0,0,2,0,0,6
379,Rashad Vaughn,ORL,21,2,0,2,2.5,0,0,1,0,0,1,0,0,0,0,0,0.5,0.5,0,0,0,0,0.5,0.6,0,0,-5.5
379,Jamel Artis,ORL,25,2,2,0,3,0,0,0,0,0,0,0,0,0,0,0,1,1,0,0.5,0,0,0,0.7,0,0,1
379,Raul Neto,UTA,26,2,2,0,1.4,0,0,0,0,0,0,0,0,0,0,0,0.5,0.5,0,0,0,0,0,0.6,0,0,3.5
379,Jonathan Gibson,BOS,30,2,1,1,1.7,1,0.5,1,50,0,0.5,0,0,0,0,0,0,0,0,0,0,0,0,1,0,0,-2
379,Xavier Rathan-Mayes,MEM,24,2,0,2,2.1,1,0.5,1,50,0,0.5,0,0,0,0,0,0,0,0.5,0,0,0,0.5,1.8,0,0,-1.5
379,Jabari Bird,BOS,23,2,1,1,2.1,0,0,0.5,0,0,0,0,0,0,0,0,0,0,0,0,0,0.5,1,1.5,0,0,-3.5
379,MarShon Brooks,MEM,29,2,1,1,4.2,4,1,2.5,40,1,1.5,66.7,1,1,100,0,0,0,0,1,0,0.5,0.5,4.5,0,0,5
379,Emeka Okafor,NOP,35,2,1,1,0.8,0,0,0,0,0,0,0,0,0,0,0,0,0,0,0,0,0,0,0,0,0,1
379,Jaylen Morris,ATL,22,2,2,0,1.2,0,0,0,0,0,0,0,0,0,0,0,0,0,0,0,0,0,0,0,0,0,0.5
379,Al Jefferson,IND,33,2,1,1,0.6,0,0,0,0,0,0,0,0,0,0,0,0,0,0,0,0,0,0,0,1,0,-3.5
406,John Holland,CLE,29,1,1,0,0,0,0,0,0,0,0,0,0,0,0,0,0,0,0,0,0,0,0,0,0,0,0
406,Tim Quarterman,HOU,23,1,1,0,1.2,2,0,1,0,0,1,0,2,2,100,0,0,0,0,0,0,0,0,2,0,0,5
406,Brice Johnson,MEM,24,1,0,1,0,0,0,0,0,0,0,0,0,0,0,0,0,0,0,0,0,0,0,0,0,0,-2
406,Bruno Caboclo,SAC,22,1,0,1,0.2,0,0,0,0,0,0,0,0,0,0,0,0,0,0,0,0,0,0,0,0,0,-2
406,Josh Magette,ATL,28,1,0,1,0.7,0,0,0,0,0,0,0,0,0,0,0,0,0,0,0,0,0,0,0,0,0,-2
406,Josh Smith,NOP,32,1,0,1,0.3,0,0,0,0,0,0,0,0,0,0,0,0,0,0,0,0,0,0,0,0,0,0
406,Jordan Mickey,MIA,23,1,1,0,0.4,0,0,0,0,0,0,0,0,0,0,0,0,0,0,0,0,0,0,0,0,0,2
406,Jason Smith,WAS,32,1,0,1,4.9,0,0,0,0,0,0,0,0,0,0,0,0,0,0,1,0,0,1,-1,0,0,-4
406,Juancho Hernangomez,DEN,22,1,1,0,0.1,0,0,0,0,0,0,0,0,0,0,0,0,0,0,0,0,0,0,0,0,0,0
406,Julyan Stone,CHA,29,1,0,1,0.2,0,0,0,0,0,0,0,0,0,0,0,0,0,0,0,0,0,1,0,0,0,-1
406,Jake Layman,POR,24,1,0,1,0.8,2,1,1,100,0,0,0,0,0,0,0,0,0,0,0,0,0,0,2,0,0,2
406,Chris McCullough,WAS,23,1,0,1,2.8,0,0,0,0,0,0,0,0,0,0,0,0,0,0,0,0,0,1,0,0,0,-7
406,Jack Cooley,SAC,27,1,1,0,0.1,0,0,0,0,0,0,0,0,0,0,0,0,0,0,0,0,0,0,0,0,0,0
406,Dakari Johnson,OKC,22,1,1,0,1.8,0,0,0,0,0,0,0,0,0,0,0,0,0,0,0,0,0,0,0,0,0,6
406,Damian Jones,GSW,22,1,1,0,2.9,6,3,3,100,0,0,0,0,0,0,0,0,0,0,0,0,0,0,6,0,0,8
406,Quincy Pondexter,CHI,30,1,1,0,0.2,0,0,0,0,0,0,0,0,0,0,0,0,0,0,0,0,0,0,0,0,0,2
406,Ivan Rabb,MEM,21,1,0,1,3.3,3,0,0,0,0,0,0,3,3,100,0,0,0,1,0,1,0,1,7.5,1,0,4
406,Jon Leuer,DET,29,1,0,1,5.1,0,0,1,0,0,0,0,0,0,0,0,0,0,0,0,0,1,2,3,0,0,-6
406,Omer Asik,CHI,31,1,0,1,0.8,0,0,0,0,0,0,0,0,0,0,0,0,0,0,0,0,1,0,3,0,0,-3
406,Kyle Singler,OKC,30,1,0,1,1.1,0,0,0,0,0,0,0,0,0,0,0,0,0,0,0,0,0,0,0,0,0,2
406,Glenn Robinson III,IND,24,1,1,0,0.2,2,0,0,0,0,0,0,2,2,100,0,0,0,0,0,0,0,0,2,0,0,1
406,Terrance Ferguson,OKC,20,1,1,0,2.7,3,1,1,100,1,1,100,0,0,0,1,0,1,0,0,0,0,0,4.2,0,0,9
406,Andre Ingram,LAL,32,1,0,1,1.2,0,0,1,0,0,1,0,0,0,0,0,0,0,0,0,0,0,0,0,0,0,-5
406,Mirza Teletovic,MIL,32,1,0,1,0.6,0,0,0,0,0,0,0,0,0,0,0,0,0,0,0,0,0,0,0,0,0,-1
406,Georgios Papagiannis,POR,20,1,0,1,0.6,0,0,0,0,0,0,0,0,0,0,0,0,0,0,0,0,0,0,0,0,0,2
406,Joakim Noah,NYK,33,1,1,0,4,0,0,0,0,0,0,0,0,0,0,0,0,0,1,0,0,0,1,1.5,0,0,2
406,Joel Bolomboy,MIL,24,1,1,0,5,0,0,0,0,0,0,0,0,0,0,1,0,1,0,0,2,0,0,7.2,0,0,4
406,Gary Payton II,LAL,25,1,0,1,0,0,0,0,0,0,0,0,0,0,0,0,0,0,0,0,0,0,0,0,0,0,0
406,Larry Drew II,NOP,28,1,1,0,0.3,0,0,0,0,0,0,0,0,0,0,0,0,0,0,0,0,0,0,0,0,0,2
406,Alex Poythress,IND,24,1,0,1,0,0,0,0,0,0,0,0,0,0,0,0,0,0,0,0,0,0,0,0,0,0,-2
406,Derrick Walton Jr.,MIA,23,1,0,1,0,0,0,0,0,0,0,0,0,0,0,0,0,0,0,0,0,0,1,0,0,0,-1
406,Lorenzo Brown,TOR,27,1,1,0,1.1,0,0,0,0,0,0,0,0,0,0,0,0,0,0,0,0,0,0,0,0,0,5
406,Willie Reed,DET,28,1,0,1,2,1,0,0,0,0,0,0,1,2,50,0,0,0,0,0,0,1,1,4,0,0,-7
406,Willy Hernangomez,CHA,24,1,0,1,0.2,0,0,0,0,0,0,0,0,0,0,0,0,0,0,0,0,0,0,0,0,0,-1
406,Marquis Teague,MEM,25,1,0,1,0.7,0,0,0,0,0,0,0,0,0,0,0,0,0,0,0,0,0,0,0,0,0,-2
406,Markelle Fultz,PHI,20,1,0,1,1,0,0,0,0,0,0,0,0,0,0,0,0,0,0,0,0,0,0,0,0,0,-7
406,Luke Kornet,NYK,22,1,0,1,6,0,0,2,0,0,1,0,0,0,0,0,1,1,0,0,0,0,0,1.2,0,0,-6
406,Malachi Richardson,TOR,22,1,1,0,3.6,0,0,1,0,0,0,0,0,0,0,0,1,1,0,0,0,0,1,1.2,0,0,10
406,Marcus Paige,CHA,24,1,0,1,0.2,0,0,0,0,0,0,0,0,0,0,0,0,0,0,0,0,0,0,0,0,0,-1
406,Dwight Buycks,DET,29,1,0,1,0.9,0,0,0,0,0,0,0,0,0,0,0,1,1,0,0,0,0,1,1.2,0,0,4
406,Zaza Pachulia,GSW,34,1,1,0,0,0,0,0,0,0,0,0,0,0,0,0,0,0,0,0,0,0,0,0,0,0,0
406,Zhou Qi,HOU,22,1,1,0,1.2,1,0,0,0,0,0,0,1,2,50,0,0,0,0,0,0,1,0,4,0,0,5