PLAYER,TEAM,AGE,FGM,FGA,FG%,FGM,FGA,FG%,FGM,FGA,FG%,FGM,FGA,FG%,FGM,FGA,FG%,FGM,FGA,FG%
Aaron Brooks,MIN,33,2.6,3.6,72.4,0.2,0.8,27.3,0.6,1.2,47.8,0.5,1.1,44.4,1.6,3.4,48.8,0.8,2.3,32.8
Aaron Gordon,ORL,22,14.4,22.8,63.2,2.3,6.1,37.1,2.2,5.1,42.4,2.5,5.9,42.4,3.7,9.3,40.3,3.8,11.1,33.9
Aaron Harrison,DAL,23,9.9,14.3,69,1.9,5.3,35.4,1.8,2.7,66.7,2.4,4.7,52.4,2.9,8.7,33.3,3.2,8.4,38.2
Aaron Jackson,HOU,32,16,24,66.7,2,7,28.6,1,3,33.3,1,4,25,6,11,54.5,2,9,22.2
Abdel Nader,BOS,24,4.2,7.1,59.8,0.5,1.9,26.8,0.6,1.5,41.9,0.8,1.9,42.2,1.3,3,43.1,1.7,4.2,39.8
Adreian Payne,ORL,27,4,4.8,83.3,0.3,1,25,1,2,50,0.8,2,37.5,1.3,3.3,40,2.3,4.5,50
Al Horford,BOS,32,11.5,19.2,59.8,1.8,5.4,33.9,1.8,4.9,36,2.4,6.6,35.7,3.4,8.3,41.2,3.5,11.8,29.8
Al Jefferson,IND,33,4.9,7.4,65.9,1.1,2.3,46.8,1,2.7,38.7,1.3,2.9,45,0.9,3.1,30.8,2,5.9,34.6
Al-Farouq Aminu,POR,27,10.3,19,54.1,2.3,5.3,43.3,2.1,5.3,38.5,2.6,5.9,43.6,3.5,9,39.5,3.4,9.1,36.8
Alan Williams,PHX,25,4.2,9.4,44.7,1,2.2,45.5,0.8,1.6,50,0.8,2.2,36.4,1.2,2.2,54.5,1.4,5.2,26.9
Alec Burks,UTA,26,5.8,9.5,60.7,1.2,3.2,36.5,1.1,2.4,44.5,1.1,2.7,41.7,2.1,5.2,39.9,1.9,5.3,35.7
Alec Peters,PHX,23,3.9,6.9,55.8,0.9,1.6,54.8,0.8,1.7,44.8,0.7,2.1,35,1.2,3.5,32.8,1.7,4.7,36.2
Alex Abrines,OKC,24,5.5,9.2,60.2,1.1,3.1,34.6,1.1,2.2,48.4,0.9,2.1,43.6,1.9,5.5,35.3,1.8,4.8,37.7
Alex Caruso,LAL,24,6.5,10.1,64.4,1,2.5,39.1,1.1,2.2,48.7,0.8,2.6,30,1.4,4.2,34,1.9,5.9,31.9
Alex Len,PHX,25,7.7,12.8,60.1,1.4,3.3,41,1.4,3.4,41.6,1.8,4.3,41.8,2.6,6.4,41.1,2.9,7.7,37.1
Alex Poythress,IND,24,1.8,2.6,69.8,0.5,1.1,50,0.5,0.7,75,0.3,0.9,29.4,0.5,1.5,33.3,0.5,1.6,27.8
Alfonzo McKinnie,TOR,25,1.4,2.5,57.1,0.6,2.1,28.6,0.3,0.3,100,0.5,1,50,0.7,1.9,36.8,0.6,1.7,35.3
Allen Crabbe,BKN,26,10.7,18.1,59.3,2.7,6.7,40.6,2.7,6.3,43.3,3.3,6.9,47.2,3,8,38.1,2.8,7.7,36.1
Amir Johnson,PHI,31,5.5,9,60.7,1.2,3.3,37.4,1.1,2.6,41.1,1.2,2.9,39.7,1.5,4,36.5,2.1,6.2,34.4
Andre Drummond,DET,24,12.5,19.3,64.7,2.4,6.5,36.3,2.2,5.2,42.1,2.5,5.9,42.8,3.8,9.7,38.7,4.7,12.7,36.8
Andre Iguodala,GSW,34,9.1,15.2,60.1,2,5.2,38.4,1.9,4.7,40.6,1.7,4.9,34.5,2.1,6.3,32.6,3.3,9.7,33.5
Andre Ingram,LAL,32,14.5,24.5,59.2,1,4,25,3.5,5.5,63.6,0,2,0,2.5,7,35.7,5,14,35.7
Andre Roberson,OKC,26,8.8,14.1,62.5,1.6,4.1,39.6,1.3,3.4,37.6,0.9,3,30.8,4.4,11.2,39.3,2.3,7.9,28.7
Andrew Bogut,LAL,33,3.3,5.4,60.5,0.4,1.3,32.1,0.9,1.8,51.4,0.9,1.8,50,0.7,3,23.5,1.4,4.1,33
Andrew Harrison,MEM,23,7.7,12.7,60.8,1.2,3.3,36.4,1.4,3.6,40.3,1.3,3.6,36.2,2.8,6.8,41.7,3.3,9,36.4
Andrew White III,ATL,25,4.5,8,56.7,1,2.2,45.2,1,2.7,36.6,1.4,3.1,43.2,2.4,6.1,38.8,2.3,4.9,46.6
Andrew Wiggins,MIN,23,14.1,22.1,63.9,2.2,5.7,38.8,2,4.9,39.7,2.3,5.8,39.9,4.8,12.7,38,4.6,12.4,36.9
Ante Zizic,CLE,21,3.3,5.1,65.4,1,1.9,53.3,0.6,1,58.3,0.5,1.5,34.4,1,2.3,43.1,1.1,2.9,39.1
Anthony Brown,MIN,25,0,0,0,0,0,0,0,0,0,-,-,-,1,2,50,1,3,33.3
Anthony Davis,NOP,25,13.5,22.5,60.3,2.7,7,38.9,2.7,6.5,40.9,2.9,7.5,39.1,3.9,10.8,35.7,5.1,14.9,34.1
Anthony Tolliver,DET,33,7.4,12,61.6,1.7,4.4,37.7,1.3,3.1,40.9,1.7,4,41.8,2.6,6.5,40.3,3.2,8.7,36.4
Antonio Blakeney,CHI,21,6.1,9.8,61.8,1.1,1.8,58.8,0.7,1.7,39.4,0.8,2.8,30,3.3,7.4,44.4,1.9,6.8,28.7
Antonius Cleveland,ATL,24,2.8,4.7,59.2,0.7,1.5,47.4,0.6,2.2,28.6,0.6,1.4,45,1.1,2.9,40,1,2.9,35
Aron Baynes,BOS,31,5.9,9.9,59.5,1.3,3.4,38.7,1.2,3.1,39.1,1.5,4,38.6,1.7,4.9,35.3,2,6.7,30.4
Arron Afflalo,ORL,32,4.8,8.1,59.8,0.8,2.5,31.1,1,2.3,45.3,0.9,2.8,32.7,1.1,3.3,34.5,2,5.1,39.2
Austin Rivers,LAC,25,13,20.4,63.8,2.2,5.5,40.4,2.4,5.4,43.9,2.5,6.3,39.2,4.2,10.3,41,4.4,12.2,36.1
Avery Bradley,LAC,27,11.3,17.9,63.2,2.5,6.2,40,2.1,4.8,44.1,2.2,5.3,41.4,3.5,8.8,39.7,4.3,11.5,38
Bam Adebayo,MIA,20,7.1,12,59.5,1.3,3.7,34.4,1.2,2.8,42.5,1.4,3.5,39.7,2,5.1,39.3,2.2,6.6,33.2
Ben McLemore,MEM,25,7.1,11.3,63.2,1.2,3.1,39.3,1.2,2.6,44.5,1.1,3,37.5,2.2,5.4,40.7,2.6,7.4,35.9
Ben Moore,IND,23,1.5,1.5,100,0.5,0.5,100,1,1,100,0,1,0,1,2,50,1.5,2,75
Ben Simmons,PHI,21,11,19,57.9,2.5,6.5,38.1,2.4,5.9,40.5,3,7.2,41.5,3.1,8.4,37,4.7,14.2,32.8
Bismack Biyombo,ORL,25,7.4,12.2,60.7,1.2,3.4,34.9,1.4,2.7,49.8,1.4,3.5,39.7,2.2,5.2,42.1,2.2,6.4,34.8
Blake Griffin,DET,29,12.5,20.2,61.8,1.8,5.1,35.5,2.3,5.2,43.2,2.7,6.7,40.8,3.9,10.9,36.1,4.5,12.8,34.8
Boban Marjanovic,LAC,29,2.4,3.9,60,0.5,1.6,33.9,0.9,2,43.5,1.4,2.6,53,1.3,3.5,36.1,1.3,3.5,37.3
Bobby Brown,HOU,33,2.3,4,56.3,0.4,0.8,46.7,0.3,0.9,30.8,0.6,1,58.3,1,2.1,47.2,1.1,2.6,43.1
Bobby Portis,CHI,23,8.7,13.4,64.8,1.1,2.7,40.7,1.2,2.8,43,1.2,3.1,38.8,3.3,8.4,39.3,3.4,9.3,36.4
Bogdan Bogdanovic,SAC,25,10,15.7,63.4,2,4.4,45.5,1.4,3.3,41.9,1.7,4.1,42.1,3.7,9.3,39.9,3.9,10.3,38.3
Bojan Bogdanovic,IND,29,12.1,19,63.3,2.1,5,42.4,1.9,4.7,40.3,2,5.4,37.1,3,7.7,39.2,4.2,12.9,32.7
Bradley Beal,WAS,25,14,22.2,62.9,2.2,5.6,38.5,2,5.4,37.5,2.7,6.7,39.7,3.2,8.9,36.4,4.8,14.1,33.8
Brandan Wright,HOU,30,4.3,7.3,59,0.6,1.9,34,0.9,2.4,37.3,0.9,2.2,41.9,1.4,3.6,38,1.4,4.6,29.5
Brandon Ingram,LAL,20,13.8,23,60.2,2.1,5.7,37.4,1.8,4.7,37.9,2.7,6.5,41.1,3.1,8.9,34.5,4.9,13.3,36.6
Brandon Jennings,MIL,28,7.6,10.9,69.9,0.8,2.5,31.4,0.7,1.9,37,0.6,2.4,26.5,0.9,2.8,33.3,2.1,5.6,38.5
Brandon Paul,SAS,27,3.6,5.7,63.1,1,2,48.5,0.7,1.9,38.7,1,2.3,41.9,1,2.9,34.1,1.1,3.6,32.3
Briante Weber,MEM,25,5.9,9.4,63.3,0.9,1.5,58.3,0.7,1.7,40,0.5,0.9,50,1.7,3.9,42.9,2.7,5.9,45.3
Brice Johnson,MEM,24,2.6,3.5,75,0.4,0.9,42.9,0.3,0.7,36.4,0.1,0.7,20,0.5,1.4,36.8,0.9,3.2,29.1
Brook Lopez,LAL,30,9.3,15.4,60.1,2.1,4.8,43.5,1.4,3.5,40.3,1.8,4.7,38.5,2.4,6.3,38.1,3.5,9.2,38.3
Bruno Caboclo,SAC,22,2.8,4.4,64.2,0.8,2.3,34.8,0.2,1.2,16.7,0.6,1.8,31.3,1.5,4.1,35.6,0.7,1.9,36.8
Bryn Forbes,SAS,24,6.7,11,60.7,1.7,3.8,44,1.5,3.6,42.4,1.5,3.9,39.3,2,5.2,38.6,2.2,6.2,35.1
Buddy Hield,SAC,24,8.6,13.6,63.1,1.7,4.2,40.2,1.4,3,46.9,1.4,3.5,39.7,3.2,8.4,38.1,3.4,9.8,35
C.J. Williams,LAC,28,7,11.4,61.6,1,3,34.3,1.3,3.3,39.2,2,5,39.8,2.6,6.2,42.6,2.5,7.5,33.3
CJ McCollum,POR,26,12.3,22.5,54.6,2.6,5.8,45,2.6,6.4,40.1,3.4,7.9,43.4,4.4,10.9,40.1,4,10.6,37.5
CJ Miles,TOR,31,7.1,12.6,56.7,1.4,4,33.8,1.3,3,43.3,1.3,3.2,42.1,1.5,4.2,35.1,2.1,5.8,36.2
Caleb Swanigan,POR,21,2.3,4,57.7,0.6,1.4,39.3,0.6,1.2,52,0.7,1.5,48.6,1,2.8,37.3,0.6,2.2,27.6
Cameron Payne,CHI,23,8.4,12.9,64.9,1.6,3.1,53.2,0.9,2.7,33.8,1.6,3,52.6,3.8,9.4,40.7,3.4,10.4,33.2
Caris LeVert,BKN,23,9.3,15.8,58.7,2.2,5.1,42.8,2.1,4.9,42.5,2.7,6.3,42.4,3.2,7.9,39.9,3.2,8.7,36.9
Carmelo Anthony,OKC,34,12.1,19,63.8,2.2,5.5,40,1.8,4.5,40.6,1.7,4.5,36.9,4.8,12.4,38.9,3.5,9.7,36.1
Cedi Osman,CLE,23,4.4,7.2,61.4,1.1,2.3,47.2,1,2.1,47.7,0.8,2.3,37.4,1.3,3.5,37.5,2,5,40.2
Chandler Parsons,MEM,29,7,10.9,63.7,1.3,2.9,45.3,1.1,3.1,36.6,0.8,2.7,30.2,2.3,4.8,48,2.8,7.4,36.9
Channing Frye,LAL,35,4.9,8.1,60.7,0.9,2.3,37.2,0.9,2.1,43,0.9,2.8,34.1,1.5,3.7,39.3,1.9,5.5,34.4
Charles Cooke,NOP,23,0.9,2.1,43.5,0.6,1.1,50,0.1,0.2,50,0.2,0.8,25,0.2,0.6,33.3,0.7,1.2,57.1
Cheick Diallo,NOP,21,4.6,7.5,61.4,1.3,2.5,52.9,0.7,2,33.3,1,2.4,43.8,1,3.2,32.3,1.9,4.8,39.3
Chinanu Onuaku,HOU,21,7,14,50,1,3,33.3,0,1,0,0,1,0,2,6,33.3,3,10,30
Chris Boucher,GSW,25,1,1,100,-,-,-,-,-,-,0,0,0,0,0,0,-,-,-
Chris McCullough,WAS,23,1.9,2.7,69.4,0.1,0.8,15.4,0.3,0.9,28.6,0.5,0.9,50,0.5,1.3,42.1,0.9,2.4,37.8
Chris Paul,HOU,33,12.2,19.7,61.7,2.6,6.1,41.7,1.8,4.6,39.7,1.7,4.4,38.3,3.6,9.1,39.3,4.1,11.6,35.1
Clint Capela,HOU,24,11.6,18.4,63.4,2.3,5.3,43.1,1.8,4.6,39.6,1.4,3.9,36.2,3,7.9,37.7,3.3,9.4,35.3
Cody Zeller,CHA,25,6.9,10.4,66.8,1.2,3.5,36,1.2,2.6,44.8,1,2.7,37.8,2.2,5.4,39.9,2.5,7.5,32.9
Cole Aldrich,MIN,29,1,1.3,78.9,0.1,0.3,20,0.3,0.6,50,0.2,0.5,42.9,0.6,1.2,50,0.2,0.8,25
Corey Brewer,OKC,32,6.8,11.2,60.9,1.3,3,42,1,2.4,42.8,1.1,2.7,39.3,2.1,5.6,37.9,2.4,6.1,39.5
Cory Joseph,IND,26,9.7,15,64.5,1.7,4.1,42.2,1.6,3.9,40.5,2.3,5.1,44.9,2.7,6.6,40.7,3.8,12,31.2
Courtney Lee,NYK,32,11.4,19.2,59.2,1.7,4.6,37.7,1.8,4.1,43.2,2.1,4.9,42.1,4,9.8,40.6,4.3,12,36
Cristiano Felicio,CHI,25,6.8,10.3,66.2,0.9,2.2,43.5,0.9,2.2,41.8,1,2.4,41.5,2.6,6.9,37.2,2.8,7.5,37.6
D'Angelo Russell,BKN,22,10.6,18.2,58.2,2.6,6.1,42.1,2.2,4.8,44.8,2,5.1,39.2,2.7,6.8,40.3,3,7.5,40.4
D.J. Augustin,ORL,30,9.7,15.2,63.7,1.5,4,37.9,1.5,3.5,42,1.6,4.4,36.3,2.5,6.7,36.8,2.8,8.4,33.2
D.J. Wilson,MIL,22,1.8,2.5,69.8,0.6,0.7,83.3,0.1,0.2,33.3,0.4,1.1,33.3,0.4,1.4,31.6,0.6,1.1,52.6
Dakari Johnson,OKC,22,1.7,2.7,62.7,0.4,1.3,32.1,0.4,1,42.9,0.4,1.1,32,0.6,2.2,27.6,0.6,1.8,34.7
Damian Jones,GSW,22,2.3,3.9,57.6,0.4,1.2,33.3,0.7,1.2,61.5,0.4,1.1,37.5,0.7,2,33.3,0.5,2.5,21.2
Damian Lillard,POR,27,12.2,22.4,54.5,2.8,6.2,46,2.7,6.6,41,3.2,7.5,42.3,4.4,11.4,38.4,3.9,10.8,36.1
Damien Wilkins,IND,38,2.9,4.8,60.9,1.1,1.8,60.7,0.6,1.4,45.8,0.9,2.3,41,0.4,1.5,23.8,0.8,3.2,25.9
Damion Lee,ATL,25,9,14.7,61.1,1.7,4.1,41,1.9,5.6,34.5,2.6,5.2,50,3.7,9.3,39.3,3.5,11.3,30.8
Damyean Dotson,NYK,24,3.8,6.7,57.1,0.9,2.4,37,0.7,1.5,42.6,0.9,2.3,40.9,1.3,3.9,34.2,1.3,4,31.6
Daniel Hamilton,OKC,22,2.2,3,72.2,0.5,2.5,20,1,2,50,0.3,0.5,50,0.7,1.7,40,0.2,2,8.3
Daniel Theis,BOS,26,5.3,9.5,56.4,0.8,2.4,34,0.7,2,35.8,1.1,2.7,38.4,1.3,3.5,36.8,2.1,5.6,38
Danilo Gallinari,LAC,29,10.7,18.1,58.8,2.1,5.6,37.6,2.5,5.2,48.2,2.5,6.8,36.6,3.9,10.1,38,4.2,12.1,35
Danny Green,SAS,31,8.8,14.9,59.2,1.7,5,34,1.9,4.3,45,2.1,4.8,43.2,2.6,7.2,35.6,2.9,8.2,35.3
Dante Cunningham,BKN,31,8.3,13.3,62.6,1.9,4.4,43.5,1.6,3.8,42.1,1.8,4.4,40.3,2.2,6.3,35.4,2.9,7.8,36.7
Dante Exum,UTA,22,4.8,9.7,49.3,1.6,4.5,36.5,1.2,3.3,37,1.2,3.9,31.5,1.7,3.9,44.4,1.9,4.7,40.9
Danuel House,PHX,25,5,9.1,54.5,1.4,3.2,43.7,1.5,3.4,44,1.7,3.9,44.7,1.6,4.8,33.3,3,7.7,38.2
Dario Saric,PHI,24,9.7,16.9,57.6,2.2,5.5,40.2,1.9,5.1,37.3,2.6,6.5,40,2.9,7.8,36.8,4.3,12.1,35.3
Darius Miller,NOP,28,9.4,14.9,62.9,2.2,4.9,44.9,1.6,4,38.9,1.8,4.3,41.5,2.3,6.7,34,3.2,9.5,33.5
Darrell Arthur,DEN,30,3.9,5.7,68,0.7,1.9,37,0.6,1.4,42.1,0.9,1.8,48.3,0.6,1.9,30.3,1.3,2.9,44.9
Darren Collison,IND,30,11,17.2,63.6,2.1,4.7,44,1.8,4.2,43.2,2.2,5.2,41.7,2.7,7.1,38.6,4.6,12.6,36.4
Darrun Hilliard,SAS,25,2.4,3.5,68.9,0.6,1.3,50,0.8,1.5,50,0.8,1.8,43.5,0.8,1.5,52.9,0.9,2.9,29.3
David Nwaba,CHI,25,9.7,14.9,65.1,1.2,3,39.3,1.2,2.7,42.6,1.4,3.3,41.1,3.2,8.9,36.3,3.6,9.8,36.2
David Stockton,UTA,27,1.7,2,83.3,0,0.3,0,0.7,1,66.7,0,0,0,0.5,1,50,0.7,1.3,50
David West,GSW,37,5.2,8.5,61.1,0.9,2.7,33.8,0.9,2.5,34.2,1,2.5,39.1,1.1,3.3,32.1,1.6,4.9,33.2
Davis Bertans,SAS,25,5.1,8.7,59,1.2,2.9,41.1,1.1,2.7,39.8,1.2,3.2,38.7,1.8,4.3,41.6,1.7,5.1,33.2
Davon Reed,PHX,23,4.6,7.6,60,0.8,1.7,44.4,0.6,1.9,30.6,1,2.9,34.6,1.3,3.1,41.9,1.7,4,42.2
De'Aaron Fox,SAC,20,10.4,16.5,63.2,1.8,4.6,39.5,1.4,3,45,1.5,3.7,39.3,3.9,9.8,39.6,4.1,10.6,38.3
DeAndre Jordan,LAC,29,11.5,18.2,63.3,1.9,4.8,40.7,2.3,5.4,43.4,2.5,6.7,38,4,10.2,39.5,4.3,12.1,35.2
DeAndre Liggins,NOP,30,5.1,8.4,61.2,0.9,2.1,40.2,0.7,1.9,39.2,0.9,2,43.9,1.2,3.1,38.3,1.7,4.4,38.9
DeAndre' Bembry,ATL,23,6,9.5,63.6,1,2.4,41.9,1.3,2.7,46.5,1.6,4,39.6,2.6,5.9,44.2,2.5,7.2,34.3
DeMar DeRozan,TOR,28,12.8,21.8,58.6,2.3,6.6,34.5,2.6,6.1,42.7,2.8,6.7,42.6,2.8,7.8,36.1,4.3,11.4,37.5
DeMarcus Cousins,NOP,27,12.8,20.5,62.3,2.7,6.4,42.7,2.3,5.3,42.7,2.8,7.3,38.8,4.2,11.3,37.2,5.4,14.3,37.7
DeMarre Carroll,BKN,31,10.8,18.4,58.6,2.9,7,41.1,2.5,6.2,40.8,3.2,6.8,47,3.2,8.3,38.2,2.9,7.9,36.2
Dejounte Murray,SAS,21,7.2,12.9,55.7,1.7,4.3,40,1.6,3.8,42.8,1.7,4.4,39.9,2.2,6.2,35.3,2.4,6.7,35.5
Delon Wright,TOR,26,7.8,13.7,56.9,1.4,3.9,34.9,1.3,3.1,42.5,1.4,3.1,44.7,1.6,4.8,33.1,2.4,6.4,36.6
Demetrius Jackson,PHI,23,1.9,2.8,69,0.4,1.4,29.4,0.2,0.9,18.2,0.5,1,50,0.6,1.4,45,1.1,2.9,37.2
Dennis Schroder,ATL,24,11.5,18.6,62.1,2,4.5,45,2.4,5.4,45.1,2.6,5.6,45.5,4.3,11,38.8,4.1,10.6,38.7
Dennis Smith Jr.,DAL,20,10.5,16.2,65.1,2.3,5.6,40.6,2.1,4.5,46.5,2.2,5.3,41.3,4,9.4,43.2,3.9,11,36
Denzel Valentine,CHI,24,10.3,16.2,63.4,1.5,3.7,41.1,1.5,3.9,39.6,2,4.4,46,3.8,9.5,40,3.6,10.4,34.6
Derrick Favors,UTA,26,9.4,15.5,60.7,2.3,5.6,40.4,2.1,5.1,40.4,2.2,5.5,39.4,3.3,8.1,40.1,3.1,8.5,36.1
Derrick Jones Jr.,MIA,21,4.7,8.9,53.1,1.2,3,38.9,1,1.9,51.4,1.2,2.6,44.7,1.1,3,37,1.4,4.4,32.1
Derrick Rose,MIN,29,7.9,12.6,62.7,1.1,3,36.5,1.5,3.1,49.3,1.6,3.2,49.4,2,4.7,42.7,2,5.6,35.8
Derrick Walton Jr.,MIA,23,3.1,5.5,56.6,0.8,2.4,32.4,0.5,1.3,38.9,0.3,1.1,31.3,0.9,1.9,46.4,2,4.7,42.7
Derrick White,SAS,23,3.3,5.3,62.4,0.4,1.5,23.8,0.7,1.7,40.9,0.6,1.9,33.3,0.8,2.8,28.2,0.9,3.6,25.9
Derrick Williams,LAL,27,0,1,0,1,3,33.3,2,2,100,0,0,0,0,1,0,0,1,0
Devin Booker,PHX,21,14,22.6,62,2.2,5.5,39.8,2.1,5.4,39.2,2.7,6,44.3,4.3,11.1,38.3,4.9,12.8,37.8
Devin Harris,DEN,35,6.7,10.6,63.6,1.1,3,37.4,1.3,3.1,40.5,1.4,3.7,36.6,2.6,6.8,38.9,2.1,5.8,36.1
Devin Robinson,WAS,23,2,3,66.7,1,2,50,0,1,0,1,5,20,0,3,0,2,3,66.7
Dewayne Dedmon,ATL,28,8.2,13.5,60.7,1.5,3.5,42.5,1.8,4.2,43.3,2.4,5,48.4,3.4,9,37.4,3.4,9.4,36.6
Deyonta Davis,MEM,21,5.9,9.5,62,0.9,2.4,38.8,1,2.3,42.2,1,2.1,46.3,1.8,4.6,39.6,1.8,5.9,30.3
Dillon Brooks,MEM,22,9.9,16,62,1.6,4.2,38,1.7,4.4,39,1.6,4.1,39.8,3.3,8,40.8,3.6,10.8,33.4
Dion Waiters,MIA,26,10.7,18.2,58.5,2.5,6.3,38.9,1.9,4.9,38.1,1.8,4.9,35.8,3.5,8.2,42.9,3.6,9.2,38.6
Dirk Nowitzki,DAL,40,8.3,12.5,66,1.8,4.5,39.1,2,4.3,47,2.2,5.1,42.3,3.5,8.4,41.2,3.2,8.6,36.7
Domantas Sabonis,IND,22,9.2,14.2,64.5,1.4,3.6,40.7,1.4,3.5,41.6,1.9,4.6,41.8,2.4,6.2,39.2,3.4,10.5,32.8
Donovan Mitchell,UTA,21,11.1,18.3,60.6,2.6,6.5,40,2.2,5.9,36.6,2.6,6.5,40,3.7,9.6,38.2,3.6,10.4,35
Dorian Finney-Smith,DAL,25,7.5,11.5,64.9,1,4.1,24.4,1.7,3,54.7,1.4,4.1,33.7,3,7.2,40.8,2.2,6.3,34.8
Doug McDermott,DAL,26,7.4,12.7,58.4,1.5,4.1,38,1.2,3,40.1,1.8,4,43.6,2.7,6.8,40,2.8,8,35
Dragan Bender,PHX,20,10.1,16.8,60.3,1.7,4.1,40.8,1.7,4,43.3,2.2,4.8,45.4,3.1,7.5,41.5,3.4,9.6,35
Draymond Green,GSW,28,12,19.8,60.7,2.3,6.5,34.9,2.3,6.2,36.5,2.3,5.9,39,3.7,9.8,37.3,4.7,12.9,36.4
Dwayne Bacon,CHA,22,5,8.2,61.6,1,2.5,39.5,1.1,2.5,43.3,1.4,3.3,41.4,1.3,3.8,35,2.1,5.7,35.8
Dwight Buycks,DET,29,5,8.4,59.4,0.9,2.7,34.7,0.9,2.1,41.4,0.7,2.3,32.8,1.9,5.1,36.8,2,5.6,36.2
Dwight Howard,CHA,32,10.5,16.7,62.9,2.2,5.5,39.2,2.6,6.2,42.3,2.9,7.2,40,3.4,8.6,40,4.7,12.5,37.5
Dwight Powell,DAL,26,7.1,10.7,66.5,1.3,3.5,37.9,1.4,3.2,42.3,1.5,3.9,37.6,2.9,7.2,40.5,2.7,7.8,34.8
Dwyane Wade,MIA,36,8.7,14,62.3,1.3,3.4,39,1.2,3.2,38.4,1.5,3.9,38.2,2.6,6.5,39.3,3.2,9.9,32.7
E'Twaun Moore,NOP,29,12,20,60,2.4,6,40.2,2.2,5.4,40.7,2.5,6.4,39.4,3.4,9.3,36.1,4.8,12.6,37.8
Ed Davis,POR,29,6,11.2,53.7,1.4,3.1,44.2,1,2.8,37.2,1.6,3.9,39.9,2.2,5.8,37.7,2.2,5.7,37.7
Edmond Sumner,IND,22,1,1,100,1,1,100,0,0,0,0,0,0,0,2,0,1,1,100
Ekpe Udoh,UTA,31,4.5,7.7,59.1,0.8,2.3,35.7,0.7,1.6,42.3,0.8,2,39.8,1.6,3.8,42.9,1.2,4,30.8
Elfrid Payton,PHX,24,12.9,20.4,63,2,5.5,36.4,2.1,4.6,46.4,2.4,5.4,44,3.8,8.4,45.3,3.5,9.4,37.8
Emeka Okafor,NOP,35,5.5,10.4,53.3,1.4,3.5,40.2,0.8,2.2,37.9,1.2,3.2,37.3,1.2,3.1,37,2,5.3,38
Emmanuel Mudiay,NYK,22,7.9,12.9,61.1,1.3,3.4,36.9,1.1,2.7,40,1.4,3.2,43.8,2.8,6.6,42.4,2.6,6.7,38.8
Enes Kanter,NYK,26,9.9,16.3,61,1.8,4.3,41.4,1.4,3.4,42.3,1.8,4.3,42.2,3.4,8.2,41.3,3.7,9.9,37.2
Eric Bledsoe,MIL,28,12.9,21.4,60.3,1.5,4.5,34.4,1.8,4.7,37.9,1.9,5,38,2.6,6.8,38.7,4.6,12.4,37.3
Eric Gordon,HOU,29,12.8,20.4,62.9,2.3,5.6,40.9,1.8,4.9,36.4,1.7,4.5,37.9,3.2,8.8,35.7,3.8,11.6,32.6
Eric Moreland,DET,26,4.1,6.9,59.2,0.8,2.2,35.2,0.5,1.5,36.7,0.6,1.9,32.8,1.4,3.5,39.6,1.8,5.1,35.5
Erik McCree,UTA,24,1.3,1.3,100,0.7,1,66.7,1,1,100,0,1,0,0.3,0.3,100,0,0.7,0
Ersan Ilyasova,PHI,31,8.9,15,59.6,1.6,4.1,38.3,1.8,4.3,42.3,2,4.7,42.1,3,7.7,38.5,3.3,8.8,37.1
Evan Fournier,ORL,25,14.1,22.2,63.3,2.2,6.1,36.5,2.2,4.9,44.1,2.9,6.1,46.6,3.8,9.3,40.4,3.7,10.6,34.8
Evan Turner,POR,29,8.6,15.6,55.4,2.3,4.7,48.1,1.8,4.4,41.7,2.3,5.6,41.2,3.1,8,38,2.7,7.9,34.6
Frank Kaminsky,CHA,25,8.6,12.9,66.6,1.6,3.8,41.1,1.7,3.6,47.2,1.8,4.2,41.5,2.4,6.4,37.6,3.6,9.4,38.3
Frank Mason,SAC,24,6.4,10.3,62.1,1.6,3.4,48,1.1,2.6,40.6,1.2,2.8,41.7,2.3,6.5,36.2,2.2,6.2,35.9
Frank Ntilikina,NYK,19,7.4,12.9,57.1,1.5,3.8,39.8,1,2.7,36.2,1.4,3.7,38.9,2.7,7,38.5,2.7,7.6,35.5
Fred VanVleet,TOR,24,7,12.8,54.8,1.3,3.9,33.2,1.5,3.3,44.6,1.2,3,40.7,1.7,4.7,35.9,2.2,6.4,34.6
Furkan Korkmaz,PHI,20,2.9,3.8,76,0.7,1.7,42.1,0.2,0.9,20,0.6,1.6,36.8,1.1,1.5,73.3,0.6,1.9,33.3
Garrett Temple,SAC,32,8.3,13.6,61.2,1.7,4.2,41.4,1.2,2.7,44.3,1.3,3.1,41.5,3,8.1,37.3,3.8,9.8,38.4
Gary Harris,DEN,23,13.7,21.5,63.8,2.5,6.3,40.2,2.2,5,43.9,2.7,6.1,44.1,4.6,12.1,37.9,3.5,9.8,36.2
Gary Payton II,LAL,25,4,7.1,55.8,0.9,1.7,52.9,0.6,1.3,43.5,0.9,1.9,48.7,1.2,3,40.6,1.4,3.8,36.1
George Hill,CLE,32,9.8,15.6,63.1,2,4.4,45.2,1.6,3.5,45.5,1.6,4,40.7,3.3,8.4,39.6,4.1,10.7,38.1
Georges Niang,UTA,25,1.1,1.5,75,0.3,0.9,28.6,0.7,1.2,57.1,0.2,1.2,14.3,0.8,2.2,38.5,0.3,0.9,28.6
Georgios Papagiannis,POR,20,3.6,5.2,68.5,0.1,0.5,12.5,0.3,1.2,27.8,0.3,0.7,45.5,1.6,3.2,48.9,1.1,2.6,41.5
Gerald Green,HOU,32,9,14.4,62.8,1.8,4.3,42,1.2,2.9,41.2,1.2,3.2,37.2,2,6.6,30.7,3,8.9,33.7
Gian Clavell,DAL,24,2.7,4.1,65.5,0.3,1.3,25,0.6,1.3,44.4,0.4,1.3,33.3,1.2,2.3,50,1.3,4.6,28.1
Giannis Antetokounmpo,MIL,23,14.4,24.2,59.3,2,5.3,37.8,2,5.1,39.8,2.3,6,37.9,3,8.2,37.2,5.3,14.3,37.4
Glenn Robinson III,IND,24,4.5,7.5,59.5,1.3,2.7,49.2,1,2.3,40.7,1.4,2.8,48.4,1.4,3.7,38.1,2,6,32.8
Goran Dragic,MIA,32,11.4,19.2,59,2.6,7.2,36.4,1.9,4.9,37.5,2.2,5,44.5,2.9,7.7,37.4,3.9,10.7,36.8
Gordon Hayward,BOS,28,1,2,50,0,0,0,1,2,50,0,1,0,1,1,100,0,2,0
Gorgui Dieng,MIN,28,6.9,10.5,65.3,1.1,2.6,43.6,0.8,2,40.8,1.1,2.4,44.3,2.3,6,37.8,2.4,5.9,40.2
Greg Monroe,BOS,28,9.2,14.3,64.7,1.4,3.4,42,1.3,2.9,44.1,1.4,3.3,43.6,2,5.1,39.6,2.4,6.8,34.8
Guerschon Yabusele,BOS,22,2.9,4.8,60.5,0.4,1.1,35.3,0.3,0.9,39.1,0.5,1.3,38.2,0.9,1.9,44.8,1,2.8,35.2
Harrison Barnes,DAL,26,12,18.3,65.8,2.6,6.8,38.3,2.4,5.3,45.6,2.6,6.5,40.6,4.1,10.2,40.3,4.3,11.9,36
Hassan Whiteside,MIA,29,8.5,14.9,57.1,2.2,6,36.6,1.6,4.2,37.3,1.9,4.2,44.1,2.4,6.2,38,3.3,9.1,36.4
Henry Ellenson,DET,21,3.7,5.2,70.9,0.8,2.1,38.5,0.5,1.3,36.6,0.4,1.4,30.4,1.3,3.4,36.9,1,4,25.5
Ian Clark,NOP,27,8.1,13.1,61.5,1.8,4.1,42.9,1.2,3.1,37.7,1.5,3.7,39.7,1.9,5.4,34.8,2.5,7.6,33.3
Ian Mahinmi,WAS,31,5.1,8.2,62.7,0.9,2.3,39.4,0.9,2.1,45.2,1.2,2.8,41.1,1.5,3.8,39.2,2,5.9,34.1
Ike Anigbogu,IND,19,1.8,2.8,64.3,0.7,1,66.7,0.6,0.7,83.3,0.3,1,33.3,0.2,0.8,20,0.3,0.9,37.5
Iman Shumpert,SAC,28,7.6,11.8,64.2,1.3,4.1,31,0.8,2.4,33.3,1.4,3.6,40,2,5,40,2.9,9.6,30.6
Isaiah Canaan,PHX,27,7.9,13,60.8,1.4,3.1,45.2,1.7,3.4,50.7,1.6,4,39.2,2.8,6.8,40.7,2.1,6.6,31.1
Isaiah Hicks,NYK,23,4.8,8.3,57.7,1.4,3.1,46,0.9,2.1,44.4,0.9,2.3,38.1,1.4,4.2,32.9,1.9,4.9,39.8
Isaiah Taylor,ATL,23,5.9,9.6,61.4,0.9,2.3,39.1,1.3,3.3,41,1.5,3.6,42.1,2.5,6.3,39,2.2,6.8,33
Isaiah Thomas,LAL,29,11.7,18.1,64.9,2.6,5.6,46.4,1.8,4.2,42.1,2.2,4.9,44.7,3.3,8.5,38.7,3.4,9.8,35.1
Isaiah Whitehead,BKN,23,4.4,7.2,60.9,1.1,1.9,57.1,0.5,1.8,29.6,0.9,2,46.4,1.5,4.7,31,0.9,3.6,25.9
Ish Smith,DET,29,9.1,14.4,63.6,1.6,4.8,34.2,1.6,3.7,43.2,1.7,4.2,39.8,2.6,7.3,34.9,3.6,9.8,36.7
Ivan Rabb,MEM,21,6.1,9.4,65.4,1.1,2.5,43,0.6,1.7,38.2,1.1,2.4,44.7,1.8,4.7,39,2,5.6,35.4
Ivica Zubac,LAL,21,3.3,6,55.6,0.9,2.3,41,0.6,1.4,46.2,0.8,2.2,36.1,1.2,3.6,33.3,1,3.5,28.4
J.J. Barea,DAL,34,7.7,11.5,67,1.4,4,35,1.9,4,47.1,1.8,4.7,39,3,7.6,40,2.9,8.1,36.3
JJ Redick,PHI,34,9.6,17,56.2,2.3,5.9,39.3,2.4,5.6,42.3,2.6,6.5,39.6,2.8,7.4,38.6,4.5,13.1,34.5
JR Smith,CLE,32,11.7,18.1,64.4,2,4.8,41.1,1.7,3.8,43.9,2.1,4.9,43.4,3.3,7.7,42.3,4.2,11.5,36.7
JaKarr Sampson,SAC,25,4.9,8.9,54.9,1.1,2.5,44.4,0.8,1.6,46.9,0.8,2,39.5,1.9,5.4,35.6,1.7,6.4,25.9
JaMychal Green,MEM,28,9.8,15.1,64.7,1.7,3.9,42.9,1.6,4.3,37.8,1.5,4.2,36.6,3.4,8.2,40.9,3.8,10.6,35.6
JaVale McGee,GSW,30,3.7,6.1,60.1,0.7,2,37.6,0.8,1.6,49,0.7,1.9,38.7,1.1,2.7,39.5,1.3,3.7,36.3
Jabari Bird,BOS,23,4.4,6.8,64,0.8,2,38.9,0.6,1.3,50,0.6,1.9,29.4,1,3.7,27,1.5,4,38.5
Jabari Parker,MIL,23,11,18,60.8,1.1,3.3,32,1.4,3.1,44.3,1.4,4.3,31.8,1.8,5,37,3.5,9.2,37.5
Jack Cooley,SAC,27,3.9,6.3,61.4,1.5,2.5,60,1,1.3,77.8,1.1,2.4,47.1,1.6,4.3,36.7,0.5,4.8,10.3
Jacob Pullen,PHI,28,2.5,3,83.3,0,0.5,0,0,0.5,0,0,0.5,0,0,0.5,0,0,1,0
Jacob Wiley,BKN,23,1.8,3.4,52.9,1,1.8,57.1,0.7,1.7,40,0.2,1.2,16.7,0.8,3.3,23.1,0.6,2.2,27.3
Jae Crowder,UTA,27,9.7,15.5,62.6,2,5,39,1.6,4.2,39.1,2.2,5.2,42.2,2.9,7,41.5,3.6,9.6,37.2
Jahlil Okafor,BKN,22,4,6.5,61.3,1.4,2.6,52.1,1.7,3.3,51.1,1,2.4,40.3,1.6,4.3,38.7,1.3,3.4,38.5
Jake Layman,POR,24,1.5,2.6,58.8,0.5,0.9,52.4,0.3,0.9,36.4,0.3,1,33.3,0.7,1.9,38.2,0.7,1.7,40.4
Jakob Poeltl,TOR,22,6.9,12.3,56.2,1.2,3.5,34.4,1.3,2.8,47.6,1.2,2.9,41.1,1.6,4.3,37.9,2.1,5.7,36.4
Jalen Jones,DAL,25,4.3,6.6,64.6,0.7,2,35.7,0.9,1,85.7,1.7,3.1,55,1.6,4.7,34.8,1.9,4.1,47.4
Jamal Crawford,MIN,38,8.7,13.1,66.5,1.4,3.5,38.7,1.2,2.7,43.5,1.3,3.1,41.2,2.9,7.2,40.2,2.5,6.6,38.3
Jamal Murray,DEN,21,12.3,19.5,62.9,2.5,6.1,40.5,2,4.7,43.2,2.5,5.4,45.9,4.2,11,38.6,3.6,9.1,39.9
Jameel Warney,DAL,24,2.7,3.7,72.7,0.7,1.3,50,0.7,1.7,40,1,1.3,75,1.3,3.7,36.4,1,4,25
Jameer Nelson,DET,36,7,11.2,62.1,1.9,4,47,1.2,3.1,39.9,1.4,3.5,38.9,2.4,6.3,37.5,3,7.9,37.9
Jamel Artis,ORL,25,6.8,12,56.7,1.1,3,35.7,0.9,2.2,42.9,0.9,3.1,30.4,2.3,5.4,42.7,2.7,7.9,34.2
James Ennis III,DET,27,8.2,12.8,63.9,1.3,3.7,36.2,1.4,3.2,42.7,1.3,3.3,38.6,2.6,6.5,40.1,2.7,8.4,32.7
James Harden,HOU,28,14.5,22.6,64.3,2.5,6.2,41.3,2.2,5.4,39.5,1.8,5.1,36.1,3.7,10.3,36.1,4.7,13,35.9
James Johnson,MIA,31,9.2,16.1,57.5,2.2,5.8,37.9,1.4,3.9,36.2,1.9,4.3,42.9,2.5,6.8,36.7,3.4,9.5,35.7
James Michael McAdoo,PHI,25,3,3.7,81.8,0.3,1.3,25,0.3,1,33.3,0.7,1.7,40,0,0.7,0,0.7,2,33.3
James Webb III,BKN,24,4.6,7.4,62.2,1.2,2.2,54.5,0.6,1.8,33.3,0.9,2.6,33.3,1.3,4.2,31.6,1.3,3.2,40.6
James Young,PHI,22,3.3,4.8,69,0.2,1.7,10,0.5,2,25,0.4,2.2,18.2,0.7,2.5,26.7,2.2,5.3,40.6
Jamil Wilson,LAC,27,5.4,9.1,59.6,1.4,3.3,42.9,1.1,3.7,28.6,2.1,4.8,42.9,2,5.3,38,2.5,7.4,34
Jared Dudley,PHX,32,4.8,8,59.9,1,2.2,45.6,1.3,2.7,49.2,1.2,2.7,45,1.6,4.5,35.5,1.9,5.1,37.3
Jarell Eddie,CHI,26,0.7,1.3,50,-,-,-,0,0.3,0,0,0,0,0.3,0.7,50,0.7,1.3,50
Jarell Martin,MEM,24,7.6,12.5,60.8,1.3,3.5,35.9,1.5,3.5,41.3,1.5,3.3,44.2,2.7,6.5,40.8,2.9,8.4,34.7
Jarrett Allen,BKN,20,7.5,13,57.6,1.9,4.6,42.7,1.5,3.6,40.8,1.9,4.4,42.2,2.4,6,39.8,2.1,5.8,36.3
Jarrett Jack,NYK,34,8.8,15.2,58.1,1.5,3.9,38.4,1.6,3.4,47.6,2,4.6,43.2,3,7.6,39.8,3.8,10.3,36.6
Jason Smith,WAS,32,3.2,4.9,65.4,0.6,1.8,34,0.3,0.9,34.6,0.5,1.4,36.4,1.1,2.6,42.2,1.5,4,36.6
Jason Terry,MIL,40,6.9,11.3,60.9,0.9,2.2,41.3,0.9,2,44.7,0.9,2.5,34.9,1.4,3.8,36.2,2.2,5.7,37.6
Jawun Evans,LAC,21,5.5,8.9,62.1,1,2.8,35.8,1.2,2.5,47,1.6,3.8,42,2,5,40.1,1.9,6.4,30.3
Jaylen Brown,BOS,21,11.1,18.4,60.2,1.9,5.4,35.2,1.8,4.9,36,2.3,6.2,36.6,3.1,7.9,38.7,3.5,11.3,31
Jaylen Morris,ATL,22,4.7,8,58.3,0.8,3.3,25,1.3,2.5,53.3,2,5,40,2.8,6.8,41.5,2.2,5.8,37.1
Jayson Tatum,BOS,20,11.2,18.6,60.2,1.8,5.2,35.1,1.6,4.6,33.8,2.4,6.3,38,3,7.5,39.6,3.5,11.4,30.4
Jeff Green,CLE,31,9,14.6,61.7,1.5,3.7,41.5,1.6,3.8,42.7,1.7,4.1,40.4,2.5,6.4,39,3.3,10.1,32.2
Jeff Teague,MIN,30,12.7,19.5,65.3,2,5.4,36.5,1.8,4.5,39.9,2.2,5.4,40.8,4.6,11.7,38.9,4.3,11.6,36.9
Jeff Withey,DAL,28,0.9,1.8,50,0.1,0.4,33.3,0.3,0.6,60,0.3,1,33.3,0.7,1.2,54.5,0.6,2.1,26.3
Jerami Grant,OKC,24,7.3,12.8,57,1.2,3.5,33.7,1.2,2.8,40.9,1.1,2.5,43.1,2.6,7,36.4,2.4,6.1,39.4
Jeremy Evans,ATL,30,2,3,66.7,1,1,100,0,0,0,0,1,0,1,1,100,1,4,25
Jeremy Lamb,CHA,26,8.5,13.3,64.2,1.6,4.2,38.6,1.9,4.2,46.4,1.9,4.8,38.9,2.8,7.1,39.7,3.7,10.1,36.5
Jeremy Lin,BKN,29,16,21,76.2,2,3,66.7,0,2,0,6,8,75,2,6,33.3,3,14,21.4
Jerian Grant,CHI,25,8.7,13.8,63.1,1.2,3.2,37.7,1.2,3.1,40.3,1.4,3.5,40.9,3.1,8,38,3.4,9,38.1
Jerryd Bayless,PHI,29,8.1,13.6,59.4,1.6,4.2,39.5,1.9,4.5,43.4,2,4.1,50,2.5,6.2,40.9,2.9,9.6,30.3
Jimmy Butler,MIN,28,14,21.8,64.1,2.2,5.9,37.5,2.1,5.2,39.8,2,5.3,38.3,4.7,12.8,36.7,4.2,11.6,35.7
Joakim Noah,NYK,33,1.4,2,71.4,0.9,2.1,40,0.4,1.4,30,1,1.5,66.7,0.3,1.2,28.6,0.6,2.1,26.7
Jodie Meeks,WAS,30,5.5,8.5,65.4,1,2.5,40.1,0.8,1.9,44.4,1.1,2.5,42.4,1.4,3.7,38.2,2.2,6,36.7
Joe Harris,BKN,26,8.8,14.6,59.9,2.2,5.3,41.1,2.2,5,44,2.4,5.7,41.3,3,7.6,40.2,2.7,7.7,34.9
Joe Ingles,UTA,30,10.6,17.3,61.2,2.3,6,37.9,2.2,5.9,36.8,2.6,6.3,40.4,3.5,8.9,39.5,3.4,9.6,35.9
Joe Johnson,HOU,37,8.5,14.1,60.1,1.4,3.8,36.2,1.3,2.9,42.9,1.2,3.2,37.4,2.5,6.7,37.2,2.7,7.5,36.2
Joe Young,IND,26,4.2,6.3,67.1,0.9,1.9,46.7,0.8,1.7,43.7,0.8,2.2,36.6,1,2.7,37.7,1.1,4,27.8
Joel Bolomboy,MIL,24,2.5,4.3,58.8,1,2,50,0.5,1.2,42.9,0.5,1,50,1,1.6,62.5,0.6,2.6,23.1
Joel Embiid,PHI,24,9.1,16.4,55.3,2,5.4,36.9,2.4,5.7,41.9,3,7.6,38.8,2.7,6.9,39.6,4,12.8,31.3
Joffrey Lauvergne,SAS,26,4.2,6.4,65.3,0.9,2,43.9,0.6,1.8,33.3,0.7,1.7,39,1.2,2.7,43.1,1.1,3.6,31.5
John Collins,ATL,20,8.2,13.7,59.9,1.4,3.5,38.5,1.9,4.1,45.4,2.2,4.9,44.8,3.2,8.1,40.1,3.2,8.7,36.2
John Henson,MIL,27,10.6,17.4,60.6,1.3,3.6,36.6,1.6,3.9,40.7,1.6,4.3,37.9,2.2,5.8,37.9,3.5,10,35
John Holland,CLE,29,3.7,6.2,60.2,0.8,1.7,46.2,0.8,1.3,57.1,0.6,1.3,45.8,1.2,2.4,47.9,1.3,4.1,32.1
John Wall,WAS,27,13.6,21.9,62.2,1.7,4.8,36,2.1,5.2,41,2.6,7,37.8,3,8.7,33.9,4.8,13.7,35.2
Johnathan Motley,DAL,23,6,8.6,69.5,0.9,2.8,32.1,0.9,1.6,55.6,1.5,3.5,41,1.6,4.8,34,1.7,5.8,29.7
Johnny O'Bryant III,CHA,25,4.2,6.7,62.6,0.8,1.9,43.3,0.8,1.6,48.1,0.9,2.1,42.5,0.9,2.8,33.3,1.2,3.7,32.5
Jon Leuer,DET,29,6.3,9.9,63.3,1.8,4,43.8,1,2.4,42.1,0.6,2.4,26.3,1.3,4.3,29.4,1.6,6.3,26
Jonas Jerebko,UTA,31,5,8.2,60.5,1.4,3.2,42.6,1.2,2.7,43.7,1.1,3,35.9,1.8,4.2,41.7,1.6,4.8,33
Jonas Valanciunas,TOR,26,8,13.6,59.1,1.6,4.7,34.5,2,4.9,41,2.1,4.9,42.9,1.9,5.3,35.8,3,7.6,39.2
Jonathan Gibson,BOS,30,5.5,7.3,75.9,0.5,2.8,18.2,0,0.5,0,0.3,0.8,33.3,1.8,3,58.3,1.5,5,30
Jonathan Isaac,ORL,20,7.3,12.1,60.1,1.4,3.8,35.9,1.4,3.4,39.8,1.2,3.5,34.7,2.1,6,35.8,2.5,7.3,34.2
Jonathon Simmons,ORL,28,12.4,19.4,64,2,5.5,36.1,2.2,4.7,46.3,2.3,5.6,41,3.4,8.4,40.4,3.6,10.1,35.5
Jordan Bell,GSW,23,5.4,9.5,56.8,0.9,2.9,31.8,0.9,2.3,38.7,1,2.7,37.7,1.5,4,36.6,2,5.6,35.6
Jordan Clarkson,CLE,26,9.3,15.3,60.7,1.4,3.8,37,1.5,3.5,42.6,1.5,3.9,38.5,2.2,6.2,36,3.4,9.4,35.6
Jordan Crawford,NOP,29,6.4,8.6,74.4,0.6,1.4,42.9,1,1.8,57.1,0.8,2.4,33.3,0.6,1.6,37.5,2,5,40
Jordan Mickey,MIA,23,4.5,8,56.2,0.9,2.8,32.3,0.7,1.4,50,0.5,1.5,36.4,1.1,2.8,38.7,2.1,4.7,45
Jose Calderon,CLE,36,6.6,10.1,65,1.4,3.4,42,0.9,2.3,39.3,1.1,2.7,38.7,2,4.8,42.1,2.4,6.5,37.2
Josh Gray,PHX,24,6.2,10.6,58.5,1,1.8,55.6,1.4,2.8,50,1.2,2.6,46.2,2.4,5.8,41.4,3.4,6,56.7
Josh Hart,LAL,23,9.2,15.7,58.7,1.7,4,41.3,1.1,2.8,39.5,1.6,4,40.7,2.7,6.6,40.9,3.2,9.2,35.3
Josh Huestis,OKC,26,5.1,8.9,56.8,0.7,2.5,29.4,0.9,2.2,40.5,0.8,1.9,40.7,1.8,5,36.3,1.8,4.5,39.3
Josh Jackson,PHX,21,10.4,17.2,60.2,1.7,3.9,44,1.9,4.1,45.1,1.9,4.6,40.6,3,7.7,38.6,3.5,10.1,35
Josh Magette,ATL,28,4.6,7,66.4,1.1,2.4,47.4,1.4,2.8,48.7,0.8,2.4,33.3,2,5,40,1.2,4.2,29.6
Josh McRoberts,DAL,31,0,1,0,0,0,0,0,0,0,0,0,0,1,2,50,1,1.5,66.7
Josh Richardson,MIA,24,11.5,19.8,57.9,2.5,6.6,38,2,5.1,39.1,2.3,5.6,41.2,3.2,8.6,37.7,4,11,36.5
Josh Smith,NOP,32,1,1.5,66.7,2,3,66.7,0.5,0.5,100,0.3,0.7,50,0.3,2,16.7,0.7,1,66.7
Jrue Holiday,NOP,28,13.4,22.1,60.6,2.6,6.6,38.6,2.5,6,41.2,2.9,7.5,37.8,3.8,10.9,34.8,5.2,14.9,35.1
Juancho Hernangomez,DEN,22,4.4,7.1,61.4,1,2.2,45.5,0.7,2,35.6,1.2,2.3,50,1.9,3.7,51.2,1.2,3.7,31.8
Julius Randle,LAL,23,10.8,18,60.3,2.1,5.1,41.1,1.5,3.8,40.1,1.9,4.9,39.6,2.7,7.4,36.7,3.7,10.3,35.7
Julyan Stone,CHA,29,2.5,4.4,57.7,0.6,1.5,37.9,1.2,2,58.8,1,2.5,40.5,0.5,2.1,23.9,1.3,3.2,39.3
Justin Anderson,PHI,24,5,7.8,63.4,0.9,2.7,31.6,0.8,2.2,35.9,1.1,2.9,37.9,1.3,3.5,37.7,2.1,6.4,32.8
Justin Holiday,CHI,29,11.7,18.9,61.7,1.9,4.6,41.5,1.7,4.3,39.8,2.3,5.4,41.7,4.3,11,39,4.7,12.3,37.7
Justin Jackson,SAC,23,8.1,13,62.2,1.6,3.6,43.2,1.1,2.7,40.8,1.3,3.4,39.4,3.1,7.9,38.7,3.1,8.2,37.3
Justin Patton,MIN,21,0,0,0,0,0,0,0,0,0,-,-,-,1,2,50,1,3,33.3
Justise Winslow,MIA,22,8.3,14.4,58,1.7,5.1,34,1.3,3.5,38.2,1.9,4.3,44.6,2.7,7,37.9,3,8.4,35.9
Jusuf Nurkic,POR,23,8.8,16.6,53.2,2,4.5,45.1,2,5,39.8,2.6,5.8,44.6,3.2,8.2,38.7,2.8,7.8,36.3
Kadeem Allen,BOS,25,3.7,5.7,64.9,0.3,1.1,27.3,0.3,1,33.3,0.4,1,37.5,0.5,1.2,37.5,1.2,4.1,29.8
Karl-Anthony Towns,MIN,22,13.8,21.6,64.1,2.2,5.9,37.6,2,5,40.9,2.2,5.8,38.5,5,12.6,39.9,4,11.3,35.2
Kawhi Leonard,SAS,27,8,14.6,55,1.7,4.8,34.9,2.2,3.9,57.1,1.1,3.7,30.3,2,6.2,32.1,3,8.8,34.2
Kay Felder,DET,23,3.8,5.4,69.7,0.5,1.2,40,0.8,1.6,52.6,0.8,2,38.5,1.5,3.5,41.5,1.3,3.9,32.8
Kelly Olynyk,MIA,27,8.2,13.6,60.7,1.8,4.5,39.7,1.2,3.3,37.1,1.6,3.8,42.2,2.2,5.9,38,2.9,7.9,36.9
Kelly Oubre Jr.,WAS,22,10.7,16.7,64.3,1.7,4.3,39.5,1.4,3.4,40.3,1.9,4.8,40.1,2.4,6.8,35,4.1,11.4,35.5
Kemba Walker,CHA,28,12,18.8,63.7,2.3,6,38.2,2.7,6.5,42.3,3,7.6,38.6,3.8,9.4,40.4,5.4,14.4,37.7
Kendrick Perkins,CLE,33,6,10,60,2,2,100,1,2,50,0,1,0,2,4,50,4,7,57.1
Kenneth Faried,DEN,28,6.4,10,63.6,1,2.5,41.8,0.8,1.9,42.6,1.2,2.6,47.5,1.7,4.1,42.5,1.3,4.3,29.5
Kent Bazemore,ATL,28,10,16.5,60.9,1.8,4,44.8,1.9,4.4,43.2,2.2,5.1,43.3,3.7,9.9,37.3,3.6,9.6,37.3
Kentavious Caldwell-Pope,LAL,25,13.6,22,61.6,2.7,6.5,41.4,2,5,40.6,2.6,6.3,41.5,3.1,8.9,35.1,4.4,12.6,35
Kevin Durant,GSW,29,13.5,22.1,61,2.6,6.9,38.2,2.3,6.2,37.1,2.5,6.6,38.7,3.7,9.8,37.7,4.8,13.5,35.5
Kevin Love,CLE,29,11.4,17.5,65.2,2.1,5,41.4,1.5,4,38.3,2.1,4.7,44,3.5,8,43.6,4.2,11.6,36.5
Kevon Looney,GSW,22,5.1,8.6,59.1,1.2,2.5,48.1,0.9,2.3,37.8,1,2.9,34.6,1.4,4.1,34.6,2,5.4,36.8
Khem Birch,ORL,25,5,8,62.3,0.8,2.5,32.7,0.9,1.8,52.4,1.3,3.2,41.8,1.6,4.4,34.9,1.9,5.4,35.5
Khris Middleton,MIL,26,15,24.4,61.4,1.9,5,37,2,5.1,38.7,2.4,5.9,39.6,3.1,8,38.8,5.2,13.7,37.6
Klay Thompson,GSW,28,13,21.4,60.8,2.4,7,34.6,2.2,6.2,36,2.5,6.3,39.5,3.5,9.9,35,4.8,13.4,35.9
Kobi Simmons,MEM,20,8.1,12.3,65.7,1.2,3.4,36.2,1.4,2.8,49.5,1.3,3.1,42.3,3,6,49.2,2.7,7.5,35.9
Kosta Koufos,SAC,29,6.7,11.2,59.8,1.5,3.6,40.6,1.1,2.7,41.3,1.1,2.9,38.6,2.5,6.4,39.6,2.7,7,38.6
Kris Dunn,CHI,24,11.8,18.2,65,1.7,4.1,40.8,1.7,3.9,42.2,1.9,4.7,41.1,3.9,10,39.3,4.3,11.4,37.7
Kristaps Porzingis,NYK,22,11.1,19.8,56.3,1.7,5,34.5,1.9,4.2,45.5,2.1,5.4,39.5,4.3,11,38.7,4.6,13.1,35.2
Kyle Anderson,SAS,24,9.7,16.5,58.9,1.9,4.9,39.4,2,4.8,42.2,2.3,5.5,42.1,2.3,6.9,33.7,2.9,8,36.5
Kyle Collinsworth,DAL,26,4.8,7.6,63.3,1.4,3.1,44.7,1.3,2,63.6,1.1,2.7,40.7,2,5.2,39.4,2.2,6.6,33.8
Kyle Korver,CLE,37,7.9,13,60.5,1.3,3.2,39.2,1.6,3.7,43,1.2,3.6,34.9,2.5,6.1,40.4,3.1,9.3,33.7
Kyle Kuzma,LAL,22,12.7,20.9,60.9,2.4,5.8,41.3,1.8,4.5,39.7,2.3,5.6,40.5,3,8.6,34.7,4.3,12.1,35.3
Kyle Lowry,TOR,32,11.7,20.1,58.2,2.1,6.3,33.9,2.5,6,41.7,2.6,6.3,41.8,2.7,7.5,36.2,4.2,11.1,38.2
Kyle O'Quinn,NYK,28,5.9,10.6,55.6,1.2,2.6,46.3,1,2.5,39.4,1.4,3.4,40.3,2.4,6,39.4,2.4,6.4,37.4
Kyle Singler,OKC,30,1.7,2.6,65.4,0.4,1.3,30,0.3,0.7,50,0.2,0.9,22.2,0.5,2.1,26.1,0.7,2.1,34.8
Kyrie Irving,BOS,26,12.1,20,60.6,2,5.6,35.3,1.8,5.1,35.9,2.5,6.5,38.8,3.3,8.3,40.2,3.7,12,30.6
LaMarcus Aldridge,SAS,32,11,18.8,58.4,2.3,6.4,36.4,2.6,5.8,44.6,2.9,7,42.1,3.2,9,36.1,3.7,10.3,36.2
Lance Stephenson,IND,27,8.6,12.9,66.5,1.5,3.5,43.6,1.2,2.9,41.7,2,4.3,46.9,2.1,5.2,40,3.2,9.8,33
Lance Thomas,NYK,30,6.7,11.1,60.1,1.2,2.6,46.3,1,2.4,41.6,1.2,3.1,37.1,2.3,5.9,39.5,2.5,7,35.9
Langston Galloway,DET,26,5,8.1,61.8,1.1,2.8,39.4,0.7,2,32.5,0.9,2.6,35.1,1.6,4.2,37.7,2,5.9,33
Larry Drew II,NOP,28,2.6,4.1,63.4,1,2.1,47.1,0.4,1,44.4,0.4,1,44.4,0.1,1.7,6.7,1.8,3.2,56.3
Larry Nance Jr.,CLE,25,8.7,14.1,62,1.4,3.5,39,1.5,3.2,45.3,1.3,3.7,35.7,1.9,5.9,32.9,3.1,8.4,36.5
Lauri Markkanen,CHI,21,11.6,18.3,63.5,1.8,4.5,40,1.7,4,41.5,2.2,4.9,45.3,3.9,10.1,38.4,4.1,11.1,37.5
LeBron James,CLE,33,14.7,23.1,63.7,2.5,6.2,40.9,2.3,5.4,43.4,2.8,6.5,43.6,4.3,10.4,41.9,5.5,15.1,36.7
London Perrantes,CLE,23,3.3,4.1,80.5,0.8,1.1,66.7,0.7,0.9,83.3,0.1,1.1,11.1,0.6,1.4,42.9,0.8,2.1,37
Lonzo Ball,LAL,20,13.7,22.8,60.1,2.8,6.9,41.1,2.1,5.2,40.5,2.4,6.1,39.5,3.2,9.2,34.9,4.8,13.5,35.7
Lorenzo Brown,TOR,27,2.6,4.6,55.4,1,3.1,32.5,0.9,1.9,47.8,0.4,1.7,25,0.8,3,25,1.1,3.6,30.2
Lou Williams,LAC,31,13,20.9,62.1,2.1,5.4,39.2,2.2,4.8,45.1,2.5,6.6,37.8,3.9,10.2,38.2,4.2,11.9,35.2
Luc Mbah a Moute,HOU,31,9.7,16.4,59,1.9,4.2,44.7,1.4,3.5,39.8,1.2,3.6,33.5,2.9,7.8,37.1,3.3,9.6,34.4
Lucas Nogueira,TOR,25,3,5.8,52,0.8,2,42.1,0.6,1.3,42.9,0.6,1.6,40.3,0.8,2.5,31.7,1,2.9,36
Luis Montero,DET,25,2,3,66.7,0,2,0,0,0.5,0,0,1,0,3,3,100,0,1,0
Luke Babbitt,MIA,29,5.1,8.1,63.3,1,2.4,40.3,1.2,2.6,47.1,1.1,2.7,41.6,2.2,5.3,40.8,2.1,5.8,35.7
Luke Kennard,DET,22,6.9,11.4,61.2,1.4,3.8,37.3,1.3,3.1,40.4,1.3,3.1,42.3,2.2,6.1,36.5,2.7,8,33.7
Luke Kornet,NYK,22,6.2,9.8,62.8,1.4,3.4,41.5,1,2.4,41.3,0.9,2.8,34,2.3,5.4,42.6,2.3,6.1,36.9
Luol Deng,LAL,33,7,16,43.8,0,0,0,0,3,0,1,2,50,2,3,66.7,3,7,42.9
Malachi Richardson,TOR,22,4.8,6.9,69.3,0.7,2,34.7,0.5,1.2,40.6,0.5,1.5,32.4,1.8,4.1,45.3,2,5.1,38.3
Malcolm Brogdon,MIL,25,12.1,19.5,62.2,1.4,4.3,33.8,1.5,3.9,37.2,2.1,5.1,41.3,2.6,7,36.7,3.9,9.9,39.4
Malcolm Delaney,ATL,29,6.5,10.3,63.4,0.9,2.7,34.5,1.3,3.1,40.8,1.8,3.6,49.7,2.3,6.3,37.1,2.4,6.5,37.2
Malcolm Miller,TOR,25,3.6,5.4,66.7,0.2,1.1,20,1,1.9,52,1.3,2.4,54.8,0.7,2.4,30.3,0.9,2.9,31.7
Malik Beasley,DEN,21,3.7,6.4,58.5,0.8,2,37,0.8,1.6,48.8,0.8,2,39.1,1.4,3.5,40.8,1.2,3.5,34.9
Malik Monk,CHA,20,5.6,8.4,66.9,1,2.6,38.2,1,2,47.1,1.2,2.8,42.1,1.5,3.9,37.9,2.1,5.5,39.1
Mangok Mathiang,CHA,25,1.8,3,58.3,0.3,0.7,50,0.3,1,33.3,0,1,0,0,1.3,0,0.5,1.3,40
Manu Ginobili,SAS,40,7.3,12,60.7,1.3,3.4,38.1,1.3,3.4,38.9,1.7,4.1,42,2.1,5.4,38.8,2.3,6.4,36.1
MarShon Brooks,MEM,29,11.9,17.6,67.5,1.7,4,42.9,1.7,2.7,63.2,0.6,2,28.6,6,11.9,50.6,2.3,8.3,27.6
Marc Gasol,MEM,33,11.5,18.3,62.6,1.6,4.4,36.4,2,5,39.3,1.8,5.1,34.9,3.9,9.3,42.4,4.6,12.6,36.6
Marcin Gortat,WAS,34,9.8,15.6,62.7,1.5,4,38.8,1.5,4,37.8,2,4.8,41.4,2,5.9,34.5,3.6,10.1,35.4
Marco Belinelli,PHI,32,8.9,14.3,62.6,1.4,3.8,36.2,1.7,4.2,40.4,2,4.7,43,2.8,6.9,39.8,3.3,8.9,37.4
Marcus Georges-Hunt,MIN,24,2.5,3.6,68.9,0.3,0.9,33.3,0.4,0.8,50,0.4,1.1,38.9,1.4,2.9,46.9,0.6,2,28.4
Marcus Morris,BOS,28,10.9,17.5,62.1,1.8,4.6,38.4,1.3,3.9,33.2,2,4.8,41.9,2.6,6.8,39.1,3.2,9.9,32.3
Marcus Paige,CHA,24,2,2.8,71.4,0.3,0.3,100,0.8,1.4,57.1,0.3,1.3,20,0,1,0,0.8,1.6,50
Marcus Smart,BOS,24,10.8,17.9,60.2,1.9,5.4,35.5,1.5,4.1,36.2,2.1,5.9,35.3,2.6,7,37.8,3.6,11.4,31.2
Mario Chalmers,MEM,32,7.8,12.5,61.9,1.1,3.1,34.7,1.2,3.2,35.7,1.1,2.9,37.8,2.4,5.5,44,2.7,8.1,33.6
Mario Hezonja,ORL,23,8.9,14.2,63,1.4,3.9,36,1.3,3,44.9,1.7,4.2,40.3,2.5,6.4,39.3,2.8,8.1,35.1
Markel Brown,HOU,26,5,8,62.5,0,2.7,0,1,1.7,60,0,0.7,0,1,2.5,40,1.3,3.3,38.5
Markelle Fultz,PHI,20,6.5,11.1,58.7,1.3,2.9,43.9,1,2.7,36.8,1.1,3.4,31.9,1.2,4,30.4,2.8,9.1,30.7
Markieff Morris,WAS,28,10.6,16.6,64.1,1.7,4.3,39.9,1.5,4.1,37.6,2,4.8,41.2,2.3,6.6,35.6,3.6,10.5,34.2
Marquese Chriss,PHX,20,8.7,14.2,61.3,1.5,3.6,41.4,1.5,3.4,43.9,1.4,3.7,38.1,2.3,6.6,35.2,2.9,7.3,40.1
Marquis Teague,MEM,25,10.3,15.3,67.4,0.7,2.7,25,1,1.7,60,0.3,1.7,20,5,10,50,2.7,11,24.2
Marreese Speights,ORL,30,4.7,7.4,63.4,0.8,2.6,31.3,1,2,47.5,1.1,3.4,33.9,1.2,3.8,32.1,1.7,5.2,32.3
Marshall Plumlee,MIL,25,3.9,5.7,67.5,0.6,1.8,33.3,0.2,1.6,12.5,0.3,1.7,20,0.8,1.7,50,0.5,2.5,20
Marvin Williams,CHA,32,9.1,14.6,61.9,1.8,4.7,38.6,2.2,5.1,42.3,2.3,5.9,38.7,2.9,7,41.1,3.9,10.7,36.5
Mason Plumlee,DEN,28,7.5,12.6,59.1,1.3,3.7,36.4,1.2,2.9,42.9,1.5,3.4,44.2,2.8,7,40.3,2.3,5.8,39.6
Matt Costello,SAS,24,1.5,2.5,60,1,1.8,57.1,1,1.7,60,0,0.8,0,1.5,3.5,42.9,0.8,2.3,33.3
Matt Williams Jr.,MIA,24,1,2.7,37.5,0,0.7,0,0.5,0.5,100,0,0,0,0,0,0,0,1.3,0
Matthew Dellavedova,MIL,27,7.4,12.3,60.7,1.2,2.9,42.7,1.2,2.8,43.4,1.3,2.9,45.5,1.6,4.1,39.6,2.7,6.9,38.7
Maurice Harkless,POR,25,7.4,13.9,53,1.4,3.3,41.2,1.2,3.3,37.6,1.9,4.3,44.4,2.9,7.2,40.3,2.5,6,42.2
Maxi Kleber,DAL,26,5.7,8.9,64,1.4,3.7,38.8,1.2,2.8,43.9,1.6,3.8,43.9,1.8,4.6,40,2.1,6.2,34.1
Meyers Leonard,POR,26,2.3,3.8,61.2,0.6,1.3,48.6,0.9,1.8,52.1,0.8,1.7,46.9,1.1,2.4,44.6,1,2.7,38.8
Michael Beasley,NYK,29,8.4,14.1,59.3,1.8,3.9,45.9,1.1,3.2,36.1,1.8,4,44.6,2.8,6.9,39.8,2.9,8,36.1
Michael Carter-Williams,CHA,26,5.6,8.8,63.7,1.2,2.7,43.5,1.2,2.6,45.9,1.4,2.8,48.3,1.5,4.2,35.9,2.1,6,35.5
Michael Kidd-Gilchrist,CHA,24,9.1,14.3,63.8,1.8,4.5,40.8,2.1,4.9,42,2.1,5.4,38.6,2.7,6.8,39.6,3.9,10.5,37.4
Mike Conley,MEM,30,10.8,18.8,57.5,1.2,4,29.2,2.3,4.8,48.3,1.7,4.8,35.1,3.1,8.3,37,4.3,13.2,32.3
Mike James,NOP,27,7.3,12,61.1,1.6,3.9,40.4,1.4,3.1,43.4,1.7,4.1,43,2.1,5.3,39.8,2.2,6.8,32.4
Mike Muscala,ATL,26,6.9,11.2,61.9,1,3.1,33.3,1.5,3.8,41.2,1.6,4.1,39.1,2.7,7.3,37.4,3,7.7,39.2
Mike Scott,WAS,29,6.7,10.4,64.1,1.2,3.1,39.2,1,2.3,42,1.4,3.4,41.8,1.8,4.8,37.4,2.8,7.8,35.8
Miles Plumlee,ATL,29,5.7,9.4,60.3,1.3,2.5,54.4,1.2,3.3,36.3,1.7,4,42.1,2.5,6.4,38.8,2.1,5.4,39.2
Milos Teodosic,LAC,31,10.3,16.6,62,1.5,4.2,34.6,1.7,4.1,40.1,2.1,5.4,38.4,2.8,7.8,36.6,3.3,9.3,35.1
Milton Doyle,BKN,24,5.3,8,66.3,1.2,2.5,48,1,2.8,36,0.9,1.9,47.4,1.7,4.7,36.2,1,3.3,30
Mindaugas Kuzminskas,NYK,28,0,0,0,0,1,0,0,1,0,-,-,-,-,-,-,0,1,0
Mirza Teletovic,MIL,32,4.7,9.5,49.5,0.9,2,45,1.8,3.5,51.4,1.6,3.2,50,1.1,3.2,34.4,2.6,6.1,42.6
Monte Morris,DEN,23,3.5,7,50,0.5,1.5,33.3,0.5,2,25,1,1.5,66.7,2,4,50,2.5,6,41.7
Montrezl Harrell,LAC,24,6.4,10.8,59.2,1,3,34.5,1.1,2.5,44.4,1.3,3.5,37.7,2.1,5.3,39,2.2,6.3,35.2
Myke Henry,MEM,25,7.6,11.1,68.8,1.3,2.9,43.9,0.8,1.7,48.5,1.4,2.9,47.4,2.7,6.5,41.1,1.9,6.5,28.7
Myles Turner,IND,22,9.8,16.3,59.8,2.1,4.9,43.7,1.6,3.9,42,2.4,5.4,43.9,2.8,6.9,40.2,4.3,12.3,34.7
Nate Wolters,UTA,27,0.6,1.2,50,0,0,0,0.5,0.5,100,0.5,0.8,66.7,0.5,2,25,1,2.2,45.5
Naz Mitrou-Long,UTA,24,0,0,0,-,-,-,-,-,-,0,0,0,-,-,-,0,0,0
Nemanja Bjelica,MIN,30,8.3,12.5,66.4,1.2,3.1,37.6,1.1,2.7,41.8,1.5,3.6,42.5,2.9,7.5,39.1,2.2,6.8,32.9
Nene,HOU,35,4.9,8,61.2,0.9,2.3,38.5,0.6,1.9,32,1,2.4,39.8,1.4,4.5,32,2.1,6,35.5
Nerlens Noel,DAL,24,5.4,8.4,65,1,3,33.7,1.4,2.7,52.6,1.6,3.5,44.1,2,4.9,41.5,2,5.6,34.9
Nick Collison,OKC,37,1.4,2,71.4,0.4,1.5,25,0.5,1.3,40,0.2,0.5,42.9,0.5,1.6,31.8,1.2,2.8,41.2
Nick Young,GSW,33,6.8,11.3,60.6,1.3,3.2,40.1,1.3,2.8,44.1,1.1,3.2,34.7,1.7,4.7,35,2.4,6.6,35.8
Nicolas Batum,CHA,29,11.5,18,63.9,2.4,5.8,41.2,2.5,5.9,42.2,2.9,7,41.3,3.4,8.3,41.1,4.5,12.2,37.2
Nicolas Brussino,ATL,25,1.5,2,75,0,0.5,0,0,1,0,0,0,0,0,0.7,0,0,3,0
Nigel Hayes,SAC,23,5.1,8,63.9,1,2.7,37.5,0.8,1.8,42.9,1.1,2,57.1,1.1,4.6,25,1.3,5.7,23.5
Nik Stauskas,BKN,24,4.4,7.3,60.5,1.4,3,47.1,1.1,2.7,41.9,1.3,2.9,43.6,1.4,4.1,35,1.2,4,30.9
Nikola Jokic,DEN,23,12.3,19.6,62.7,2.4,6,39.2,2.1,5,42.1,2.4,5.5,43.6,4.6,12,38.5,3.5,9.1,37.9
Nikola Mirotic,NOP,27,11.1,18.2,60.9,2,4.9,40.3,1.7,4.2,39.8,1.9,4.9,38.1,2.8,8,35.5,3.8,11,34.6
Nikola Vucevic,ORL,27,12.4,19.5,63.7,2,5.4,36.4,1.8,4.6,39.6,2.1,5.3,40,3.4,8.6,39.5,3.7,10.2,36
Noah Vonleh,CHI,22,5.3,9.4,56.7,1.2,2.5,48.8,1,2.7,36.1,1.5,3.1,47.2,2.3,5.5,42.2,1.9,6.4,30.2
Norman Powell,TOR,25,6,10,59.7,1,3.2,32.4,1.2,2.8,41.7,1.1,2.6,42.8,1.5,3.9,39,1.9,4.9,38.4
OG Anunoby,TOR,20,7.9,13.8,57.1,1.5,3.9,38.7,1.6,3.7,44.5,1.7,4,41.6,1.4,4.4,32.6,2.4,6.6,36.6
Okaro White,CLE,25,6.4,11.2,57.1,1.3,3,44.4,1.2,3,40,0.6,1.8,33.3,0.8,4.4,18.2,2.2,4.8,45.8
Omari Johnson,MEM,29,6.5,10.5,61.9,1,2,50,1,1.8,57.1,0.8,1.8,42.9,4.8,9.3,51.4,2,6.3,32
Omer Asik,CHI,31,3.6,5.6,64.4,0.8,1.5,50,0.8,2.1,36.1,0.8,2.1,36.1,1.9,4.1,46.4,1.6,3.6,43.8
Omri Casspi,GSW,30,5.6,9.5,59,1.2,3.1,37.5,0.7,2.2,31.8,1,2.8,35.9,1.5,3.7,40.3,1.6,5.1,31.3
Otto Porter Jr.,WAS,25,12,19.1,63,1.9,4.9,40.1,1.8,4.8,36.7,2.5,5.8,43,2.8,7.7,36.7,4.1,12.5,33.2
PJ Dozier,OKC,21,1.5,2,75,-,-,-,0,1,0,-,-,-,0,1.5,0,0,0,0
PJ Tucker,HOU,33,10.6,16.9,62.9,2,4.7,43.2,1.6,4.2,38.9,1.6,4,39.4,3,8,36.7,3.5,10.5,33.8
Pascal Siakam,TOR,24,7.5,13.1,57.4,1.4,4.3,31.8,1.4,3.2,44.1,1.2,3.1,38.2,1.7,4.6,37.2,2.5,6.8,36.8
Pat Connaughton,POR,25,5.5,10.4,53.3,1.2,2.7,46.2,1.2,3.3,36.3,1.7,3.7,46.3,2.3,5.8,39.7,2,5.7,34.7
Patrick Beverley,LAC,29,8.2,14.8,55.2,2,4.4,45.8,2.1,5.2,40.4,3,7.3,41.3,4.2,9.2,45.5,4.2,11.1,37.7
Patrick McCaw,GSW,22,7.4,12.1,61,1.3,3.4,37.1,1.3,2.9,42.4,1.3,3.2,40.8,1.8,4.4,40.2,2.1,6,35
Patrick Patterson,OKC,29,6,10.2,58.6,0.8,2.5,31.7,1,2.1,46,0.8,1.9,44.7,1.9,5.4,35.2,1.8,4.6,39.6
Patty Mills,SAS,29,9.6,15.6,61.6,1.9,4.8,39.9,1.8,4.3,41.6,2,4.9,41.5,2.5,6.8,36.3,2.9,8,36.6
Pau Gasol,SAS,37,7.9,13.8,57.3,1.9,4.5,40.9,1.9,4.4,42.4,2.1,5.2,40.7,2.4,6.7,35.4,2.9,7.9,37
Paul George,OKC,28,13.8,22.4,61.8,2.2,5.8,37.5,2.2,5.1,42.1,1.8,4.9,37.9,5.4,14.1,38.2,4.1,11.1,37.4
Paul Millsap,DEN,33,11.4,19,59.8,2.5,6.2,40.4,1.9,4.4,43.7,1.8,4.7,38.8,4,10.9,36.5,3.7,9.1,40.7
Paul Zipser,CHI,24,6.5,10.1,64.5,0.8,2,37.9,1,2.3,44.9,1,2.4,42.5,1.9,5,38,2.1,5.8,36.2
Quincy Acy,BKN,27,6,10.4,57.9,1.8,4.1,43.2,1.5,3.7,41.9,1.9,4.6,41.9,2.7,6.4,41.8,2.2,5.9,37.8
Quincy Pondexter,CHI,30,2.7,4,69.2,0.6,1.1,52.6,0.6,1.8,35.7,0.5,1.4,34.5,1.5,3.1,47.8,1.1,3.6,31.3
Quinn Cook,GSW,25,9,14.9,60.7,1.9,4.5,42.6,1.7,3.9,42.3,1.7,4.4,38.2,2.7,6.9,39.7,3,8.3,35.7
RJ Hunter,HOU,24,2.8,5.3,52.4,1.7,3.7,45.5,1,1.3,75,1,2,50,1.3,5,25,1,4.2,23.8
Rajon Rondo,NOP,32,10.5,17.3,60.4,1.9,4.8,39.9,1.8,4.5,40.5,2.4,5.8,40.3,2.8,7.8,35.5,3.9,10.6,36.7
Ramon Sessions,WAS,32,6.3,9.4,66.5,1,2.3,45.8,0.5,1.6,28.6,0.9,2.2,41.8,1.6,4.4,37,1.7,5,34.5
Rashad Vaughn,ORL,21,3.6,6.2,57.8,0.7,1.7,38.2,0.4,0.8,42.9,0.8,1.9,42.5,0.8,2.3,34.8,1,3,34.3
Raul Neto,UTA,26,3.5,6.5,54.3,1,2.8,33.6,1,2.2,46.7,0.7,1.8,38.4,1.3,3.6,36.7,1.1,3.8,29
Raymond Felton,OKC,34,6.1,10.6,57.9,0.9,2.8,31.3,1,2.2,44.1,0.9,1.9,44.3,2.1,5.9,34.9,1.9,4.7,39.6
Reggie Bullock,DET,27,10.2,16.1,63.7,1.8,5.3,34.8,1.6,4,40.7,2,4.7,42.8,3,8.3,36.2,4.2,11.5,36.6
Reggie Hearn,DET,26,0.7,0.7,100,0,0.5,0,0,0.3,0,0.5,1,50,1,2,50,0,1,0
Reggie Jackson,DET,28,9.5,14.9,63.7,2,4.8,41.6,1.6,3.9,40.6,2.4,5.3,45.4,3.3,7.2,45.1,3.4,9.9,33.8
Richard Jefferson,DEN,38,2.9,5.3,56,0.8,1.8,46.9,0.8,1.1,72.2,0.9,1.7,50,1.7,3.2,52.7,1,2.9,33.9
Richaun Holmes,PHI,24,5.4,8.9,60.9,1.1,2.9,38.4,1.2,3.1,37.7,1.2,3.2,36.8,1.5,4,38.7,2.5,7,35.9
Ricky Rubio,UTA,27,9.7,15.9,60.8,2.2,5.3,41.5,1.9,5.3,35.2,2.5,5.9,42.6,3.3,8.2,40.5,3.2,9.2,34.8
Robert Covington,PHI,27,10,17.2,58.2,2.2,6,37,2.3,5.4,42.7,2.7,6.8,38.9,2.8,7.7,36.2,4.4,13.4,32.6
Robin Lopez,CHI,30,9.5,15.7,60.7,1.9,4.3,43.7,1.7,4.2,41.4,2.2,5,44.1,3.5,8.9,39.1,3.5,9.4,37.6
Rodney Hood,CLE,25,9.7,15.8,61.4,2.2,5.1,43.1,1.9,4.5,41.8,1.8,4.3,41.6,3,7.9,38.3,3.4,8.9,38.4
Rodney McGruder,MIA,26,5.6,10,56.5,1.4,3.5,38.3,1.1,2.5,44.2,1.2,2.9,40,2.1,4.5,46.9,2.3,5.3,44.2
Rodney Purvis,ORL,24,7,12.1,58,0.8,3.1,26.5,0.9,1.8,48.3,0.9,3.3,28.8,2.1,4.9,42.3,2.8,7.2,38.3
Ron Baker,NYK,25,4.8,8.8,54.9,1.1,2.3,48.4,0.5,2,27.1,1.2,2.4,51.6,1.4,4,35,1.7,4.9,34.4
Rondae Hollis-Jefferson,BKN,23,10.5,17.7,59.4,2.6,6.5,39.1,2.7,6.2,44.1,3.1,6.8,44.9,3.1,7.9,39.3,3,8,37.3
Royce O'Neale,UTA,25,5.2,9,58.1,1.3,3.6,35.5,1.3,3.1,41.3,1.3,3.3,38.8,1.9,4.9,38.2,1.6,5.3,30.8
Rudy Gay,SAS,31,7.3,12.1,60.2,1.6,3.9,41.9,1.8,3.7,47.2,1.5,4,38.9,2,6.2,32.2,2.7,7,38.4
Rudy Gobert,UTA,26,9.8,16.6,59,2.5,6.6,37.8,2.4,7,34.4,3,7.3,40.7,3.4,9,38,3.6,10.1,35.6
Russell Westbrook,OKC,29,13.7,21.9,62.4,2.5,6.2,39.9,2.2,5.2,41.3,1.8,4.8,37.4,5.3,14.1,37.8,4.1,11.2,36.6
Ryan Anderson,HOU,30,11.3,17.5,64.5,1.9,4.7,40.4,1.4,3.8,36.4,1.4,3.7,38.1,2.9,7.5,38,3.4,9.3,36.1
Ryan Arcidiacono,CHI,24,4.6,7.2,63.6,0.6,1.9,29.5,0.8,1.7,46.3,0.7,1.5,44.4,2,5,39.2,1.7,5.1,33.3
Salah Mejri,DAL,32,3.4,5.9,57.9,1.1,2.6,41.2,1.1,2.2,48,0.8,2.4,32.6,1.5,4,37.5,1.6,4.2,36.6
Sam Dekker,LAC,24,4.6,7.4,62.6,0.7,2.2,31.4,0.9,2.1,43,1,2.7,37,1.3,3.5,37,1.5,4.5,32.5
Scotty Hopson,DAL,28,8,9,88.9,1,1,100,1,2,50,0,0,0,0,0,0,1,1,100
Sean Kilpatrick,CHI,28,4.6,7.1,65,1,2.4,41.7,0.8,2,41.1,1,2.1,45.3,1.7,4.3,38.9,2,5.1,39.5
Semi Ojeleye,BOS,23,6,10,60.2,1.2,3.1,37.1,0.7,1.7,40.5,1.3,3.1,41.9,1.4,4,35.5,2.1,5.8,35.5
Serge Ibaka,TOR,28,10.3,17.7,58.1,1.8,5.2,35,2.3,5.4,42.5,2.4,5.6,43.9,2.3,6.6,34.7,3.4,9.3,36.6
Shabazz Muhammad,MIL,25,4.6,6.8,67.7,0.5,1.7,30.9,0.8,1.5,52.6,0.8,1.8,44.6,1.5,3.2,46.9,1.3,3.6,36.4
Shabazz Napier,POR,26,6.9,12.7,54.2,1.4,3.2,44.2,1.4,3.7,37.4,1.9,4.3,45,2.2,6.4,35.3,2.5,6.5,38.5
Shane Larkin,BOS,25,5.4,9,60.2,0.7,1.9,36.3,0.8,2.1,39.8,1.2,2.7,44,1.2,3.7,33.2,1.5,4.7,32.4
Shaquille Harrison,PHX,24,5.6,9.6,58.6,1.1,2.2,49,1.3,3.2,41.2,1.6,3.5,45,1.7,5.1,33.6,2.9,7.2,39.5
Shaun Livingston,GSW,32,5.6,9.5,59.1,1.1,3.2,35.2,1.2,3.2,37.6,1.1,3,35.5,1.3,4,33.7,2.1,5.8,35.4
Shelvin Mack,ORL,28,7.3,12.3,59.4,1.1,3.3,34.4,1.3,2.6,49.2,1.4,3.6,38.2,2.1,5.8,36.7,2.7,7.5,36.5
Sindarius Thornwell,LAC,23,6,9.8,61,1.2,2.9,39.8,1,2.7,35.6,1.2,3.6,34.4,2,5.2,38.3,2.2,6.4,35.3
Skal Labissiere,SAC,22,7.7,11.9,65.2,1.7,4.1,41.1,0.9,2.4,38,1,2.8,37.2,2.7,7,38.6,2.9,7.7,37.9
Solomon Hill,NOP,27,5.3,8.8,60,2.1,4.3,48.1,1.6,3.7,43.2,1.3,2.8,44.1,1,4,25,2.9,7.2,40.7
Spencer Dinwiddie,BKN,25,9.9,16.2,61,2.9,6.7,43.9,2.5,6.3,40.4,3.2,6.9,46.1,3.2,8.3,38.8,2.9,7.8,37.4
Stanley Johnson,DET,22,9.4,15,62.6,1.8,5.1,35.9,1.7,3.8,43.7,1.9,4.9,39.2,3.2,8.2,39.1,4,11.1,35.6
Stephen Curry,GSW,30,12.8,20.6,62.4,2.4,6.4,36.9,2.1,6,35.3,2.4,6.1,39.5,3.6,9.7,37.7,4.7,12.7,37.2
Sterling Brown,MIL,23,6.5,10.8,60.1,0.7,2.2,29.8,0.8,2,39.4,0.7,2.1,32.4,0.9,2.8,33.8,2,6,34.2
Steven Adams,OKC,24,12.3,19.6,62.5,2,5.3,38.7,1.9,4.6,42.2,1.5,4.1,36,4.8,12.8,37.1,3.8,10.3,37.1
T.J. McConnell,PHI,26,7.9,13.4,58.6,1.4,4.2,33.3,1.6,3.9,41.4,1.9,4.9,37.9,2.1,5.4,39.6,3.2,9.2,34.7
TJ Leaf,IND,21,3.7,5.5,68.3,0.6,1.5,41.1,0.6,1.5,41.1,0.8,1.8,45.6,0.8,2.2,39.4,1.2,3.5,33.2
TJ Warren,PHX,24,13.7,22.2,61.5,2.3,5.5,41.1,2.4,5.4,45.4,2.3,6.1,38.6,3.9,10.1,39,4.2,11.5,36.9
Taj Gibson,MIN,33,13,20.4,63.7,2.1,5.3,38.8,1.8,4.6,38,2,5.1,38.7,4.5,11.8,37.8,4,10.9,37.1
Tarik Black,HOU,26,4.3,6.9,62.3,0.6,1.6,37.3,0.6,1.3,44.4,0.5,1.4,32.8,1.1,3.1,36.4,1.4,4.5,32.1
Taurean Prince,ATL,24,10.9,17.7,61.7,1.9,4.3,44.7,2.4,5.4,43.5,2.5,5.8,43.9,4.3,10.4,41.2,4,10.8,36.7
Terrance Ferguson,OKC,20,5.1,8.2,62.2,0.8,2.4,31.5,0.7,1.8,40.6,0.8,1.9,41.1,1.8,4.7,37.5,1.7,4,43.4
Terrence Ross,ORL,27,10.7,17.4,61.6,1.8,5.1,34.1,1.5,4,38.1,2,5,40.3,2.7,6.7,40.4,3,8,37.7
Terry Rozier,BOS,24,9.4,15.7,59.6,1.7,4.6,36.1,1.3,3.5,38.1,1.8,5,36,2.5,6.7,37.2,3.1,9.5,32.5
Thabo Sefolosha,UTA,34,7.2,12.2,58.8,1.3,3.2,40.7,1.3,2.9,45,1.4,3.4,41.2,2.4,6.5,36.7,2.4,6.8,36.2
Thaddeus Young,IND,30,12,19,63,2.3,5.1,44.8,1.9,4.6,42.3,2.3,5.9,39.4,3,7.6,38.7,4.7,13.9,34.1
Thomas Bryant,LAL,20,3.2,4.8,67.7,0.4,0.8,50,0.6,0.9,62.5,0.1,0.8,10,0.5,1.4,35.3,0.7,1.8,39.1
Thon Maker,MIL,21,7.2,11.8,60.7,1,2.4,40.6,0.9,2.1,41.7,1,2.7,39.2,1.5,3.9,38.3,2.3,5.6,41.4
Tim Frazier,WAS,27,4.8,7.3,65.6,0.9,2.2,39.8,0.8,1.9,42.2,1.3,2.7,47.1,1.6,4,39.1,2.1,5.8,36.8
Tim Hardaway Jr.,NYK,26,11.8,19.8,59.4,2.1,5.1,41.4,1.8,4.5,40.1,2.5,6.1,40.9,4.4,10.7,40.8,4.7,13,36.5
Tim Quarterman,HOU,23,1.7,2.7,62.5,0,0.7,0,1,1.5,66.7,0,0.5,0,0.5,2,25,0.3,1.7,20
Timofey Mozgov,BKN,31,3.7,6.5,56.7,1.1,2.5,45.5,1.4,2.7,50.6,1.4,2.8,50.6,1.5,3.6,42.5,1.1,3.7,30.7
Timothe Luwawu-Cabarrot,PHI,23,5.3,8.9,59.6,0.8,2.5,32.3,1.3,3,43,1.2,3.5,35.3,1.4,3.8,36.9,2.3,6.9,32.9
Tobias Harris,LAC,25,12.8,19.9,64.4,2.3,5.8,39.4,2.2,5.1,42.2,2.4,5.8,40.9,4.1,9.9,41,4.6,12.7,36.3
Tomas Satoransky,WAS,26,8.5,13.4,64,1.6,4,40.5,1.2,3.3,35.5,1.6,3.8,42.7,2,5.3,37.8,2.9,9.2,31.7
Tony Allen,NOP,36,4.2,7.5,55.8,1,2,50,0.8,2,37.2,1.1,2.4,47.2,1.5,4.3,35.2,1.7,5,34.9
Tony Bradley,UTA,20,0.8,1.4,54.5,0,0.2,0,0.3,0.6,40,0.3,0.7,50,0.8,1.8,45.5,0.8,1.7,46.7
Tony Parker,SAS,36,6.8,11,61.8,1.7,4.1,40.8,1.6,3.5,46.3,1.8,4,43.7,1.9,5.1,37.9,2.2,6.3,34.4
Tony Snell,MIL,26,11.7,18.5,63.4,1.4,3.9,36.3,1.7,4,41.8,1.7,4.5,38.2,2.4,6.2,38.6,3.9,10.5,36.8
Torrey Craig,DEN,27,6.4,10.3,61.9,0.9,2.6,36,1.1,2.6,43.2,1.2,3.1,39.5,2.3,6.2,36.8,2.1,5,41.3
Travis Wear,LAL,27,5.1,8.3,62.1,1.2,3,39.2,0.6,1.7,37.9,1.3,2.4,55,1.4,3.7,38.1,1.3,4.9,26.2
Treveon Graham,CHA,24,5.9,9.3,63.3,1.2,3,40.6,1,2.3,45.7,1.5,3.3,44.7,1.7,4.6,36.1,2.5,6.4,39.6
Trevor Ariza,HOU,32,14.6,22.6,64.4,2.4,6.1,39,2.1,5.2,40.3,1.7,4.8,36.2,3.4,9.2,36.7,4.3,12.4,34.8
Trevor Booker,IND,30,5.6,8.9,63,1.4,3,44.6,1.3,2.9,42.5,1.5,3.3,46.6,1.8,4.7,38.8,2.2,7,31.6
Trey Burke,NYK,25,8.3,13.6,60.5,2.2,4.3,51.6,1.4,3.2,42.9,1.5,3.7,41.7,2.8,7.1,40,2.6,7.1,35.9
Trey Lyles,DEN,22,7.7,12.3,62.5,1.1,3.2,35.1,1.2,2.7,45,1.4,3.4,42.2,2.5,6.5,38.7,2,5.6,36.6
Trey McKinney-Jones,IND,27,1,1,100,-,-,-,0,0,0,-,-,-,-,-,-,0,1,0
Tristan Thompson,CLE,27,8.1,12.2,66.4,1.5,3.2,45.8,1.5,3.2,45.6,1.6,3.9,42,2.1,5.3,38.8,3.5,9.4,37.2
Troy Daniels,PHX,26,7.9,12.9,61.4,1.6,3.6,43.8,1.6,3.5,46.2,1.7,3.8,45.2,2.3,5.7,40,2.9,7.7,37.5
Troy Williams,NYK,23,6.2,10,61.6,1.4,2.6,54.5,0.9,2.3,40,1.1,2.9,36.5,1.1,3.5,31.1,2,4.9,40.2
Tyler Cavanaugh,ATL,24,5.6,8,69.2,0.8,1.8,44.4,1.2,2.4,48.4,1.2,2.6,44.7,2,4.8,42,1.4,4.3,31.5
Tyler Dorsey,ATL,22,6.3,9.9,63.1,1.1,3,37.6,1.6,3.4,46.4,1.4,3.7,38.5,2.2,5.8,38.2,2.7,6.9,38.7
Tyler Ennis,LAL,23,5,8.4,59.1,1,2.5,39.7,0.8,1.8,42.4,1,2.9,33.6,1.4,3.8,36.9,1.5,4.9,31.4
Tyler Johnson,MIA,26,10.5,17.5,59.7,2,5.7,35.6,1.7,4.2,41.1,1.9,4.6,42,2.7,7.1,37.4,3.4,9.6,35.7
Tyler Lydon,DEN,22,1,2,50,1,1,100,-,-,-,1,1,100,0,0,0,1,1,100
Tyler Ulis,PHX,22,9.1,14.9,61,1.6,3.8,42.5,1.7,4,41.4,1.9,4.3,43.3,2.7,6.9,39.6,3.3,8.7,37.5
Tyler Zeller,MIL,28,6.2,10,61.8,1.2,3.4,35.7,1.4,3.5,39.9,1.9,4.1,46.5,1.6,4.5,36.4,2,5.5,36.5
Tyreke Evans,MEM,28,10.4,17.2,60.7,1.5,4.3,34.2,1.8,5,36.2,1.6,4.4,36.7,3.1,8.3,37.7,4.3,12.2,35.4
Tyrone Wallace,LAC,24,11.7,19.1,61.5,1.7,4.7,36.5,2.1,4.7,45.2,2.2,5.4,41,3.3,9.7,34.5,3.4,10.9,31.6
Tyson Chandler,PHX,35,9.1,14.4,62.8,1.9,4.3,44.2,1.8,4.5,40.9,2.3,5.4,42.1,2.8,7.6,36.3,3.7,9.4,39.5
Tyus Jones,MIN,22,7.2,11.4,63.1,1.2,2.9,42.4,1,2.4,41.4,1,2.6,38.6,2.2,6,36.7,1.9,5.2,36.6
Udonis Haslem,MIA,38,1.6,3.2,50,0.4,1.4,29.4,0.5,0.8,60,0.1,0.5,16.7,0.4,1.5,26.3,0.8,2.1,40.7
Vander Blue,LAL,25,2.8,5,56,0.5,1.5,33.3,0.8,2,40,0.8,1.8,42.9,1.3,2.8,45.5,1,3.2,31.3
Victor Oladipo,IND,26,12,19.6,61,2.3,5.5,41.5,2,4.8,40.7,2.4,6.1,39.9,3.3,8.6,38.7,5.1,15.1,33.9
Vince Carter,SAC,41,6.1,10.2,60,0.9,2.4,38.4,0.7,1.8,39.6,0.9,2.4,39.6,2.4,6,40.5,2.5,6.8,37
Vincent Hunter,MEM,23,0.3,0.5,50,0,0,0,0,0.5,0,0.5,1.5,33.3,1,1,100,0.3,0.7,50
Wade Baldwin IV,POR,22,3.4,5.6,61.5,1,1.7,60,0.8,2.6,30.8,0.8,2,41.7,1.3,3.7,34.6,2,4.4,45.2
Walter Lemon Jr.,NOP,25,4.6,6.2,74.2,1.2,2,60,0.2,0.8,25,0,0.7,0,0.4,1,40,1.2,2.6,46.2
Wayne Ellington,MIA,30,9.1,15.8,58,1.8,5.1,35.3,1.4,3.6,39.1,1.8,4.3,42.5,2.6,7.1,36.7,3.5,9.4,36.9
Wayne Selden,MEM,23,7.6,11.9,63.9,1.1,2.9,39.2,1.1,2.6,42,1.1,2.7,42.6,1.9,5.9,33.2,2.8,7.2,39
Wes Iwundu,ORL,23,6.5,10.1,64.3,1,2.8,35.7,0.9,2,46,1.3,3.5,37.5,1.7,4.6,37.4,2,6.2,32.8
Wesley Johnson,LAC,30,7.5,11.8,63.9,1.1,3.1,37.6,1.5,3.6,42.4,1.8,4.5,39.4,2.5,6.9,36.5,2.6,7.1,37.1
Wesley Matthews,DAL,31,11.6,17.7,65.7,2.7,6.3,42.7,2.7,5.5,49.7,2.7,6.5,41.3,4.3,10.2,42.4,4.3,11.8,36.3
Will Barton,DEN,27,13.6,21.9,62.2,2.4,6.1,39.3,2,4.7,43.1,2.2,5.2,41.3,4.2,11.6,36.5,3.7,9.6,38.5
Willie Cauley-Stein,SAC,24,9.6,15.2,63.7,1.9,4.3,43.7,1.3,3,44.1,1.5,3.7,40.3,3.8,9.9,38.3,4.1,10.9,37.5
Willie Reed,DET,28,4.1,6.4,64.8,0.7,2,33.3,0.7,1.6,44.3,1.1,2.2,52.4,1.3,3.1,41.8,0.9,3.3,28
Willy Hernangomez,CHA,24,3.7,6.3,58.2,0.7,1.7,38.4,0.7,1.6,45.3,1.3,2.4,52.7,1,2.7,35.8,1.7,4.5,38.9
Wilson Chandler,DEN,31,12.7,20,63.2,2.2,5.8,37.9,1.9,4.4,42.4,2.4,5.4,44.4,4.4,11.4,38.3,3.7,9.5,38.7
Xavier Munford,MIL,26,1.6,2,80,0.4,0.6,66.7,0,0,0,0.5,1.8,28.6,0.5,1.3,40,1,2,50
Xavier Rathan-Mayes,MEM,24,8.6,12.8,67.2,2.2,4.2,52.4,1,2.4,41.7,1.6,3,53.3,3.6,7.2,50,2.4,7.4,32.4
Xavier Silas,BOS,30,5,9,55.6,0,0,0,0,1,0,0,0,0,0,1,0,1,2,50
Yogi Ferrell,DAL,25,8.8,14.2,62,2,5.3,38.3,2,4.4,45.9,2.3,5.5,41.5,3.1,8.3,37.7,3.3,9.8,33.3
Zach Collins,POR,20,4.7,8.8,53.9,1.3,2.6,49.4,1,2.8,35.5,1.6,3.8,43.3,1.8,4.9,36.5,2,5,40.6
Zach LaVine,CHI,23,11.6,17.3,67.4,1.7,4,41.2,1.3,3.3,40.5,2.3,4.7,48.2,3.5,9.4,37.3,4,9.7,40.9
Zach Randolph,SAC,36,9.3,14.5,64,1.9,4.1,45.8,1.4,3,44.7,1.8,3.9,45.3,3.4,8.5,40.3,4,9.8,40.6
Zaza Pachulia,GSW,34,5.8,9.2,62.6,1.1,2.8,38.3,1,2.9,35,1.1,2.9,38.8,1.7,4.3,38.9,2.1,5.3,39.5
Zhou Qi,HOU,22,2.5,4.4,57,0.6,1.5,37,0.4,0.9,40,0.5,0.9,58.3,0.8,2.2,35,1.1,3.1,36.4