PLAYER,TEAM,GP,W,L,MIN,PASSES MADE,PASSES RECEIVED,AST,SECONDARY AST,POTENTIAL AST,AST ADJ,AST TO PASS%,AST TO PASS% ADJ
Aaron Brooks,MIN,32,19,13,5.9,9,10.5,0.6,0,1.3,0.7,7,7.3
Aaron Gordon,ORL,58,19,39,32.9,40.2,32.5,2.3,0.2,4.6,2.7,5.8,6.6
Aaron Harrison,DAL,9,2,7,25.9,19.6,21.1,1.2,0,2.8,1.2,6.3,6.3
Abdel Nader,BOS,47,32,15,11.1,8.7,9.1,0.6,0.1,1.3,0.7,6.4,8.6
Adreian Payne,ORL,5,0,5,8.5,10,6.6,0,0,0.2,0,0,0
Al Horford,BOS,69,44,25,31.5,48.9,43,4.7,0.3,8,5.1,9.5,10.3
Al Jefferson,IND,36,17,19,13.4,19.7,15.6,0.8,0.1,1.6,1,4.2,5.1
Al-Farouq Aminu,POR,69,40,29,30,25,19.1,1.2,0.2,2.6,1.6,4.9,6.3
Alan Williams,PHX,5,1,4,14.1,17.6,15.6,1.6,0,3,2,9.1,11.4
Alec Burks,UTA,64,37,27,16.5,16.8,19.8,1,0.3,2.2,1.4,6.2,8.1
Alec Peters,PHX,20,2,18,11.2,11.9,10,0.6,0.1,0.8,0.7,5.1,5.5
Alex Abrines,OKC,73,42,31,15.1,10,10.1,0.4,0.1,1,0.5,3.6,4.5
Alex Caruso,LAL,37,16,21,15.2,24.1,23.9,2,0.3,4.4,2.4,8.4,10.1
Alex Len,PHX,69,20,49,20.2,23.6,17.2,1.2,0.1,2.6,1.3,5,5.7
Alex Poythress,IND,25,10,15,4.2,3.8,2.4,0.1,0,0.2,0.1,2.1,3.2
Alfonzo McKinnie,TOR,14,13,1,3.8,3.1,3,0.1,0.1,0.2,0.1,2.3,4.5
Allen Crabbe,BKN,73,24,49,29.2,29.8,31.3,1.6,0.4,3.4,2,5.3,6.9
Amir Johnson,PHI,74,47,27,15.8,21.5,17.4,1.6,0.1,2.7,1.7,7.4,7.9
Andre Drummond,DET,78,37,41,33.7,34.9,34.5,3,0.1,5.6,3.2,8.7,9.3
Andre Iguodala,GSW,64,46,18,25.4,36,32.1,3.3,0.5,5.7,4,9.1,11
Andre Ingram,LAL,2,1,1,32.1,23,26.5,3.5,0,4.5,3.5,15.2,15.2
Andre Roberson,OKC,37,24,13,26.6,19.2,12.6,1.2,0.2,1.9,1.5,6.2,7.6
Andrew Bogut,LAL,24,7,17,9,13.3,7.5,0.6,0,1.3,0.7,4.7,5
Andrew Harrison,MEM,56,17,39,23.7,41.8,48.1,3.2,0.7,7,4,7.6,9.7
Andrew White III,ATL,15,1,14,13.9,9.9,10.8,0.4,0,1,0.4,4,4
Andrew Wiggins,MIN,82,47,35,36.3,22.1,31.5,2,0.4,3.7,2.5,8.8,11.1
Ante Zizic,CLE,32,21,11,6.7,5.8,4.1,0.2,0.1,0.3,0.2,2.7,3.8
Anthony Brown,MIN,1,0,1,3.7,4,3,1,0,1,1,25,25
Anthony Davis,NOP,75,45,30,36.4,44.7,44.7,2.3,0.3,4,2.7,5.2,6
Anthony Tolliver,DET,79,37,42,22.2,38.1,20.9,1.1,0.1,2.3,1.3,3,3.3
Antonio Blakeney,CHI,19,3,16,16.5,9,16.1,1.1,0,2.1,1.1,11.7,11.7
Antonius Cleveland,ATL,17,7,10,7.2,3.8,4.4,0.1,0,0.6,0.1,3.1,3.1
Aron Baynes,BOS,78,51,27,18.4,21,18.1,1.2,0.1,2.3,1.4,5.6,6.5
Arron Afflalo,ORL,53,16,37,12.9,10.2,10.6,0.6,0.1,1.5,0.6,5.6,6.1
Austin Rivers,LAC,61,30,31,33.7,51,60.5,4,0.6,7.2,4.7,7.8,9.3
Avery Bradley,LAC,46,22,24,31.2,22.7,33.8,2,0.4,3.7,2.5,9,11.1
Bam Adebayo,MIA,68,33,35,19.8,19.6,19,1.5,0.1,3.4,1.5,7.4,7.9
Ben McLemore,MEM,56,7,49,19.5,18.9,19.6,0.9,0.2,1.8,1.1,4.8,6
Ben Moore,IND,2,1,1,4.6,4,1.5,0.5,0,0.5,0.5,12.5,12.5
Ben Simmons,PHI,80,51,29,33.8,74.1,78.4,8.2,1,17.1,9.6,11.1,12.9
Bismack Biyombo,ORL,82,25,57,18.2,23.9,13.8,0.8,0,1.3,0.8,3.4,3.4
Blake Griffin,DET,58,28,30,34,60.7,58.8,5.8,0.4,10.2,6.1,9.5,10.1
Boban Marjanovic,LAC,39,18,21,8.7,7.3,7.9,0.6,0.1,0.9,0.7,7.7,9.2
Bobby Brown,HOU,20,17,3,5.7,8.3,10.9,0.6,0,1.4,0.6,6.6,6.6
Bobby Portis,CHI,73,25,48,22.5,28.8,26.3,1.7,0.1,2.9,1.8,5.8,6.4
Bogdan Bogdanovic,SAC,78,26,52,27.9,35.2,38.1,3.3,0.5,6.6,4,9.4,11.2
Bojan Bogdanovic,IND,80,47,33,30.8,22.2,26.9,1.5,0.2,2.7,1.7,6.7,7.8
Bradley Beal,WAS,82,43,39,36.3,45.2,56.4,4.5,1.1,9,5.9,10.1,13
Brandan Wright,HOU,28,11,17,13.6,14.8,10.8,0.5,0.1,0.8,0.6,3.1,3.9
Brandon Ingram,LAL,59,27,32,33.5,36.5,42.7,3.9,0.6,8.2,4.6,10.7,12.5
Brandon Jennings,MIL,14,8,6,14.7,29.1,31.2,3.1,0.1,5.2,3.4,10.8,11.8
Brandon Paul,SAS,64,38,26,9,8.1,7.9,0.6,0.1,1.1,0.7,7.1,8.7
Briante Weber,MEM,18,8,10,13.1,22.9,20.4,1.2,0.1,3.7,1.4,5.3,6.1
Brice Johnson,MEM,18,2,16,5.4,7.1,4.4,0.1,0.1,0.3,0.1,1.6,1.6
Brook Lopez,LAL,74,34,40,23.4,23.8,25.8,1.7,0.2,2.9,1.9,7.2,7.8
Bruno Caboclo,SAC,12,4,8,8.9,10.3,6,0.3,0,0.3,0.4,3.3,4.1
Bryn Forbes,SAS,80,46,34,19,13.9,18.6,1,0.3,1.9,1.3,7.2,9.4
Buddy Hield,SAC,80,27,53,25.3,23.6,29.5,1.9,0.2,3.9,2.3,8.2,9.6
C.J. Williams,LAC,38,17,21,18.6,14.3,15.3,1.1,0.1,1.7,1.3,7.9,9
CJ McCollum,POR,81,48,33,36.1,35,51,3.4,0.5,7,4,9.6,11.3
CJ Miles,TOR,70,50,20,19.1,12.7,16,0.8,0.1,1.3,0.9,6.2,7.2
Caleb Swanigan,POR,27,16,11,7,5.9,5.7,0.5,0,1.1,0.5,8.8,8.8
Cameron Payne,CHI,25,7,18,23.3,46,49,4.5,0.2,8.7,4.8,9.8,10.4
Caris LeVert,BKN,69,24,45,26.1,35.5,43,4.1,0.4,8.1,4.8,11.6,13.4
Carmelo Anthony,OKC,76,46,30,32,36,28.8,1.3,0.1,2.2,1.4,3.6,3.9
Cedi Osman,CLE,61,35,26,11,10.5,8.5,0.7,0.1,1,0.8,6.4,7.8
Chandler Parsons,MEM,36,12,24,19.2,21.6,22.5,1.9,0.3,3.5,2.2,8.9,10.3
Channing Frye,LAL,53,28,25,13.1,17.1,12.2,0.7,0.1,1.6,1,4.2,6
Charles Cooke,NOP,13,8,5,2.9,1.8,2.5,0.1,0,0.1,0.1,4.3,4.3
Cheick Diallo,NOP,52,29,23,11.2,12.6,6.7,0.4,0,0.5,0.3,2.9,2.7
Chinanu Onuaku,HOU,1,0,1,21.6,18,18,1,0,2,1,5.6,5.6
Chris Boucher,GSW,1,1,0,1.3,3,3,0,0,0,0,0,0
Chris McCullough,WAS,19,11,8,4.7,6.7,4.3,0.2,0,0.4,0.3,3.1,3.9
Chris Paul,HOU,58,50,8,31.8,50.4,59.4,7.9,0.6,15.4,8.9,15.6,17.6
Clint Capela,HOU,74,62,12,27.5,38.4,23.1,0.9,0.2,2.3,1.1,2.4,3
Cody Zeller,CHA,33,14,19,19,13.3,12.8,0.9,0.1,1.7,1.1,7,8.4
Cole Aldrich,MIN,21,14,7,2.3,2.8,2,0.1,0,0.1,0.1,5.1,5.1
Corey Brewer,OKC,72,32,40,16.8,10.3,10.3,0.9,0,1.8,1,8.7,10
Cory Joseph,IND,82,48,34,27,40.7,44.9,3.2,0.5,6.4,3.7,7.8,9.1
Courtney Lee,NYK,75,26,49,30.4,25.9,32.5,2.4,0.3,4.8,2.8,9.2,10.7
Cristiano Felicio,CHI,55,13,42,17.8,15.1,14.8,1,0.1,2,1.1,6.6,7.6
D'Angelo Russell,BKN,48,16,32,25.7,45.7,59.3,5.2,0.5,10.4,6,11.3,13.1
D.J. Augustin,ORL,75,23,52,23.5,40.7,48.3,3.8,0.5,8.3,4.5,9.4,10.9
D.J. Wilson,MIL,22,12,10,3.2,3.9,2.7,0.1,0,0.4,0.2,3.5,4.7
Dakari Johnson,OKC,30,21,9,4.9,4.3,3.8,0.2,0,0.4,0.3,5.5,6.3
Damian Jones,GSW,15,7,8,5.9,4.9,4.5,0.1,0,0.5,0.1,2.7,2.7
Damian Lillard,POR,73,44,29,36.6,54.2,71.9,6.6,0.8,12.7,7.6,12.2,14.1
Damien Wilkins,IND,19,10,9,8,7.3,7.6,0.5,0.1,0.8,0.5,6.5,7.2
Damion Lee,ATL,15,4,11,27,28.3,28.5,1.9,0.3,4.8,2.4,6.8,8.5
Damyean Dotson,NYK,44,11,33,10.8,9.5,10.3,0.7,0.1,1.4,0.9,7.4,9.1
Daniel Hamilton,OKC,6,5,1,4.6,8.2,9.2,1.3,0,2.2,1.3,16.3,16.3
Daniel Theis,BOS,60,41,19,14.9,18.1,14.1,0.9,0,1.6,1,5.1,5.4
Danilo Gallinari,LAC,21,11,10,32,34.4,33.8,2,0.4,3.6,2.4,5.7,7.1
Danny Green,SAS,70,40,30,25.6,28.4,26.2,1.6,0.3,2.8,2,5.5,7.1
Dante Cunningham,BKN,73,34,39,21.4,21.9,14.5,0.7,0.1,1.3,0.8,3,3.5
Dante Exum,UTA,14,10,4,16.8,24.9,30.5,3.1,0.2,4.7,3.3,12.3,13.2
Danuel House,PHX,23,6,17,17.5,14.2,14.3,1.1,0.1,2.2,1.2,7.6,8.3
Dario Saric,PHI,77,49,28,29.6,44.7,37.5,2.6,0.2,4.7,2.9,5.8,6.6
Darius Miller,NOP,82,48,34,23.7,15.8,17.4,1.4,0.1,2.5,1.5,8.6,9.3
Darrell Arthur,DEN,19,12,7,7.4,8.4,7.5,0.5,0.1,0.8,0.6,5.6,6.9
Darren Collison,IND,69,39,30,29.3,49.6,57.1,5.3,0.5,10.1,6,10.8,12.1
Darrun Hilliard,SAS,14,8,6,6.8,7.6,7.5,0.8,0,1.1,0.8,10.3,10.3
David Nwaba,CHI,70,26,44,23.5,14.1,16,1.5,0.2,2.9,1.7,10.5,12.3
David Stockton,UTA,3,3,0,3.1,4.3,7,0,0,0.7,0,0,0
David West,GSW,73,52,21,13.7,19.2,18.9,1.9,0.2,3.4,2.2,9.8,11.6
Davis Bertans,SAS,77,43,34,14.1,18.3,14,1,0.1,1.4,1.1,5.2,5.8
Davon Reed,PHX,21,2,19,11.5,11,10.4,0.6,0.1,1.8,0.9,5.6,7.8
De'Aaron Fox,SAC,73,24,49,27.7,50.9,61,4.4,0.5,8.6,5,8.6,9.8
DeAndre Jordan,LAC,77,39,38,31.5,43.5,22.7,1.5,0.2,2.6,1.8,3.5,4.1
DeAndre Liggins,NOP,57,34,23,12.4,9.6,9.4,0.8,0.1,1.8,0.9,8.6,9.5
DeAndre' Bembry,ATL,25,8,17,18.2,21.8,23.2,2,0.1,4.2,2.1,9,9.6
DeMar DeRozan,TOR,80,57,23,33.9,37.6,54.9,5.2,0.8,10.4,6.1,13.9,16.1
DeMarcus Cousins,NOP,48,27,21,36.2,59.9,60.7,5.4,0.4,9.3,5.9,8.9,9.9
DeMarre Carroll,BKN,71,24,47,29.9,36.5,32.4,2,0.4,4.2,2.4,5.6,6.6
Dejounte Murray,SAS,81,47,34,21.5,40.8,41.4,2.9,0.7,5.7,3.6,7,8.7
Delon Wright,TOR,69,49,20,20.8,32.6,34.5,2.9,0.4,5.9,3.4,8.9,10.5
Demetrius Jackson,PHI,15,12,3,5.3,9.9,10.7,0.6,0,1.8,0.6,6.1,6.1
Dennis Schroder,ATL,66,21,45,30.9,62.7,79.8,6.2,0.7,12.4,7.1,9.9,11.4
Dennis Smith Jr.,DAL,69,22,47,29.7,57.3,67.3,5.2,0.9,10.7,6.2,9.1,10.7
Denzel Valentine,CHI,77,26,51,27.2,27.9,30.7,3.2,0.2,6.5,3.6,11.3,12.8
Derrick Favors,UTA,77,46,31,28,39.3,30.2,1.3,0.2,2.5,1.6,3.4,4
Derrick Jones Jr.,MIA,20,9,11,12.3,7.2,6.5,0.5,0.1,0.9,0.6,6.3,7.7
Derrick Rose,MIN,25,15,10,16.8,18.6,24.6,1.5,0.4,2.3,1.9,8,10.1
Derrick Walton Jr.,MIA,16,8,8,9.2,14.1,12.6,1,0.1,2.5,1.1,7.1,7.6
Derrick White,SAS,17,7,10,8.2,10.6,10.5,0.5,0,0.9,0.5,5,5
Derrick Williams,LAL,2,1,1,4.3,4.5,4.5,0,0,1,0,0,0
Devin Booker,PHX,54,16,38,34.5,38.8,58.4,4.7,0.5,9.6,5.5,12.1,14.1
Devin Harris,DEN,71,33,38,18.9,24.1,27.7,2.1,0.2,3.8,2.3,8.9,9.5
Devin Robinson,WAS,1,0,1,13.2,17,10,0,0,3,0,0,0
Dewayne Dedmon,ATL,61,18,43,24.9,31.8,23.8,1.4,0.1,2.3,1.5,4.5,4.8
Deyonta Davis,MEM,62,16,46,15.2,16.8,11.5,0.6,0,1.3,0.7,3.8,4.3
Dillon Brooks,MEM,82,22,60,28.7,26.2,30,1.6,0.4,3.7,2.1,6.3,7.9
Dion Waiters,MIA,29,15,14,30.8,36.2,48.8,3.9,0.5,7.6,4.5,10.7,12.4
Dirk Nowitzki,DAL,77,24,53,24.7,31,27.8,1.6,0.2,2.4,1.9,5,6
Domantas Sabonis,IND,74,45,29,24.5,42.2,31.8,2,0.2,3.9,2.3,4.8,5.5
Donovan Mitchell,UTA,79,46,33,33.4,37.2,53.2,3.7,0.5,6.8,4.4,9.9,11.7
Dorian Finney-Smith,DAL,21,4,17,21.3,19.6,17,1.2,0,2.5,1.3,6.3,6.8
Doug McDermott,DAL,80,29,51,21.7,18.5,18.7,1,0.2,1.8,1.2,5.3,6.4
Dragan Bender,PHX,82,21,61,25.2,36.8,23.1,1.6,0.1,3.1,1.8,4.3,4.8
Draymond Green,GSW,70,48,22,32.7,63.8,50.9,7.3,0.8,12.2,8.3,11.4,13
Dwayne Bacon,CHA,53,25,28,13.5,9.3,9.5,0.7,0.2,1.5,1,7.7,10.3
Dwight Buycks,DET,29,10,19,14.7,24.3,32,2,0.4,4.1,2.5,8.4,10.4
Dwight Howard,CHA,81,35,46,30.4,30.7,24.7,1.3,0.1,2.6,1.5,4.2,4.9
Dwight Powell,DAL,79,23,56,21.2,25.6,18.4,1.2,0.2,2.4,1.4,4.5,5.3
Dwyane Wade,MIA,67,37,30,22.9,32.6,36.7,3.4,0.3,6.9,3.9,10.5,12.1
E'Twaun Moore,NOP,82,48,34,31.5,26.2,29.7,2.3,0.3,4.2,2.7,8.7,10.4
Ed Davis,POR,78,48,30,18.9,25,11.1,0.5,0,1.4,0.6,2,2.3
Edmond Sumner,IND,1,0,1,2.2,2,3,0,0,0,0,0,0
Ekpe Udoh,UTA,63,36,27,12.9,15,10.4,0.8,0,1.6,0.9,5.6,5.8
Elfrid Payton,PHX,63,13,50,28.7,48.6,56.6,6.2,0.6,12.9,7.1,12.8,14.7
Emeka Okafor,NOP,26,16,10,13.6,10.1,6.8,0.3,0,0.6,0.4,3,3.8
Emmanuel Mudiay,NYK,64,29,35,19.4,33,40.4,3.2,0.3,5.9,3.6,9.7,11
Enes Kanter,NYK,70,26,44,25.8,37.8,26.7,1.5,0.2,2.8,1.7,3.9,4.5
Eric Bledsoe,MIL,74,40,34,31.4,51.2,59.2,5,0.7,9.4,6,9.8,11.8
Eric Gordon,HOU,69,55,14,31.2,21.5,33.1,2.2,0.2,4.1,2.6,10.4,11.9
Eric Moreland,DET,67,32,35,12,13.1,11.2,1.2,0.1,2.2,1.3,8.9,9.9
Erik McCree,UTA,4,4,0,1.9,1.8,1.8,0,0,0.5,0,0,0
Ersan Ilyasova,PHI,69,36,33,25.1,34.2,26.6,1.3,0.2,2.4,1.5,3.8,4.5
Evan Fournier,ORL,57,20,37,32.2,23.3,33,2.9,0.3,5,3.3,12.4,14
Evan Turner,POR,79,48,31,25.7,28.2,27.6,2.2,0.2,4.7,2.4,7.8,8.6
Frank Kaminsky,CHA,79,35,44,23.2,35.8,27,1.6,0.3,3.1,2.1,4.6,5.7
Frank Mason,SAC,52,17,35,18.9,32.5,39.4,2.8,0.5,5.9,3.3,8.7,10.1
Frank Ntilikina,NYK,77,27,50,22,38.1,42.8,3.2,0.6,6.4,3.9,8.5,10.4
Fred VanVleet,TOR,76,55,21,20,29.5,33.6,3.2,0.6,6.4,3.9,10.8,13.1
Furkan Korkmaz,PHI,14,11,3,5.7,4,4.8,0.3,0.2,0.4,0.5,7.1,12.5
Garrett Temple,SAC,65,23,42,24.8,27.9,29.7,1.9,0.3,3.5,2.3,6.8,8.1
Gary Harris,DEN,67,37,30,34.4,24.6,35.6,2.9,0.5,4.8,3.4,11.8,13.8
Gary Payton II,LAL,23,10,13,9.6,11,9.7,0.9,0,1.7,1,8.3,8.7
George Hill,CLE,67,28,39,27,42.6,46.4,2.8,0.4,5.8,3.3,6.5,7.6
Georges Niang,UTA,9,9,0,3.5,3.1,3.6,0.3,0,0.2,0.2,10.7,7.1
Georgios Papagiannis,POR,17,3,14,7.2,10.9,6.7,0.5,0.1,0.8,0.6,4.9,5.4
Gerald Green,HOU,41,33,8,22.7,16.8,19.4,0.6,0.1,1.5,0.7,3.6,4.4
Gian Clavell,DAL,7,0,7,9.1,6.4,7.6,0.4,0,0.9,0.6,6.7,8.9
Giannis Antetokounmpo,MIL,74,39,35,36.7,57.4,56.1,4.8,0.8,9.3,5.7,8.3,9.9
Glenn Robinson III,IND,23,14,9,14.7,11.8,10.7,0.7,0.2,1,1,6.3,8.1
Goran Dragic,MIA,74,38,36,31.7,57.7,66.7,4.8,0.9,10.1,5.9,8.3,10.2
Gordon Hayward,BOS,1,0,1,5.3,7,5,0,0,0,0,0,0
Gorgui Dieng,MIN,79,45,34,16.9,21.6,15.7,0.9,0.2,1.9,1.1,4.2,5
Greg Monroe,BOS,50,21,29,20.5,26.7,24.4,2.3,0.1,4.1,2.4,8.5,9.1
Guerschon Yabusele,BOS,32,23,9,7.3,11.1,9.2,0.5,0.1,0.9,0.6,4.5,5.1
Harrison Barnes,DAL,77,24,53,34.2,39.1,37,2,0.3,3.7,2.4,5,6
Hassan Whiteside,MIA,54,30,24,25.3,18.8,20.1,1,0,2,1,5.3,5.5
Henry Ellenson,DET,38,21,17,8.7,14.6,9.3,0.5,0,1,0.6,3.6,4
Ian Clark,NOP,74,43,31,19.7,17.8,21.1,1.5,0.2,2.6,1.7,8.4,9.7
Ian Mahinmi,WAS,77,42,35,14.9,15.8,10.1,0.7,0.2,1.2,0.9,4.4,5.7
Ike Anigbogu,IND,11,5,6,2.7,4,2.5,0,0,0,0,0,0
Iman Shumpert,SAC,14,9,5,19.7,22.6,20.4,1.2,0.4,1.9,1.7,5.4,7.6
Isaiah Canaan,PHX,20,9,11,21.1,41.4,46.8,3.8,0.4,8.2,4.5,9.2,10.9
Isaiah Hicks,NYK,18,4,14,13.3,13.4,11.5,0.9,0.1,1.7,1,6.6,7.5
Isaiah Taylor,ATL,67,18,49,17.4,30.4,36.2,3.1,0.2,6.1,3.4,10.1,11.1
Isaiah Thomas,LAL,32,15,17,26.9,37,51.7,4.8,0.7,9,5.6,12.9,15.1
Isaiah Whitehead,BKN,15,2,13,10.9,12.4,17.5,1.3,0.1,2.7,1.3,10.2,10.8
Ish Smith,DET,82,39,43,24.9,48.7,55.3,4.4,0.6,9.2,5.1,9,10.5
Ivan Rabb,MEM,36,6,30,14.3,18.5,13.7,0.9,0.1,1.6,1.1,4.8,5.9
Ivica Zubac,LAL,43,19,24,9.5,13,8.8,0.6,0,0.8,0.6,4.5,4.8
J.J. Barea,DAL,69,23,46,23.2,48.5,54.7,6.3,0.8,11.1,7.3,13,15.1
JJ Redick,PHI,69,45,24,30.2,28.7,38.5,3,0.5,5.1,3.6,10.4,12.4
JR Smith,CLE,80,49,31,28.1,22.3,22.2,1.8,0.3,3.4,2.1,7.9,9.4
JaKarr Sampson,SAC,22,6,16,15.6,15.1,9.7,0.4,0,1.3,0.4,2.7,2.7
JaMychal Green,MEM,55,11,44,28,33.9,23.7,1.4,0.2,2.7,1.7,4.2,4.9
JaVale McGee,GSW,65,45,20,9.5,9.4,7.5,0.5,0,0.8,0.6,5.4,6.2
Jabari Bird,BOS,13,8,5,8.8,5.2,5.8,0.6,0.2,0.8,0.9,11.8,17.6
Jabari Parker,MIL,31,16,15,24,31.5,27.6,1.9,0.2,3.9,2,6.1,6.4
Jack Cooley,SAC,7,4,3,12.5,12.9,11.6,0.9,0,1.1,0.9,6.7,6.7
Jacob Pullen,PHI,3,2,1,2,2,3,0,0,0.7,0,0,0
Jacob Wiley,BKN,4,1,3,8.1,10,4.5,0.5,0,0.5,0.5,5,5
Jae Crowder,UTA,80,52,28,26.1,27.9,23.3,1.2,0.1,1.9,1.4,4.4,5
Jahlil Okafor,BKN,28,7,21,12.6,13.6,13.7,0.4,0,1,0.5,3.1,3.4
Jake Layman,POR,35,22,13,4.6,3.6,3.9,0.3,0,0.4,0.3,8.7,9.4
Jakob Poeltl,TOR,82,59,23,18.6,20.5,13.5,0.7,0.1,1.4,0.8,3.4,4.1
Jalen Jones,DAL,16,3,13,11.3,9.5,8.3,0.3,0.1,0.9,0.4,2.6,4.6
Jamal Crawford,MIN,80,45,35,20.7,17.7,26.4,2.3,0.3,4,2.8,13.1,15.9
Jamal Murray,DEN,81,46,35,31.7,52.9,61.6,3.4,0.8,6.9,4.2,6.4,8
Jameel Warney,DAL,3,1,2,9,7,7.3,0,0,0.3,0,0,0
Jameer Nelson,DET,50,25,25,20.3,41.3,41.8,3.6,0.6,6.7,4.2,8.7,10.1
Jamel Artis,ORL,15,4,11,18.6,17.7,17.2,1.2,0.3,3.1,1.5,6.8,8.3
James Ennis III,DET,72,25,47,22.3,14.3,14,1,0.2,2,1.3,6.9,8.8
James Harden,HOU,72,59,13,35.4,51.2,73.2,8.8,0.8,16.3,10.1,17.1,19.7
James Johnson,MIA,72,36,36,26.6,40.6,34.4,3.8,0.2,7.6,4.2,9.5,10.3
James Michael McAdoo,PHI,3,1,2,6,6.7,6,0,0,0,0,0,0
James Webb III,BKN,10,1,9,12,18.8,10.5,0.4,0.1,0.6,0.5,2.1,2.7
James Young,PHI,6,4,2,10.2,5.8,7.3,0.3,0,0.7,0.5,5.7,8.6
Jamil Wilson,LAC,15,6,9,18.3,20.7,16,0.7,0,1.6,0.7,3.2,3.2
Jared Dudley,PHX,48,7,41,14.3,24.7,16.4,1.6,0.1,3,1.8,6.6,7.2
Jarell Eddie,CHI,3,1,2,2.9,2,2,0,0,1,0,0,0
Jarell Martin,MEM,73,21,52,22.7,26.6,18.6,1,0.1,2,1.2,3.8,4.5
Jarrett Allen,BKN,70,24,46,20,24.3,18.8,0.7,0.1,1.4,0.8,2.9,3.3
Jarrett Jack,NYK,61,25,36,24.8,51,57.8,5.6,0.6,10.2,6.3,11,12.4
Jason Smith,WAS,33,15,18,8.6,11.4,8.3,0.4,0.1,1,0.5,3.7,4.2
Jason Terry,MIL,51,27,24,16,14.9,13.3,1.2,0.1,2,1.3,7.8,8.6
Jawun Evans,LAC,48,24,24,16.2,24.6,27.5,2.1,0.3,3.9,2.5,8.5,10.2
Jaylen Brown,BOS,67,44,23,30.6,23.2,25.7,1.7,0.2,3.1,1.9,7.2,8.3
Jaylen Morris,ATL,6,2,4,16.4,11,10.8,1.2,0,2.2,1,10.6,9.1
Jayson Tatum,BOS,77,50,27,30.7,27.8,28,1.6,0.2,3.1,1.9,5.8,6.7
Jeff Green,CLE,78,47,31,23.4,22.1,22.4,1.3,0.2,2.3,1.4,5.8,6.5
Jeff Teague,MIN,70,41,29,33,57.4,66.5,7,0.5,12.1,8,12.2,14
Jeff Withey,DAL,10,2,8,3.9,3.7,3.7,0,0,0.3,0,0,0
Jerami Grant,OKC,80,48,32,20.3,22.5,16.1,0.7,0.1,1.8,0.9,3.1,3.8
Jeremy Evans,ATL,1,0,1,5.4,6,5,0,0,1,0,0,0
Jeremy Lamb,CHA,80,36,44,24.6,22.3,27,2.3,0.4,4.5,2.9,10.4,13.2
Jeremy Lin,BKN,1,0,1,25.2,32,49,4,0,7,4,12.5,12.5
Jerian Grant,CHI,74,24,50,22.8,40.5,44.4,4.6,0.4,8.9,5.1,11.4,12.6
Jerryd Bayless,PHI,38,21,17,23.9,20.9,25.9,1.4,0.4,3.1,1.9,6.8,8.9
Jimmy Butler,MIN,59,37,22,36.7,40.6,48,4.9,0.4,9.2,5.4,12,13.4
Joakim Noah,NYK,7,1,6,5.7,11,6.9,0.6,0,2,0.6,5.2,5.2
Jodie Meeks,WAS,77,41,36,14.5,12.8,16.1,0.9,0.1,1.8,1.1,7.1,8.3
Joe Harris,BKN,77,26,51,25.3,26.6,26.1,1.6,0.3,3.6,2.1,6.2,7.7
Joe Ingles,UTA,82,48,34,31.4,38.7,42.1,4.8,0.5,8.6,5.7,12.3,14.7
Joe Johnson,HOU,55,35,20,21.9,25.7,21.3,1.5,0.2,3.6,1.7,5.9,6.7
Joe Young,IND,53,28,25,10.5,11.9,14.7,0.7,0.1,1.6,0.9,6.2,7.3
Joel Bolomboy,MIL,6,3,3,6.3,5.8,3.8,0,0.2,0.7,0.2,0,2.9
Joel Embiid,PHI,62,41,21,30.3,50.6,51.5,3.1,0.3,5.7,3.6,6.2,7.1
Joffrey Lauvergne,SAS,55,30,25,9.7,10.5,8.9,0.7,0.1,1.4,0.9,7.1,8.2
John Collins,ATL,73,21,52,24.1,36.3,25.7,1.3,0.2,2.5,1.5,3.7,4.2
John Henson,MIL,75,39,36,26,21.4,18.7,1.5,0.1,2.3,1.7,7.1,7.9
John Holland,CLE,24,17,7,7.3,5,5.7,0.2,0.1,0.5,0.3,4.2,5.8
John Wall,WAS,41,23,18,34.4,54.2,69.5,9.6,0.7,17.6,10.5,17.7,19.4
Johnathan Motley,DAL,11,1,10,16,17.2,15.8,0.6,0.1,1.2,0.7,3.7,4.2
Johnny O'Bryant III,CHA,36,15,21,10.5,11.6,9.8,0.4,0.1,1.3,0.5,3.4,4.1
Jon Leuer,DET,8,5,3,17.1,22,15.6,0.6,0.3,1.4,0.9,2.8,4
Jonas Jerebko,UTA,74,45,29,15.3,22.4,16.7,0.6,0.1,1.2,0.7,2.5,3.1
Jonas Valanciunas,TOR,77,56,21,22.4,35.3,24,1.1,0.2,2.1,1.3,3,3.6
Jonathan Gibson,BOS,4,2,2,10,6.8,12.5,1,0,1.8,1,14.8,14.8
Jonathan Isaac,ORL,27,11,16,19.8,20.9,13.3,0.7,0.1,1.4,0.8,3.2,3.9
Jonathon Simmons,ORL,69,21,48,29.4,26.2,34.5,2.5,0.2,5.4,2.9,9.5,10.9
Jordan Bell,GSW,57,43,14,14.2,22.5,15.6,1.8,0.2,3,2,8,8.9
Jordan Clarkson,CLE,81,40,41,23.3,25.6,35.3,2.7,0.3,5.2,3.1,10.7,12.3
Jordan Crawford,NOP,5,3,2,10.7,19.4,22.2,2.6,0.2,4,2.8,13.4,14.4
Jordan Mickey,MIA,23,15,8,12.4,18.3,9.7,0.4,0,1,0.4,2.1,2.1
Jose Calderon,CLE,57,33,24,16,26.2,25.6,2.1,0.5,3.8,2.6,7.8,10.1
Josh Gray,PHX,5,0,5,17.3,32.2,38,2.4,0.4,5.6,2.8,7.5,8.7
Josh Hart,LAL,63,27,36,23.2,16.4,16,1.3,0.2,2.3,1.5,7.8,9.4
Josh Huestis,OKC,68,43,25,14.2,9.5,6.4,0.3,0.1,0.5,0.4,2.9,3.7
Josh Jackson,PHX,77,19,58,25.4,20.8,24.7,1.5,0.1,3.1,1.8,7.4,8.5
Josh Magette,ATL,18,3,15,12,24,25.7,3.2,0.2,6.1,3.3,13.2,13.9
Josh McRoberts,DAL,2,2,0,2.9,2.5,2,0,0,0,0,0,0
Josh Richardson,MIA,80,43,37,33.2,41.7,42.8,2.9,0.4,5.9,3.4,6.9,8.1
Josh Smith,NOP,3,2,1,3.9,7,4,0,0,2,0.7,0,9.5
Jrue Holiday,NOP,81,47,34,36.1,54.8,61.6,6,0.7,11.1,7,10.9,12.8
Juancho Hernangomez,DEN,25,15,10,11.1,10.4,7.8,0.5,0.1,0.9,0.6,4.6,5.4
Julius Randle,LAL,82,35,47,26.7,34.1,32.2,2.6,0.4,4.9,3,7.5,8.8
Julyan Stone,CHA,23,10,13,7.6,9.3,8.1,1.1,0.1,2.3,1.3,12.2,14.6
Justin Anderson,PHI,37,27,10,13.9,13.4,13.9,0.7,0.2,1.4,0.8,5,6.3
Justin Holiday,CHI,72,24,48,31.5,20.6,28,2.1,0.3,3.9,2.5,10.3,12.3
Justin Jackson,SAC,68,21,47,22.2,19.8,17.9,1.1,0.2,2,1.3,5.5,6.5
Justin Patton,MIN,1,0,1,3.7,2,2,0,0,0,0,0,0
Justise Winslow,MIA,67,32,35,24.7,36.7,26.9,2.2,0.2,4.7,2.4,6,6.5
Jusuf Nurkic,POR,79,48,31,26.4,40.3,29.7,1.8,0.1,3.6,2.1,4.5,5.1
Kadeem Allen,BOS,18,9,9,6,8.8,8.9,0.7,0.1,1.2,0.7,7.6,8.2
Karl-Anthony Towns,MIN,82,47,35,35.6,50,40.7,2.4,0.3,4.3,2.8,4.9,5.7
Kawhi Leonard,SAS,9,5,4,23.3,23.9,32.3,2.3,0.2,5.1,2.6,9.8,10.7
Kay Felder,DET,16,6,10,8.7,14.1,18.5,1.3,0.3,2.6,1.6,8.9,11.6
Kelly Olynyk,MIA,75,41,34,23.3,38,31.1,2.7,0.2,5.3,3,7.2,8
Kelly Oubre Jr.,WAS,81,43,38,27.5,21.1,22.3,1.2,0.1,2.2,1.4,5.7,6.5
Kemba Walker,CHA,80,36,44,34.2,56.5,73.3,5.6,1,10.5,6.9,9.8,12.2
Kendrick Perkins,CLE,1,0,1,14.5,19,15,2,0,4,3,10.5,15.8
Kenneth Faried,DEN,32,16,16,14.4,13.8,10,0.6,0.1,1.1,0.6,4.1,4.5
Kent Bazemore,ATL,64,19,45,27.5,37.2,37.9,3.5,0.3,6.5,3.8,9.4,10.3
Kentavious Caldwell-Pope,LAL,74,31,43,33.2,28.6,29,2.2,0.3,4.3,2.6,7.6,9
Kevin Durant,GSW,68,49,19,34.2,42,51.4,5.4,0.7,9,6.3,12.8,14.9
Kevin Love,CLE,59,37,22,28,35.5,27.7,1.7,0.3,3.1,2.2,4.9,6.1
Kevon Looney,GSW,66,45,21,13.8,16.8,12.3,0.6,0.1,1.3,0.7,3.8,4.4
Khem Birch,ORL,42,14,28,13.8,15.3,10.1,0.8,0.1,1.2,1,5.3,6.4
Khris Middleton,MIL,81,44,37,36.4,43.2,46.1,4,0.3,7.6,4.6,9.3,10.7
Klay Thompson,GSW,73,55,18,34.3,27.8,40.6,2.5,0.6,4.3,3.3,9.1,11.8
Kobi Simmons,MEM,32,6,26,20.1,31.5,36.3,2.1,0.3,4.2,2.4,6.7,7.6
Kosta Koufos,SAC,71,22,49,19.6,27.8,18.2,1.2,0.1,2.4,1.4,4.4,5.1
Kris Dunn,CHI,52,19,33,29.3,55.3,64.2,6,0.5,11.4,6.7,10.8,12.1
Kristaps Porzingis,NYK,48,22,26,32.4,37.1,39.8,1.2,0.3,2.7,1.5,3.2,4.1
Kyle Anderson,SAS,74,41,33,26.7,31.6,25.4,2.7,0.4,5.1,3.3,8.6,10.5
Kyle Collinsworth,DAL,32,9,23,15,19,17.2,1.8,0.2,4,1.9,9.2,10
Kyle Korver,CLE,73,43,30,21.6,13.5,16.4,1.2,0.1,2.1,1.3,8.9,9.9
Kyle Kuzma,LAL,77,34,43,31.2,30.6,28.4,1.8,0.2,3.6,2,6,6.7
Kyle Lowry,TOR,78,57,21,32.2,57.5,60.2,6.9,0.5,12.2,7.7,12,13.3
Kyle O'Quinn,NYK,76,27,49,17.9,30.9,19.8,2.1,0.1,3.7,2.1,6.7,7
Kyle Singler,OKC,11,5,6,3.3,3,3.4,0.2,0,0.5,0.2,6.1,6.1
Kyrie Irving,BOS,57,38,19,32.2,52,65.3,5,1,10.2,6.1,9.7,11.8
LaMarcus Aldridge,SAS,75,45,30,33.4,38,43.3,2,0.6,3.8,2.6,5.3,6.8
Lance Stephenson,IND,82,48,34,22.6,24.6,26.4,2.9,0.2,5.5,3.2,11.7,13
Lance Thomas,NYK,72,24,48,18.4,17.1,12.9,0.6,0,1.4,0.7,3.5,3.9
Langston Galloway,DET,58,28,30,14.9,13.4,16.8,1,0.2,2,1.2,7.4,9.1
Larry Drew II,NOP,10,6,4,7,10.5,12.9,1,0,1.9,1,9.5,9.5
Larry Nance Jr.,CLE,66,32,34,21.5,28.4,17.2,1.2,0.2,2.5,1.4,4.4,5
Lauri Markkanen,CHI,68,23,45,29.7,55,35.9,1.2,0.2,2.5,1.4,2.1,2.6
LeBron James,CLE,82,50,32,36.9,57,69.5,9.1,0.8,17.4,10.2,16,17.9
London Perrantes,CLE,14,8,6,4.7,6.9,6.9,0.4,0.2,1.1,0.6,5.2,9.4
Lonzo Ball,LAL,52,24,28,34.2,65.4,63.5,7.2,0.5,13.2,8,11,12.2
Lorenzo Brown,TOR,14,9,5,9.9,14,14.1,0.9,0.3,1.6,1.2,6.6,8.7
Lou Williams,LAC,79,42,37,32.8,39.9,54.3,5.3,0.7,8.5,6.3,13.2,15.8
Luc Mbah a Moute,HOU,61,52,9,25.6,18.3,15.7,0.9,0.1,1.8,1.1,4.9,5.8
Lucas Nogueira,TOR,49,36,13,8.5,9.3,6.8,0.4,0.1,0.9,0.5,4.8,5.5
Luis Montero,DET,2,1,1,4,1.5,2.5,0,0,0,0,0,0
Luke Babbitt,MIA,49,15,34,14.1,16.7,13.5,0.6,0.1,1.1,0.8,3.6,4.5
Luke Kennard,DET,73,34,39,20,14.5,17.8,1.7,0.2,3.2,2,11.7,13.8
Luke Kornet,NYK,20,6,14,16.3,25.4,19.5,1.3,0.1,2.3,1.4,5.1,5.3
Luol Deng,LAL,1,0,1,13.1,9,7,1,0,2,1,11.1,11.1
Malachi Richardson,TOR,26,8,18,12.4,10.3,11.1,0.5,0.1,1.1,0.6,4.9,5.6
Malcolm Brogdon,MIL,47,25,22,29.8,41.8,43.8,3.1,0.4,6.2,3.8,7.5,9.1
Malcolm Delaney,ATL,53,16,37,18.7,31.6,34.7,3.1,0.3,6.1,3.5,9.7,11.2
Malcolm Miller,TOR,15,15,0,8.4,7.1,6.7,0.2,0.1,0.5,0.3,2.8,3.7
Malik Beasley,DEN,62,34,28,9.4,5.5,6.8,0.5,0,0.8,0.5,9,9.9
Malik Monk,CHA,63,26,37,13.5,14.6,21,1.4,0.2,2.7,1.7,9.9,11.9
Mangok Mathiang,CHA,4,3,1,5,4.8,2.5,0,0,0,0,0,0
Manu Ginobili,SAS,65,39,26,20,22.6,28,2.5,0.3,4.9,3.1,11.1,13.5
MarShon Brooks,MEM,7,2,5,27.5,32.1,38.9,3.6,0.3,8.3,4.1,11.1,12.9
Marc Gasol,MEM,73,21,52,33,62.8,60.4,4.2,0.4,7.7,4.6,6.6,7.4
Marcin Gortat,WAS,82,43,39,25.3,32.8,20.9,1.8,0.1,3.2,1.9,5.6,5.9
Marco Belinelli,PHI,79,39,40,24.3,25.4,29.7,1.9,0.4,4,2.3,7.3,9.1
Marcus Georges-Hunt,MIN,42,24,18,5.3,2.5,3.2,0.2,0,0.4,0.2,6.7,6.7
Marcus Morris,BOS,52,32,20,26.8,30.9,29.1,1.3,0.2,2.5,1.5,4.2,5
Marcus Paige,CHA,5,4,1,5.6,8.8,11.2,0.6,0.2,1.4,0.8,6.8,9.1
Marcus Smart,BOS,51,35,16,30.1,43.2,47.7,4.9,0.5,8.8,5.7,11.4,13.1
Mario Chalmers,MEM,66,21,45,21.5,40.2,42.4,3,0.4,5.7,3.7,7.4,9.1
Mario Hezonja,ORL,75,21,54,22.1,24.6,20.9,1.4,0.1,2.7,1.6,5.7,6.6
Markel Brown,HOU,4,4,0,7.9,8.3,8,0.5,0,0.8,0.5,6.1,6.1
Markelle Fultz,PHI,14,11,3,18.1,32.4,37.4,3.8,0.2,7.4,4.2,11.7,13
Markieff Morris,WAS,73,37,36,27,25.5,25.7,1.9,0.2,3.3,2.2,7.6,8.8
Marquese Chriss,PHX,72,19,53,21.2,29.2,19.7,1.2,0.2,2.7,1.4,3.9,4.8
Marquis Teague,MEM,3,0,3,24.6,46.3,49.7,4.3,0,5.7,4.7,9.4,10.1
Marreese Speights,ORL,52,15,37,13,17.2,17.1,0.8,0,1.3,0.9,4.5,5
Marshall Plumlee,MIL,8,5,3,6.5,5.5,4.4,0.3,0,0.8,0.3,4.5,4.5
Marvin Williams,CHA,78,33,45,25.7,35.9,24.4,1.2,0.2,2.4,1.5,3.4,4.1
Mason Plumlee,DEN,74,40,34,19.5,23.3,19.4,1.9,0.2,3.3,2.1,8.2,9.2
Matt Costello,SAS,4,2,2,8.1,9.5,5.8,0.5,0,1,0.8,5.3,7.9
Matt Williams Jr.,MIA,3,1,2,3.8,1.3,3.3,0,0,0,0,0,0
Matthew Dellavedova,MIL,37,21,16,18.7,31.9,33.8,3.9,0.5,7.1,4.5,12.1,14.2
Maurice Harkless,POR,59,36,23,21.4,17.9,14.9,0.9,0.1,2.1,1,5,5.5
Maxi Kleber,DAL,72,20,52,16.8,14.7,12.5,0.7,0.1,1.2,0.8,4.8,5.7
Meyers Leonard,POR,33,17,16,7.7,10.8,8.2,0.5,0.1,1.1,0.6,4.8,5.6
Michael Beasley,NYK,73,23,50,22.1,27.4,26.2,1.6,0.3,3.4,2,6,7.4
Michael Carter-Williams,CHA,52,23,29,16.1,26.8,29.3,2.2,0.3,5,2.7,8.3,10.1
Michael Kidd-Gilchrist,CHA,74,34,40,25,13.8,16.6,1,0.1,2,1.1,6.9,8.2
Mike Conley,MEM,12,7,5,31.1,47.7,63.8,4.1,0.6,9.4,4.9,8.6,10.3
Mike James,NOP,36,11,25,19.1,33.3,40.8,3.5,0.3,7.2,4.1,10.5,12.3
Mike Muscala,ATL,53,14,39,20,23.7,18.1,1,0.1,1.6,1.1,4.1,4.5
Mike Scott,WAS,76,39,37,18.5,21.1,19.2,1.1,0.1,2.2,1.3,5,6
Miles Plumlee,ATL,55,19,36,16.7,19.1,14,0.8,0.1,1.5,0.9,4.3,4.7
Milos Teodosic,LAC,45,29,16,25.2,48.6,48,4.6,0.4,8.8,5.4,9.5,11.1
Milton Doyle,BKN,10,2,8,12.5,14.6,17.1,1,0.2,2.6,1.3,6.8,8.9
Mindaugas Kuzminskas,NYK,1,0,1,1.9,0,2,0,0,0,0,0,0
Mirza Teletovic,MIL,9,4,5,15.8,21.9,16.1,1,0,1.9,1,4.6,4.6
Monte Morris,DEN,3,2,1,8.4,17.3,17.7,2.3,0,4.3,2.3,13.5,13.5
Montrezl Harrell,LAC,76,39,37,17,17.6,16.9,1,0.1,1.5,1.1,5.5,6.3
Myke Henry,MEM,20,3,17,18.9,19,17.7,1.1,0.3,2.5,1.5,5.8,7.6
Myles Turner,IND,65,39,26,28.2,35.7,27.6,1.3,0.1,2.4,1.5,3.7,4.2
Nate Wolters,UTA,5,3,2,3.8,6,5.6,0.2,0,1.2,0.2,3.3,3.3
Naz Mitrou-Long,UTA,1,0,1,0.5,1,2,0,0,0,0,0,0
Nemanja Bjelica,MIN,67,38,29,20.5,24.9,16.6,1.3,0.2,2.4,1.5,5.2,6.2
Nene,HOU,52,42,10,14.6,17.3,13.5,0.9,0.2,1.9,1.1,5,6.3
Nerlens Noel,DAL,30,6,24,15.7,15,10.1,0.7,0,1.2,0.8,4.4,5.1
Nick Collison,OKC,13,9,4,4.4,7.7,5.9,0.2,0,0.5,0.2,3,3
Nick Young,GSW,80,56,24,17.4,12,15.8,0.5,0.1,1,0.6,3.7,4.6
Nicolas Batum,CHA,64,27,37,31,39,39.1,5.5,0.5,10.2,6.2,14,15.9
Nicolas Brussino,ATL,4,0,4,2.5,1.5,1.3,0,0,0.5,0,0,0
Nigel Hayes,SAC,9,6,3,13.6,16.9,11.9,0.7,0,1.2,0.7,3.9,3.9
Nik Stauskas,BKN,41,14,27,12.8,13.7,14.6,1,0.1,2.1,1.1,6.9,8
Nikola Jokic,DEN,75,43,32,32.6,66.3,52.1,6.1,0.5,9.4,6.7,9.2,10.2
Nikola Mirotic,NOP,55,34,21,27.2,40.5,28.7,1.5,0.1,2.7,1.6,3.6,4
Nikola Vucevic,ORL,57,17,40,29.5,47.2,42.5,3.4,0.2,5.8,3.6,7.1,7.7
Noah Vonleh,CHI,54,24,30,16.2,24.3,12.9,0.6,0.1,1.5,0.8,2.6,3.2
Norman Powell,TOR,70,51,19,15.2,13.7,16.8,1.3,0.2,2.6,1.5,9.3,11
OG Anunoby,TOR,74,51,23,20,12.1,12.3,0.7,0.2,1.2,0.9,6.2,7.5
Okaro White,CLE,6,2,4,13.3,16.7,8.7,0.3,0.2,1.2,0.5,2,3
Omari Johnson,MEM,4,1,3,18.8,21.5,16.8,1.8,0,2.3,1.8,8.1,8.1
Omer Asik,CHI,18,7,11,10.1,11,5.7,0.2,0,0.3,0.1,1.5,1
Omri Casspi,GSW,53,40,13,14,18.6,14.5,1,0.1,1.9,1.1,5.2,6.1
Otto Porter Jr.,WAS,77,42,35,31.6,33.8,29.5,2,0.4,4,2.5,6,7.3
PJ Dozier,OKC,2,1,1,1.6,1,1.5,0,0,0,0,0,0
PJ Tucker,HOU,82,65,17,27.8,25.1,15.4,0.9,0.2,2.4,1.2,3.7,4.7
Pascal Siakam,TOR,81,59,22,20.7,29.7,22,2,0.2,3.1,2.2,6.6,7.3
Pat Connaughton,POR,82,49,33,18.1,15.5,16.4,1.1,0.1,2.1,1.3,7.1,8.4
Patrick Beverley,LAC,11,5,6,30.3,48,52.1,2.9,1,7.1,4.2,6.1,8.7
Patrick McCaw,GSW,57,41,16,16.9,20.6,21.1,1.4,0.2,2.6,1.7,6.9,8.4
Patrick Patterson,OKC,80,48,32,15.3,16.8,11.5,0.7,0,1.6,0.7,4.1,4.3
Patty Mills,SAS,82,47,35,25.7,35.7,42.1,2.8,0.7,5.5,3.5,7.8,9.8
Pau Gasol,SAS,77,45,32,23.5,41.3,32,3.1,0.2,5,3.4,7.5,8.3
Paul George,OKC,78,47,31,36.6,32.8,41.2,3.3,0.4,6.5,4.1,10.1,12.4
Paul Millsap,DEN,38,22,16,30.1,32.5,32.9,2.8,0.2,4.4,3,8.5,9.3
Paul Zipser,CHI,54,17,37,15.3,22.9,16.3,0.9,0.2,1.9,1.1,3.7,4.7
Quincy Acy,BKN,68,25,43,19.5,25.8,20.1,0.8,0.2,2,1,3.2,4
Quincy Pondexter,CHI,23,6,17,8.5,9.3,7.8,0.4,0.1,0.8,0.5,4.2,5.6
Quinn Cook,GSW,33,21,12,22.4,38.9,41.8,2.7,0.6,4.8,3.5,6.9,8.9
RJ Hunter,HOU,5,3,2,9,7.4,9.6,0.6,0.2,1.6,0.8,8.1,10.8
Rajon Rondo,NOP,65,41,24,26.2,56.4,55.9,8.2,0.6,13.6,8.9,14.5,15.8
Ramon Sessions,WAS,28,10,18,14,24.8,29.2,2.8,0.4,5,3,11.1,12.2
Rashad Vaughn,ORL,28,13,15,7.6,5.2,6.3,0.5,0,0.6,0.5,9,9.7
Raul Neto,UTA,41,28,13,12.2,21.5,23.2,1.8,0.2,3.6,2.1,8.5,10
Raymond Felton,OKC,80,48,32,16.7,26.1,30.8,2.5,0.3,5,2.9,9.5,11
Reggie Bullock,DET,62,32,30,27.9,19.7,23.7,1.5,0.2,2.5,1.8,7.8,9.1
Reggie Hearn,DET,3,3,0,2.2,0.3,0.7,0,0,0,0,0,0
Reggie Jackson,DET,45,27,18,26.7,49.2,61.8,5.3,0.5,10.5,5.9,10.7,12
Richard Jefferson,DEN,20,10,10,8.2,6.8,5.9,0.8,0,1.5,0.9,11,12.5
Richaun Holmes,PHI,47,30,17,15.5,21,17.8,1.3,0.1,2.2,1.4,6.2,6.9
Ricky Rubio,UTA,77,44,33,29.3,59.4,63.4,5.3,0.7,10.5,6.2,9,10.4
Robert Covington,PHI,79,51,28,31.7,33.4,29.2,2,0.3,3.3,2.4,5.9,7.1
Robin Lopez,CHI,64,23,41,26.4,22.2,27.4,1.9,0.2,3.6,2.3,8.7,10.3
Rodney Hood,CLE,60,29,31,26.9,22.2,30.4,1.6,0.4,2.9,2.1,7.1,9.2
Rodney McGruder,MIA,18,11,7,16.6,14.4,13.8,0.9,0.2,2.5,1.2,6.6,8.1
Rodney Purvis,ORL,16,5,11,18.1,13.6,17.6,1.1,0.3,2.2,1.4,7.8,10.1
Ron Baker,NYK,28,11,17,13.1,15.2,15.1,1.6,0.1,2.8,1.8,10.6,11.5
Rondae Hollis-Jefferson,BKN,66,25,41,28,44.1,35.9,2.5,0.2,5.1,2.7,5.6,6.2
Royce O'Neale,UTA,69,43,26,16.7,15.9,15.8,1.4,0.2,2.8,1.6,8.7,10.1
Rudy Gay,SAS,57,36,21,21.6,27.3,22.2,1.3,0.2,2.9,1.5,4.7,5.6
Rudy Gobert,UTA,56,37,19,32.4,46.6,31.8,1.4,0.2,2.9,1.6,3.1,3.4
Russell Westbrook,OKC,78,47,31,36.4,62.3,77.3,10.3,1,20.3,12,16.6,19.2
Ryan Anderson,HOU,66,52,14,26.1,22,18.4,0.9,0.1,1.9,1,4.1,4.7
Ryan Arcidiacono,CHI,24,6,18,12.7,21.5,20.6,1.5,0.2,3.8,1.9,6.8,8.7
Salah Mejri,DAL,61,21,40,11.9,13.7,8,0.6,0,1,0.6,4.2,4.3
Sam Dekker,LAC,73,36,37,12.1,13.7,10,0.5,0.1,1,0.7,3.8,4.8
Scotty Hopson,DAL,1,0,1,8.4,4,5,1,0,1,1,25,25
Sean Kilpatrick,CHI,52,22,30,12.3,10.4,14.8,0.9,0.1,1.5,1,8.5,9.4
Semi Ojeleye,BOS,70,47,23,16.2,16.7,10.2,0.3,0.2,0.8,0.4,1.6,2.6
Serge Ibaka,TOR,76,53,23,27.5,29.6,25.6,0.8,0.2,2,1,2.8,3.3
Shabazz Muhammad,MIL,43,25,18,9.7,5.1,7.1,0.3,0,0.4,0.4,6.3,7.2
Shabazz Napier,POR,74,46,28,20.8,25.7,29.7,2,0.2,4.5,2.3,7.9,9.1
Shane Larkin,BOS,51,36,15,14.6,21.2,23.2,1.9,0.3,3.5,2.2,8.8,10.4
Shaquille Harrison,PHX,23,3,20,16.7,25.1,26.7,2.4,0.2,4.6,2.7,9.5,10.7
Shaun Livingston,GSW,71,49,22,15.9,26,26.4,2,0.4,3.5,2.4,7.6,9.4
Shelvin Mack,ORL,69,21,48,19.8,34.1,37.4,3.9,0.5,7.8,4.6,11.6,13.6
Sindarius Thornwell,LAC,73,36,37,15.8,12.8,12.7,0.9,0.1,1.8,1.1,7.3,8.5
Skal Labissiere,SAC,60,19,41,20.7,23.6,19.5,1.2,0.1,2.2,1.3,5.1,5.4
Solomon Hill,NOP,12,8,4,15.6,15.5,11.7,1.8,0.1,2.6,1.8,11.8,11.8
Spencer Dinwiddie,BKN,78,27,51,28.9,55.2,64.6,6.5,0.5,12.5,7.3,11.8,13.3
Stanley Johnson,DET,69,33,36,27.4,17.4,20.2,1.6,0.2,3.6,1.9,9.3,10.9
Stephen Curry,GSW,51,41,10,32,52.2,62.5,6.1,1.4,10.5,7.7,11.6,14.8
Sterling Brown,MIL,54,26,28,14.4,11.3,10.1,0.5,0.1,1.3,0.6,4.1,5.7
Steven Adams,OKC,75,43,32,32.8,26.8,22,1.2,0.2,2.8,1.4,4.4,5.4
T.J. McConnell,PHI,75,50,25,22.4,44.5,45.5,4,0.6,8.1,4.8,8.9,10.8
TJ Leaf,IND,53,31,22,8.7,8.7,6.2,0.2,0,0.5,0.2,2,2.4
TJ Warren,PHX,65,18,47,33,24.5,33.7,1.3,0.2,3.1,1.6,5.3,6.7
Taj Gibson,MIN,82,47,35,33.2,37.9,26.5,1.2,0.1,2.5,1.4,3.2,3.7
Tarik Black,HOU,51,40,11,10.5,14.6,8.6,0.3,0,1,0.3,1.7,2
Taurean Prince,ATL,81,24,57,30,31.2,36.7,2.6,0.3,4.8,3,8.3,9.6
Terrance Ferguson,OKC,59,37,22,12.6,5,6.3,0.3,0.1,0.8,0.4,6.5,8.9
Terrence Ross,ORL,24,10,14,25,19.7,21.2,1.6,0.3,3,1.8,8,9.1
Terry Rozier,BOS,77,51,26,26,44.4,47.3,3,0.6,6,3.6,6.7,8.2
Thabo Sefolosha,UTA,38,16,22,21.2,25.5,21.1,0.9,0.3,2.3,1.3,3.4,5.2
Thaddeus Young,IND,81,48,33,32.2,35.1,26.6,1.9,0.2,3.4,2.1,5.4,6.1
Thomas Bryant,LAL,15,7,8,4.8,5.3,3.7,0.4,0.1,0.5,0.5,7.6,8.9
Thon Maker,MIL,73,40,33,16.8,16.7,12,0.6,0.2,0.9,0.8,3.6,4.7
Tim Frazier,WAS,59,31,28,14.2,27.5,27.4,3.3,0.2,6.3,3.6,12,13.2
Tim Hardaway Jr.,NYK,57,19,38,33.1,34.4,39.4,2.7,0.3,5.4,3.1,7.9,8.9
Tim Quarterman,HOU,3,2,1,4.3,6.3,7.3,0.3,0,0.3,0.3,5.3,5.3
Timofey Mozgov,BKN,29,11,18,11.9,13.6,11.2,0.4,0.1,0.8,0.5,2.8,3.8
Timothe Luwawu-Cabarrot,PHI,51,29,22,15.6,13.4,16.2,1.1,0.1,1.8,1.2,7.9,9.2
Tobias Harris,LAC,80,39,41,33.4,51.3,41.1,2.4,0.4,4.4,2.9,4.7,5.6
Tomas Satoransky,WAS,73,39,34,22.5,39.7,40.8,3.9,0.4,7.5,4.3,9.9,10.8
Tony Allen,NOP,22,12,10,12.4,8.5,7.5,0.4,0.1,0.6,0.5,4.8,5.9
Tony Bradley,UTA,9,6,3,3.2,3,2.2,0.1,0,0.1,0.1,3.7,3.7
Tony Parker,SAS,55,32,23,19.5,35.8,41.2,3.5,0.7,6.5,4.4,9.9,12.3
Tony Snell,MIL,74,42,32,27.4,19,18.1,1.3,0.3,2.1,1.6,6.9,8.3
Torrey Craig,DEN,39,22,17,16.1,11.8,9.1,0.6,0.1,1,0.8,5.4,6.5
Travis Wear,LAL,17,7,10,13.4,14.5,10.6,0.4,0.2,1.1,0.6,2.8,4.5
Treveon Graham,CHA,63,28,35,16.7,14.7,11.7,0.9,0.1,1.7,1.1,6.4,7.4
Trevor Ariza,HOU,67,51,16,33.9,26,23.7,1.6,0.3,3.2,1.9,6,7.5
Trevor Booker,IND,67,36,31,17.1,26.9,18.4,1.2,0.1,2.5,1.4,4.6,5.2
Trey Burke,NYK,36,10,26,21.8,41.3,51.5,4.7,0.6,8.4,5.3,11.4,12.9
Trey Lyles,DEN,73,41,32,19.1,25.3,20.6,1.2,0.2,2.3,1.5,4.9,5.9
Trey McKinney-Jones,IND,1,1,0,1.2,1,0,0,0,0,0,0,0
Tristan Thompson,CLE,53,27,26,20.2,21.7,11.5,0.6,0.1,1.4,0.8,2.9,3.6
Troy Daniels,PHX,79,20,59,20.5,15.8,19.1,0.6,0.2,1.6,0.9,3.8,5.9
Troy Williams,NYK,21,7,14,14.6,12.7,11.5,0.8,0.1,1.2,0.9,6,7.1
Tyler Cavanaugh,ATL,38,11,27,13.3,17.5,12.4,0.7,0.1,1.6,0.8,3.9,4.5
Tyler Dorsey,ATL,56,15,41,17.4,17.7,20.2,1.4,0.2,2.9,1.7,8,9.5
Tyler Ennis,LAL,54,22,32,12.7,22.1,22.9,1.9,0.4,3.8,2.3,8.8,10.3
Tyler Johnson,MIA,71,38,33,28.5,28.7,33.5,2.3,0.5,4.9,2.8,8,9.8
Tyler Lydon,DEN,1,1,0,2.2,4,3,0,0,1,0,0,0
Tyler Ulis,PHX,71,20,51,23.4,42.2,48.7,4.4,0.4,8.8,5.1,10.4,12.2
Tyler Zeller,MIL,64,26,38,16.7,15.4,13.8,0.7,0,1.2,0.8,4.8,5.1
Tyreke Evans,MEM,52,19,33,30.9,50.8,60.8,5.2,0.9,10.5,6.3,10.2,12.5
Tyrone Wallace,LAC,30,17,13,28.4,31.8,34.5,2.4,0.5,4,3.1,7.4,9.6
Tyson Chandler,PHX,46,15,31,25,27.3,16.1,1.2,0.2,2.7,1.4,4.2,5.1
Tyus Jones,MIN,82,47,35,17.9,31.8,32,2.8,0.3,5,3.4,8.9,10.5
Udonis Haslem,MIA,14,9,5,5.1,3.6,3.7,0.4,0,0.7,0.4,10,10
Vander Blue,LAL,5,1,4,9,3.8,4.2,0.6,0,1,0.6,15.8,15.8
Victor Oladipo,IND,75,48,27,34,38.9,51.2,4.3,0.4,8.8,5,11.1,12.9
Vince Carter,SAC,58,20,38,17.7,22,17.7,1.2,0.1,2.2,1.3,5.4,6.1
Vincent Hunter,MEM,4,0,4,1.9,1.3,1.5,0,0,0.3,0,0,0
Wade Baldwin IV,POR,7,4,3,11.5,13.1,14,0.7,0.1,1,0.9,5.4,6.5
Walter Lemon Jr.,NOP,5,4,1,7,9.4,11.4,1,0.4,1.2,1,10.6,10.6
Wayne Ellington,MIA,76,41,35,26.6,19,23,1,0.2,2.4,1.4,5.5,7.1
Wayne Selden,MEM,35,10,25,19.8,18.2,24.9,1.9,0.3,3.5,2.2,10.4,12.1
Wes Iwundu,ORL,62,18,44,16.5,13.6,10.9,0.9,0.2,1.8,1.1,6.7,8.3
Wesley Johnson,LAC,74,38,36,20.1,14.4,13.6,0.8,0.1,1.3,1,5.7,6.8
Wesley Matthews,DAL,63,20,43,33.8,32.3,36.5,2.7,0.4,5.3,3.2,8.4,9.9
Will Barton,DEN,81,46,35,33.1,41.2,45.4,4.1,0.4,7.7,4.6,9.9,11.2
Willie Cauley-Stein,SAC,73,23,50,28,39.8,32.2,2.4,0.2,4,2.6,5.9,6.6
Willie Reed,DET,42,20,22,10.2,8.5,6.8,0.2,0,0.6,0.3,2.8,3.1
Willy Hernangomez,CHA,48,20,28,10.3,13.4,9,0.7,0.1,1.2,0.8,5.1,5.6
Wilson Chandler,DEN,74,41,33,31.7,27,23.9,2.1,0.3,4.1,2.5,8,9.2
Xavier Munford,MIL,6,2,4,3.5,5.7,6.2,0.7,0,0.7,0.7,11.8,11.8
Xavier Rathan-Mayes,MEM,5,0,5,23.6,41.6,52.4,3.6,0.2,7,4,8.7,9.6
Xavier Silas,BOS,2,1,1,3.8,3,2.5,0,0,1.5,0,0,0
Yogi Ferrell,DAL,82,24,58,27.8,34.1,36,2.5,0.5,5,3,7.2,8.9
Zach Collins,POR,66,41,25,15.8,13.1,12,0.8,0.1,1.4,0.8,6,6.2
Zach LaVine,CHI,24,9,15,27.3,26.4,37.9,3,0.3,6.3,3.5,11.4,13.2
Zach Randolph,SAC,59,18,41,25.6,34.8,34.8,2.2,0.2,4.5,2.4,6.2,7
Zaza Pachulia,GSW,69,47,22,14.1,20.6,15.4,1.6,0.4,2.7,2.1,7.7,10.1
Zhou Qi,HOU,18,14,4,6.9,5.6,4.2,0.1,0,0.6,0.2,2,3