PLAYER,TEAM,GP,W,L,MIN,DRIVES,FGM,FGA,FG%,FTM,FTA,FT%,PTS,PTS%,PASS,PASS%,AST,AST%,TO,TOV%,PF,PF%
Aaron Brooks,MIN,32,19,13,5.9,1.8,0.4,0.9,40,0.1,0.1,75,0.8,48.2,0.6,32.1,0.1,5.4,0,1.8,0.1,3.6
Aaron Gordon,ORL,58,19,39,32.9,5.2,0.9,2.5,37.9,0.7,1,70,2.8,53.8,1.2,23.3,0.3,6.6,0.5,9.3,0.5,10
Aaron Harrison,DAL,9,2,7,25.9,2.4,0.4,1.2,36.4,0,0,0,0.9,36.4,0.7,27.3,0.1,4.5,0,0,0,0
Abdel Nader,BOS,47,32,15,11.1,2.2,0.3,1,30.4,0.1,0.1,66.7,0.7,31.1,0.6,29.1,0.2,7.8,0.3,11.7,0.1,2.9
Adreian Payne,ORL,5,0,5,8.5,0.2,0.2,0.2,100,0,0,0,0.4,200,0,0,0,0,0,0,0,0
Al Horford,BOS,69,44,25,31.5,2.9,0.7,1.3,54.5,0.2,0.2,78.6,1.6,53.2,0.9,32,0.3,11.8,0.1,3,0.1,3.4
Al Jefferson,IND,36,17,19,13.4,0.1,0.1,0.1,66.7,0,0,0,0.1,80,0.1,40,0,0,0,0,0,0
Al-Farouq Aminu,POR,69,40,29,30,3.1,0.5,1.2,38.4,0.3,0.4,80.8,1.3,41.8,1,31.5,0.2,7.5,0.3,9.4,0.2,6.1
Alan Williams,PHX,5,1,4,14.1,0.4,0.2,0.2,100,0,0,0,0.4,100,0,0,0,0,0,0,0,0
Alec Burks,UTA,64,37,27,16.5,4.9,0.9,2.4,37.8,0.8,1,82,2.7,55.4,1.1,22.8,0.4,7.4,0.4,8.3,0.5,9.9
Alec Peters,PHX,20,2,18,11.2,0.3,0,0,0,0,0.1,0,0,0,0.2,50,0,0,0.1,16.7,0.1,16.7
Alex Abrines,OKC,73,42,31,15.1,0.9,0.1,0.3,41.7,0.2,0.2,100,0.5,47.8,0.3,36.2,0,4.3,0.1,10.1,0.1,8.7
Alex Caruso,LAL,37,16,21,15.2,2.6,0.4,1,42.1,0.1,0.2,50,1,37.9,0.9,34.7,0.3,11.6,0.2,6.3,0.1,3.2
Alex Len,PHX,69,20,49,20.2,0.4,0.2,0.3,66.7,0.1,0.1,50,0.5,110.3,0,3.4,0,3.4,0,6.9,0.1,13.8
Alex Poythress,IND,25,10,15,4.2,0.2,0,0.2,25,0,0,0,0.1,40,0,0,0,20,0,0,0,0
Alfonzo McKinnie,TOR,14,13,1,3.8,0.4,0.1,0.2,66.7,0,0,0,0.3,66.7,0.1,16.7,0,0,0.1,33.3,0,0
Allen Crabbe,BKN,73,24,49,29.2,3.2,0.8,1.5,48.7,0.3,0.3,86.4,1.8,56,1,32.3,0.2,5.6,0.2,5.2,0.2,5.2
Amir Johnson,PHI,74,47,27,15.8,0.4,0.1,0.3,52.6,0.1,0.1,66.7,0.3,82.8,0.1,17.2,0,3.4,0,0,0,10.3
Andre Drummond,DET,78,37,41,33.7,2.1,0.4,1.2,34.4,0.4,0.8,50,1.3,62.5,0.2,8.8,0,1.9,0.1,6.3,0.4,20.6
Andre Iguodala,GSW,64,46,18,25.4,1.8,0.3,0.6,40,0.2,0.2,71.4,0.7,37.1,0.6,35.3,0.2,10.3,0.2,9.5,0.1,6
Andre Ingram,LAL,2,1,1,32.1,2.5,0.5,1.5,33.3,0,0,0,1,40,0,0,0,0,0,0,0,0
Andre Roberson,OKC,37,24,13,26.6,0.5,0.1,0.2,25,0.1,0.1,100,0.2,31.6,0.1,26.3,0,5.3,0.1,21.1,0,5.3
Andrew Bogut,LAL,24,7,17,9,0.1,0,0,0,0,0,0,0,0,0,50,0,50,0,0,0,0
Andrew Harrison,MEM,56,17,39,23.7,8.8,1.4,2.9,47.5,1,1.1,87.5,3.9,44.4,3.5,39.9,0.8,9,0.6,6.7,0.6,6.5
Andrew White III,ATL,15,1,14,13.9,1.2,0.2,0.5,42.9,0,0.1,0,0.4,33.3,0.4,33.3,0.1,5.6,0.1,11.1,0.1,5.6
Andrew Wiggins,MIN,82,47,35,36.3,7.7,1.7,3.7,45.1,1,1.4,67.2,4.4,56.8,2,26.1,0.4,5.7,0.5,7,0.7,9.3
Ante Zizic,CLE,32,21,11,6.7,0.1,0,0,0,0,0.1,50,0,50,0,0,0,0,0,0,0,50
Anthony Brown,MIN,1,0,1,3.7,0,0,0,0,0,0,0,0,0,0,0,0,0,0,0,0,0
Anthony Davis,NOP,75,45,30,36.4,4.1,1.1,2.4,45.3,1,1.1,91.7,3.3,80.3,0.5,12.9,0.1,3.2,0.3,6.8,0.6,13.9
Anthony Tolliver,DET,79,37,42,22.2,1.2,0.3,0.5,55,0.2,0.3,75,0.8,68,0.3,26.8,0.1,6.2,0.1,6.2,0.2,12.4
Antonio Blakeney,CHI,19,3,16,16.5,2.8,0.5,1.6,29,0.2,0.3,50,1.2,40.7,0.6,22.2,0.4,13,0,0,0.2,5.6
Antonius Cleveland,ATL,17,7,10,7.2,0.9,0,0.3,0,0.2,0.4,66.7,0.2,26.7,0.2,20,0.1,13.3,0.1,13.3,0.2,20
Aron Baynes,BOS,78,51,27,18.4,0.1,0,0.1,20,0,0,100,0.1,44.4,0,22.2,0,0,0,11.1,0,11.1
Arron Afflalo,ORL,53,16,37,12.9,1,0.2,0.3,47.1,0.1,0.1,100,0.4,38.5,0.5,46.2,0.1,9.6,0.1,5.8,0,3.8
Austin Rivers,LAC,61,30,31,33.7,12.4,2.5,5.7,43,1,1.4,67.4,6,48.4,3.8,31,1.1,8.6,0.6,5.2,0.7,5.7
Avery Bradley,LAC,46,22,24,31.2,4.4,1.1,2.6,40.8,0.3,0.5,63.6,2.5,56.7,0.9,20.2,0.2,3.4,0.4,9.9,0.2,5.4
Bam Adebayo,MIA,68,33,35,19.8,0.8,0.2,0.4,46.7,0.2,0.3,88.9,0.7,83.3,0.1,13,0,3.7,0,1.9,0.1,16.7
Ben McLemore,MEM,56,7,49,19.5,2,0.4,1,44.4,0.3,0.3,100,1.2,57,0.5,25.4,0.1,7,0.2,7.9,0.1,7
Ben Moore,IND,2,1,1,4.6,0,0,0,0,0,0,0,0,0,0,0,0,0,0,0,0,0
Ben Simmons,PHI,80,51,29,33.8,15.5,2.9,6.2,46.5,0.7,1.3,53.3,6.5,41.8,5.9,38,1.5,9.9,0.8,5.1,0.7,4.3
Bismack Biyombo,ORL,82,25,57,18.2,0.1,0,0.1,28.6,0,0,0,0,36.4,0,18.2,0,0,0,18.2,0,0
Blake Griffin,DET,58,28,30,34,7,1.7,3.6,48.8,1,1.3,76,4.6,65.9,1.4,20,0.6,9.1,0.4,6.4,0.7,9.4
Boban Marjanovic,LAC,39,18,21,8.7,0,0,0,0,0,0,0,0,0,0,0,0,100,0,0,0,0
Bobby Brown,HOU,20,17,3,5.7,1.1,0.3,0.6,41.7,0.1,0.1,50,0.6,50,0.3,22.7,0.1,4.5,0.2,13.6,0.1,4.5
Bobby Portis,CHI,73,25,48,22.5,2,0.7,1.4,51.5,0.2,0.4,60.7,1.7,85.4,0.2,10.4,0.1,2.8,0.2,7.6,0.2,9.7
Bogdan Bogdanovic,SAC,78,26,52,27.9,6.7,1.3,2.7,47.6,0.3,0.3,80.8,2.9,43.1,2.4,35.8,0.9,12.8,0.4,6.1,0.2,2.5
Bojan Bogdanovic,IND,80,47,33,30.8,4.9,1.2,2.4,50.3,0.7,0.8,83.9,3.1,64.2,1.4,28.1,0.3,6.2,0.3,6.7,0.4,8
Bradley Beal,WAS,82,43,39,36.3,10.4,2.4,4.9,48.8,0.8,1,77.5,5.8,55.3,3,29.3,0.8,8.1,0.7,6.9,0.5,4.7
Brandan Wright,HOU,28,11,17,13.6,0.4,0.1,0.2,40,0.1,0.2,33.3,0.2,60,0,10,0,0,0,10,0.1,30
Brandon Ingram,LAL,59,27,32,33.5,10.6,2.2,4.6,47.4,1.3,1.9,68.4,5.8,54.9,3,28.3,0.9,8.1,0.7,6.8,1,9.4
Brandon Jennings,MIL,14,8,6,14.7,4.1,0.7,1.6,45.5,0,0,0,1.6,37.9,1.6,39.7,0.4,8.6,0.2,5.2,0,0
Brandon Paul,SAS,64,38,26,9,1,0.1,0.4,39.1,0.3,0.4,69.2,0.6,54.5,0.2,22.7,0.1,9.1,0.1,7.6,0.2,19.7
Briante Weber,MEM,18,8,10,13.1,3.1,0.3,0.8,33.3,0,0,0,0.6,18.2,1.7,54.5,0.3,9.1,0.2,7.3,0,0
Brice Johnson,MEM,18,2,16,5.4,0.2,0.1,0.2,66.7,0,0,0,0.2,100,0,0,0,0,0,0,0,0
Brook Lopez,LAL,74,34,40,23.4,1.9,0.7,1.1,60.2,0.2,0.2,77.8,1.6,86.9,0.3,16.1,0.1,6.6,0.1,5.8,0.1,6.6
Bruno Caboclo,SAC,12,4,8,8.9,0.2,0,0.1,0,0,0,0,0,0,0,0,0,0,0,0,0,0
Bryn Forbes,SAS,80,46,34,19,2.8,0.7,1.6,44,0.2,0.3,66.7,1.6,57.9,0.7,26.2,0.2,6.8,0.1,2.3,0.2,5.4
Buddy Hield,SAC,80,27,53,25.3,4.4,0.8,2.1,36.7,0.1,0.1,87.5,1.7,38,1.4,32.3,0.5,10.8,0.3,5.7,0.1,1.1
C.J. Williams,LAC,38,17,21,18.6,2.1,0.7,1.3,58.3,0.1,0.1,100,1.5,71.6,0.5,22.2,0.2,8.6,0.1,4.9,0,1.2
CJ McCollum,POR,81,48,33,36.1,9.8,2.6,6,43,0.9,1,87.5,6.1,62.7,2,20.9,0.5,5.4,0.4,3.9,0.5,5.3
CJ Miles,TOR,70,50,20,19.1,2,0.4,1.1,38.7,0.2,0.3,94.4,1.1,53.2,0.5,27,0.1,7.1,0.1,3.5,0.1,6.4
Caleb Swanigan,POR,27,16,11,7,0.1,0,0.1,50,0,0,0,0.1,75,0,25,0,0,0,25,0,0
Cameron Payne,CHI,25,7,18,23.3,6.2,1.1,3,36.5,0.1,0.1,100,2.3,37,2,33.1,0.6,9.7,0.3,4.5,0,0.6
Caris LeVert,BKN,69,24,45,26.1,11,1.9,4.2,45.7,0.7,1,71.4,4.8,43.7,3.7,33.3,1.4,12.5,0.9,8,0.5,4.6
Carmelo Anthony,OKC,76,46,30,32,1.7,0.6,1.1,51.2,0.4,0.4,82.4,1.6,90.1,0.2,9.9,0.1,3.1,0.1,6.9,0.2,13
Cedi Osman,CLE,61,35,26,11,0.9,0.2,0.5,44.8,0.1,0.1,62.5,0.5,57.1,0.2,23.2,0,3.6,0.1,10.7,0.1,7.1
Chandler Parsons,MEM,36,12,24,19.2,3.6,0.7,1.3,55.3,0.1,0.1,50,1.6,44.2,1.5,41.9,0.4,12.4,0.2,4.7,0.1,1.6
Channing Frye,LAL,53,28,25,13.1,0.4,0.2,0.2,75,0,0,0,0.4,90.9,0.2,36.4,0,4.5,0,4.5,0,0
Charles Cooke,NOP,13,8,5,2.9,0.5,0.1,0.3,25,0,0,0,0.2,33.3,0,0,0.1,16.7,0.1,16.7,0,0
Cheick Diallo,NOP,52,29,23,11.2,0.2,0.1,0.2,50,0,0,50,0.2,90,0,10,0,0,0,0,0,10
Chinanu Onuaku,HOU,1,0,1,21.6,1,0,1,0,0,0,0,0,0,0,0,0,0,0,0,0,0
Chris Boucher,GSW,1,1,0,1.3,0,0,0,0,0,0,0,0,0,0,0,0,0,0,0,0,0
Chris McCullough,WAS,19,11,8,4.7,0.6,0.1,0.3,33.3,0.2,0.3,66.7,0.4,66.7,0.1,16.7,0,0,0.1,8.3,0.2,25
Chris Paul,HOU,58,50,8,31.8,11.7,2.1,4.2,49.4,0.3,0.4,95.2,4.7,40.5,4.4,38.1,2,16.8,0.6,5,0.2,1.5
Clint Capela,HOU,74,62,12,27.5,1,0.3,0.6,48.9,0.1,0.2,62.5,0.8,78.1,0.1,13.7,0,0,0.1,11,0.1,11
Cody Zeller,CHA,33,14,19,19,0.8,0.1,0.3,36.4,0.3,0.4,64.3,0.5,69.2,0.1,15.4,0,0,0.1,15.4,0.2,26.9
Cole Aldrich,MIN,21,14,7,2.3,0,0,0,0,0,0,0,0,0,0,0,0,0,0,0,0,0
Corey Brewer,OKC,72,32,40,16.8,1.6,0.4,0.8,48.3,0.1,0.2,58.3,0.9,56.3,0.5,30.4,0.1,5.4,0.1,6.3,0.1,5.4
Cory Joseph,IND,82,48,34,27,6,1,2,50,0.3,0.3,75,2.3,38.5,2.7,45,0.7,11.1,0.2,3.2,0.2,2.8
Courtney Lee,NYK,75,26,49,30.4,4,0.9,2,46.7,0.6,0.6,95.5,2.5,60.9,1.3,31.8,0.2,6,0.2,4.3,0.3,7.3
Cristiano Felicio,CHI,55,13,42,17.8,0.5,0.2,0.3,64.3,0.1,0.1,75,0.4,75.9,0.1,17.2,0,6.9,0.1,10.3,0,6.9
D'Angelo Russell,BKN,48,16,32,25.7,9.6,2,4.3,45.7,0.7,0.9,85.4,4.8,49.9,2.9,29.6,0.8,8.2,0.7,7.6,0.4,4.5
D.J. Augustin,ORL,75,23,52,23.5,7.8,1,2.2,45.5,0.7,0.8,86.7,2.8,36.2,3.5,44.8,1,13.4,0.4,5.7,0.4,5.1
D.J. Wilson,MIL,22,12,10,3.2,0.3,0.1,0.1,100,0,0,0,0.3,100,0.1,33.3,0,0,0,16.7,0,0
Dakari Johnson,OKC,30,21,9,4.9,0,0,0,0,0,0,0,0,0,0,100,0,0,0,0,0,0
Damian Jones,GSW,15,7,8,5.9,0.1,0.1,0.1,100,0,0,0,0.3,250,0,0,0,0,0,0,0,0
Damian Lillard,POR,73,44,29,36.6,12.6,2.6,5.8,45.3,2,2.2,89.5,7.4,58.8,3.4,27.1,1.1,9,0.6,4.7,1.2,9.3
Damien Wilkins,IND,19,10,9,8,0.8,0.3,0.6,45.5,0,0,0,0.5,62.5,0.2,25,0,0,0.1,6.3,0,0
Damion Lee,ATL,15,4,11,27,4.5,1.1,3,37.8,0,0,0,2.3,51.5,0.9,19.1,0.2,4.4,0.1,2.9,0,0
Damyean Dotson,NYK,44,11,33,10.8,1.2,0.3,0.5,56.5,0.1,0.1,50,0.7,59.6,0.4,30.8,0.2,13.5,0,3.8,0.1,5.8
Daniel Hamilton,OKC,6,5,1,4.6,3,0.3,0.5,66.7,0,0,0,0.7,22.2,1.2,38.9,1.2,38.9,0.2,5.6,0,0
Daniel Theis,BOS,60,41,19,14.9,0.2,0,0.1,40,0,0,50,0.1,35.7,0.1,35.7,0,7.1,0,14.3,0,7.1
Danilo Gallinari,LAC,21,11,10,32,5,0.7,1.9,37.5,1.6,1.7,94.4,3.1,61.3,1.5,30.2,0.5,9.4,0,0.9,0.9,17
Danny Green,SAS,70,40,30,25.6,3.8,0.6,1.7,36.8,0.1,0.2,83.3,1.4,36.7,1.4,37.1,0.3,9,0.2,4.9,0.1,2.2
Dante Cunningham,BKN,73,34,39,21.4,0.5,0,0.2,17.6,0,0,66.7,0.1,24.3,0.2,35.1,0,5.4,0,5.4,0,5.4
Dante Exum,UTA,14,10,4,16.8,7.9,2.1,3.8,54.7,0.1,0.3,50,4.3,54.5,1.6,20.9,1.1,14.5,0.4,5.5,0.1,1.8
Danuel House,PHX,23,6,17,17.5,2.4,0.6,1.2,51.9,0.2,0.2,100,1.5,61.8,0.7,30.9,0.1,5.5,0.1,5.5,0.1,3.6
Dario Saric,PHI,77,49,28,29.6,3.7,0.6,1.4,45.2,0.4,0.4,94.1,1.7,45.2,1.3,35.3,0.3,7.4,0.3,9.2,0.2,6
Darius Miller,NOP,82,48,34,23.7,1.8,0.3,0.5,53.3,0,0,100,0.6,36.1,0.7,38.9,0.4,20.1,0.1,4.9,0,1.4
Darrell Arthur,DEN,19,12,7,7.4,0.4,0,0.1,0,0,0,0,0,0,0.1,25,0,0,0.2,37.5,0,0
Darren Collison,IND,69,39,30,29.3,5.6,0.7,1.6,43.2,0.5,0.5,88.9,1.9,34.2,2.5,44.5,0.8,14.9,0.2,4.1,0.3,4.9
Darrun Hilliard,SAS,14,8,6,6.8,1.1,0.1,0.5,14.3,0.1,0.1,100,0.4,31.3,0.3,25,0.2,18.8,0.1,6.3,0.1,6.3
David Nwaba,CHI,70,26,44,23.5,4.5,0.7,2.1,32,0.5,0.8,66.7,2,43.6,1.2,25.8,0.3,6.7,0.4,8.3,0.4,8.9
David Stockton,UTA,3,3,0,3.1,1.7,0,0,0,0,0,0,0,0,1,60,0,0,0.3,20,0,0
David West,GSW,73,52,21,13.7,0.6,0.2,0.3,45.8,0,0.1,75,0.4,63.4,0.1,22,0,7.3,0,2.4,0,4.9
Davis Bertans,SAS,77,43,34,14.1,1.2,0.3,0.5,58.3,0,0,100,0.6,46.9,0.4,35.4,0.2,13.5,0.1,6.3,0,1
Davon Reed,PHX,21,2,19,11.5,1.5,0.3,0.7,46.7,0.2,0.3,66.7,0.9,58.1,0.4,29,0,0,0.1,6.5,0.1,9.7
De'Aaron Fox,SAC,73,24,49,27.7,8.4,1.5,3.7,41,0.7,0.9,75,3.8,45.6,2.4,28.3,1,11.6,0.6,7.2,0.5,5.4
DeAndre Jordan,LAC,77,39,38,31.5,0.1,0.1,0.1,66.7,0,0,50,0.1,90,0,0,0,0,0,20,0,10
DeAndre Liggins,NOP,57,34,23,12.4,1.4,0.1,0.3,25,0,0,50,0.2,11.7,0.8,55.8,0.2,14.3,0.1,3.9,0,1.3
DeAndre' Bembry,ATL,25,8,17,18.2,6.6,0.9,2.3,38.6,0.2,0.5,50,2.1,31.5,2.5,38.2,0.6,9.7,0.7,10.3,0.2,3.6
DeMar DeRozan,TOR,80,57,23,33.9,16.3,3.4,6.8,49.6,2.2,2.7,81,9.2,56.5,5.1,31.3,1.6,9.9,0.8,5.1,1.4,8.6
DeMarcus Cousins,NOP,48,27,21,36.2,9.3,2,3.9,52.2,1.8,2.4,74.6,6.1,65.5,1.8,19.7,0.7,7.2,1.3,13.5,1.3,13.5
DeMarre Carroll,BKN,71,24,47,29.9,5.5,1.1,2.7,40.4,0.6,0.8,79.3,2.9,53.6,1.6,28.5,0.3,6.2,0.3,5.6,0.4,7.4
Dejounte Murray,SAS,81,47,34,21.5,8.2,1.2,3.1,40.4,0.3,0.4,77.8,2.9,34.9,3.2,39.8,0.7,8.8,0.5,6.7,0.2,3
Delon Wright,TOR,69,49,20,20.8,7,1.2,2.6,46,0.6,0.7,84.8,3,43.2,2.7,37.9,0.8,11.5,0.4,6,0.3,4.7
Demetrius Jackson,PHI,15,12,3,5.3,2.1,0.3,0.5,62.5,0,0,0,0.7,32.3,1,48.4,0.1,6.5,0.3,12.9,0,0
Dennis Schroder,ATL,66,21,45,30.9,16.4,3.8,8,47.3,1.6,1.9,84.4,9.4,57.3,4.4,26.9,1.6,9.5,0.8,5.1,1,6.1
Dennis Smith Jr.,DAL,69,22,47,29.7,12.7,2.1,5.2,40.3,0.7,1,69.7,5,39.7,4.3,33.9,1.4,10.8,0.9,6.8,0.5,3.9
Denzel Valentine,CHI,77,26,51,27.2,4.9,0.9,1.9,46.3,0.1,0.1,62.5,1.8,37.4,1.9,38.7,0.6,11.7,0.4,7.7,0.1,1.1
Derrick Favors,UTA,77,46,31,28,0.2,0.1,0.1,50,0,0,100,0.2,75,0.1,25,0,6.3,0,12.5,0,6.3
Derrick Jones Jr.,MIA,20,9,11,12.3,0.8,0.2,0.6,33.3,0.2,0.2,75,0.6,68.8,0.1,6.3,0,0,0.1,6.3,0.1,12.5
Derrick Rose,MIN,25,15,10,16.8,5.1,1.1,2.6,42.4,0.6,0.7,83.3,2.9,56.7,1.2,22.8,0.4,8.7,0.4,7.9,0.4,7.1
Derrick Walton Jr.,MIA,16,8,8,9.2,0.5,0,0.1,0,0.1,0.1,100,0.1,25,0.3,62.5,0,0,0,0,0.1,12.5
Derrick White,SAS,17,7,10,8.2,1.8,0.2,0.8,30.8,0.4,0.6,60,0.8,46.7,0.5,30,0.1,3.3,0.1,6.7,0.3,16.7
Derrick Williams,LAL,2,1,1,4.3,0.5,0,0.5,0,0,0,0,0,0,0,0,0,0,0,0,0,0
Devin Booker,PHX,54,16,38,34.5,10.1,2.2,5.2,43.1,1,1.2,85.9,5.8,57.4,2.5,24.4,0.9,9,0.5,5.3,0.6,5.9
Devin Harris,DEN,71,33,38,18.9,5,0.7,1.7,41.1,0.6,0.7,84.9,2.1,42.7,1.7,34,0.6,12.9,0.2,4.8,0.4,7.6
Devin Robinson,WAS,1,0,1,13.2,0,0,0,0,0,0,0,0,0,0,0,0,0,0,0,0,0
Dewayne Dedmon,ATL,61,18,43,24.9,0.4,0.2,0.3,52.6,0,0,0,0.3,76.9,0,7.7,0,11.5,0,3.8,0,0
Deyonta Davis,MEM,62,16,46,15.2,0,0,0,0,0,0,0,0,0,0,0,0,0,0,0,0,0
Dillon Brooks,MEM,82,22,60,28.7,5.3,1.3,2.7,48.4,0.5,0.7,74.1,3.2,60.5,1.2,23.1,0.3,5.5,0.4,7.9,0.4,6.7
Dion Waiters,MIA,29,15,14,30.8,14.7,2.1,4.4,46.9,1.3,1.7,76,5.5,37.2,6,41,1.8,12.2,1.3,8.7,0.9,5.9
Dirk Nowitzki,DAL,77,24,53,24.7,0.1,0,0,100,0,0,0,0.1,100,0,0,0,0,0,25,0,0
Domantas Sabonis,IND,74,45,29,24.5,1.6,0.4,0.7,52.7,0.2,0.2,85.7,1,61,0.5,28.8,0.1,6.8,0.1,7.6,0.1,5.9
Donovan Mitchell,UTA,79,46,33,33.4,13.3,2.9,6.3,47.1,1.4,1.7,81.2,7.5,56.5,3.5,26.3,1.2,9,1,7.2,0.8,6.4
Dorian Finney-Smith,DAL,21,4,17,21.3,1.8,0.2,0.5,40,0.3,0.5,70,0.7,40.5,0.5,27,0.3,18.9,0.2,10.8,0.2,13.5
Doug McDermott,DAL,80,29,51,21.7,1,0.3,0.7,43.6,0.1,0.1,75,0.7,65.9,0.1,12.2,0.1,4.9,0.1,7.3,0.1,4.9
Dragan Bender,PHX,82,21,61,25.2,1.8,0.3,0.8,41.3,0.1,0.2,85.7,0.8,44.8,0.6,33.8,0.1,5.5,0.1,6.2,0.1,4.8
Draymond Green,GSW,70,48,22,32.7,2.2,0.4,0.9,39.1,0.5,0.5,84.2,1.2,52.9,0.6,28.7,0.2,10.2,0.1,5.1,0.3,12.1
Dwayne Bacon,CHA,53,25,28,13.5,1.9,0.6,1.2,50,0,0.1,50,1.3,68.3,0.3,16.8,0.1,6.9,0.1,6.9,0.1,3
Dwight Buycks,DET,29,10,19,14.7,5.8,0.8,2.3,33.3,0.9,1,83.3,2.4,41.9,1.8,30.5,0.5,8.4,0.4,7.8,0.5,9
Dwight Howard,CHA,81,35,46,30.4,1.7,0.5,1.1,45.3,0.2,0.4,52.8,1.2,74.3,0.1,8.8,0.1,3.7,0.1,8.8,0.2,13.2
Dwight Powell,DAL,79,23,56,21.2,0.9,0.2,0.5,45.9,0.1,0.1,100,0.6,69.1,0.2,20.6,0.1,10.3,0,2.9,0.1,7.4
Dwyane Wade,MIA,67,37,30,22.9,6.2,1.2,2.9,41.8,0.4,0.7,65.9,3,48.2,1.7,27.6,0.6,9.6,0.5,7.7,0.3,5.3
E'Twaun Moore,NOP,82,48,34,31.5,4.9,1,2.3,45.5,0.1,0.1,75,2.2,44.5,1.6,33.3,0.5,9.3,0.3,6.3,0,1
Ed Davis,POR,78,48,30,18.9,0.4,0.1,0.2,42.1,0,0,50,0.2,64.3,0.1,17.9,0,7.1,0,3.6,0,3.6
Edmond Sumner,IND,1,0,1,2.2,1,0,0,0,0,0,0,0,0,1,100,0,0,0,0,0,0
Ekpe Udoh,UTA,63,36,27,12.9,0.1,0,0,66.7,0,0,0,0.1,71.4,0,14.3,0,28.6,0,14.3,0,0
Elfrid Payton,PHX,63,13,50,28.7,11.9,2.4,5,47.9,0.7,1.1,62,5.7,47.7,4.1,34.7,1.1,9.6,0.7,5.5,0.6,4.9
Emeka Okafor,NOP,26,16,10,13.6,0.1,0,0,100,0,0,0,0.1,100,0,0,0,0,0,0,0,50
Emmanuel Mudiay,NYK,64,29,35,19.4,7.9,1.2,3.1,40.1,0.6,0.8,75.9,3.3,41.3,2.8,36.1,0.7,9.1,0.6,7.5,0.4,5.4
Enes Kanter,NYK,70,26,44,25.8,0.4,0.2,0.3,60,0,0,100,0.4,92.9,0,7.1,0,3.6,0,10.7,0,3.6
Eric Bledsoe,MIL,74,40,34,31.4,12.2,2,3.9,51.6,0.8,1.1,70.7,5,40.9,5,40.8,1.4,11.2,0.9,7.4,0.6,4.7
Eric Gordon,HOU,69,55,14,31.2,7.6,1.9,3.5,53.8,1.1,1.4,82.3,5.1,67.1,2,26,0.6,7.5,0.5,6.5,0.7,9.4
Eric Moreland,DET,67,32,35,12,0.2,0,0.1,30,0,0,0,0.1,40,0.1,26.7,0,0,0,0,0,0
Erik McCree,UTA,4,4,0,1.9,0,0,0,0,0,0,0,0,0,0,0,0,0,0,0,0,0
Ersan Ilyasova,PHI,69,36,33,25.1,0.9,0.2,0.5,33.3,0,0.1,75,0.4,42.6,0.2,21.3,0.1,6.6,0.1,9.8,0,3.3
Evan Fournier,ORL,57,20,37,32.2,8.1,1.8,3.7,48.6,0.9,1.1,86.9,4.6,57.4,2.4,30.1,0.7,8.2,0.5,6.7,0.5,6.7
Evan Turner,POR,79,48,31,25.7,3.5,0.9,2,46.8,0.4,0.5,77.8,2.3,64.7,0.7,20.9,0.2,6.1,0.2,6.1,0.2,6.5
Frank Kaminsky,CHA,79,35,44,23.2,4.4,1.1,2.5,44.3,0.5,0.6,86,2.9,65.2,1.1,24.1,0.2,4.6,0.2,4.6,0.3,7.5
Frank Mason,SAC,52,17,35,18.9,7.3,0.9,2.8,32.9,0.8,1,82,2.7,37.4,2.6,36.3,0.8,10.6,0.3,4.5,0.5,6.6
Frank Ntilikina,NYK,77,27,50,22,4.5,0.6,1.7,38,0.2,0.3,81.8,1.5,33.4,1.6,35.2,0.6,12.7,0.4,8.6,0.1,3.2
Fred VanVleet,TOR,76,55,21,20,8.6,1.1,2.6,42.2,0.3,0.4,86.7,2.6,30.4,4,46,1.1,12.7,0.5,6.1,0.2,2.4
Furkan Korkmaz,PHI,14,11,3,5.7,0.6,0,0.2,0,0,0,0,0,0,0.3,44.4,0.1,11.1,0,0,0,0
Garrett Temple,SAC,65,23,42,24.8,2.2,0.3,0.9,35.7,0.2,0.3,80,0.9,41.1,0.7,33.3,0.2,7.1,0.2,8.5,0.2,7.8
Gary Harris,DEN,67,37,30,34.4,7.5,1.9,3.5,53.2,0.7,0.8,83,4.5,59.6,2.2,29.4,0.7,9.5,0.5,6.2,0.4,5.6
Gary Payton II,LAL,23,10,13,9.6,1.3,0.3,0.7,41.2,0,0,0,0.6,48.3,0.3,24.1,0.1,10.3,0,3.4,0,0
George Hill,CLE,67,28,39,27,5.1,0.9,2,46.6,0.3,0.4,71.4,2.2,44.2,1.9,36.9,0.5,10.6,0.3,5.9,0.2,4.1
Georges Niang,UTA,9,9,0,3.5,0.8,0.2,0.2,100,0,0,0,0.4,57.1,0.4,57.1,0,0,0.1,14.3,0,0
Georgios Papagiannis,POR,17,3,14,7.2,0,0,0,0,0,0,0,0,0,0,0,0,0,0,0,0,0
Gerald Green,HOU,41,33,8,22.7,2.5,0.6,1.2,49,0.2,0.4,56.3,1.5,59.2,0.7,27.2,0.1,4.9,0.2,6.8,0.2,7.8
Gian Clavell,DAL,7,0,7,9.1,0.7,0,0,0,0.3,0.3,100,0.3,40,0.1,20,0.1,20,0.3,40,0.1,20
Giannis Antetokounmpo,MIL,74,39,35,36.7,11,2.3,4.6,50.7,1.7,2.2,75.6,6.6,59.7,3.3,30.2,0.8,7.1,0.7,6.7,1.1,10.2
Glenn Robinson III,IND,23,14,9,14.7,1.3,0.3,0.6,50,0,0,0,0.7,48.4,0.5,35.5,0.2,12.9,0,0,0,0
Goran Dragic,MIA,74,38,36,31.7,14.6,2.6,5.7,46.3,0.7,0.9,74.3,6.1,41.4,5.6,38.2,1.6,11.1,0.8,5.7,0.5,3.3
Gordon Hayward,BOS,1,0,1,5.3,0,0,0,0,0,0,0,0,0,0,0,0,0,0,0,0,0
Gorgui Dieng,MIN,79,45,34,16.9,0.5,0.2,0.2,68.4,0.1,0.2,83.3,0.5,90.2,0.1,26.8,0,4.9,0,4.9,0.1,14.6
Greg Monroe,BOS,50,21,29,20.5,1.9,0.6,1.3,46.9,0.1,0.2,41.7,1.4,70.8,0.3,13.5,0.1,3.1,0,2.1,0.1,6.3
Guerschon Yabusele,BOS,32,23,9,7.3,0.6,0.1,0.2,57.1,0.2,0.3,87.5,0.5,88.9,0.1,16.7,0,5.6,0,5.6,0.1,22.2
Harrison Barnes,DAL,77,24,53,34.2,7.3,2,4.1,47.9,0.9,1.2,78.5,5.1,69.4,1.4,18.7,0.5,6.6,0.4,6,0.6,8.5
Hassan Whiteside,MIA,54,30,24,25.3,0.9,0.3,0.6,45.2,0.1,0.1,37.5,0.6,73.9,0.1,13,0,2.2,0.1,6.5,0.1,8.7
Henry Ellenson,DET,38,21,17,8.7,1.6,0.3,1,27,0.1,0.1,75,0.6,40,0.3,18.3,0.1,5,0.1,3.3,0.1,3.3
Ian Clark,NOP,74,43,31,19.7,3.1,1,1.8,55.7,0.1,0.2,66.7,2.1,67.1,0.8,24.2,0.3,8.7,0.1,4.8,0.1,2.6
Ian Mahinmi,WAS,77,42,35,14.9,0.3,0.1,0.2,46.2,0.1,0.1,83.3,0.2,81,0,4.8,0,0,0,4.8,0,14.3
Ike Anigbogu,IND,11,5,6,2.7,0,0,0,0,0,0,0,0,0,0,0,0,0,0,0,0,0
Iman Shumpert,SAC,14,9,5,19.7,1.4,0.1,0.3,25,0.4,0.6,75,0.6,40,0.5,35,0.1,5,0.3,20,0.3,20
Isaiah Canaan,PHX,20,9,11,21.1,7.1,1.2,2.8,42.9,0.8,0.8,93.8,3.3,46.8,2.4,33.3,0.9,12.8,0.5,6.4,0.4,5.7
Isaiah Hicks,NYK,18,4,14,13.3,0.7,0.1,0.3,33.3,0,0,0,0.2,30.8,0.2,30.8,0,0,0.1,7.7,0,0
Isaiah Taylor,ATL,67,18,49,17.4,7.8,1.4,3.2,44.2,0.7,0.9,75,3.6,45.7,2.6,32.8,0.8,10.1,0.4,5.7,0.5,5.9
Isaiah Thomas,LAL,32,15,17,26.9,12.3,1.7,4,41.1,1.6,1.8,92.9,5,40.4,4.4,35.8,1.4,11.4,1.1,8.9,0.9,7.1
Isaiah Whitehead,BKN,15,2,13,10.9,5.5,1.2,2.6,46.2,0.4,0.7,60,2.9,51.8,1.2,21.7,0.4,7.2,0.9,15.7,0.3,6
Ish Smith,DET,82,39,43,24.9,11.1,1.9,3.9,47.1,0.3,0.5,73,4.1,36.9,4.9,43.8,1.4,12.7,0.5,4.2,0.2,2.1
Ivan Rabb,MEM,36,6,30,14.3,0.3,0.1,0.1,66.7,0,0,0,0.1,36.4,0.1,27.3,0,9.1,0.1,36.4,0,0
Ivica Zubac,LAL,43,19,24,9.5,0.1,0,0,50,0,0,50,0.1,75,0,0,0,0,0,25,0,25
J.J. Barea,DAL,69,23,46,23.2,9.5,1.9,3.8,49.2,0.6,0.7,85.1,4.4,46.8,3.1,32.4,1.4,14.7,0.6,6.1,0.4,3.8
JJ Redick,PHI,69,45,24,30.2,2.2,0.4,1,42.3,0,0.1,75,0.9,41.9,0.7,32.9,0.3,14.2,0.1,3.2,0,1.3
JR Smith,CLE,80,49,31,28.1,3.1,0.5,1.1,44.3,0.1,0.2,75,1.1,36.6,1.1,37,0.4,14.2,0.2,7.3,0.1,2.4
JaKarr Sampson,SAC,22,6,16,15.6,1,0.2,0.5,45.5,0.1,0.1,100,0.6,56.5,0.4,34.8,0,0,0.1,8.7,0,4.3
JaMychal Green,MEM,55,11,44,28,1.2,0.2,0.5,40,0.2,0.3,62.5,0.6,51.5,0.3,21.2,0.1,6.1,0.2,15.2,0.1,12.1
JaVale McGee,GSW,65,45,20,9.5,0.2,0.1,0.1,55.6,0,0,0,0.2,71.4,0,14.3,0,14.3,0,7.1,0,0
Jabari Bird,BOS,13,8,5,8.8,0.8,0.2,0.4,40,0,0,0,0.3,40,0.2,20,0.1,10,0.2,20,0,0
Jabari Parker,MIL,31,16,15,24,4.3,1,2,51.6,0.4,0.5,75,2.5,58.6,1.3,30.1,0.3,6.8,0.3,6.8,0.3,6
Jack Cooley,SAC,7,4,3,12.5,0,0,0,0,0,0,0,0,0,0,0,0,0,0,0,0,0
Jacob Pullen,PHI,3,2,1,2,0.7,0.3,0.3,100,0,0,0,0.7,100,0.3,50,0,0,0,0,0,0
Jacob Wiley,BKN,4,1,3,8.1,0.5,0,0,0,0,0,0,0,0,0.3,50,0.3,50,0,0,0,0
Jae Crowder,UTA,80,52,28,26.1,1.9,0.4,0.8,54.1,0.3,0.4,69.7,1.1,58.7,0.6,29,0.2,9.7,0.2,7.7,0.2,11
Jahlil Okafor,BKN,28,7,21,12.6,1.1,0.4,0.5,80,0.1,0.1,75,1,90.3,0.3,25.8,0,0,0.2,16.1,0.1,6.5
Jake Layman,POR,35,22,13,4.6,0.4,0,0.2,0,0.1,0.1,100,0.1,15.4,0,7.7,0,7.7,0.1,23.1,0,7.7
Jakob Poeltl,TOR,82,59,23,18.6,0.4,0.1,0.1,75,0,0.1,66.7,0.3,79.3,0.1,24.1,0,3.4,0,10.3,0,10.3
Jalen Jones,DAL,16,3,13,11.3,2.3,0.5,1.3,38.1,0.3,0.4,83.3,1.4,63.9,0.3,13.9,0.1,2.8,0.1,5.6,0.2,8.3
Jamal Crawford,MIN,80,45,35,20.7,2.5,0.7,1.4,49.6,0.2,0.2,88.9,1.7,65,0.6,23.6,0.2,7.9,0.1,5.4,0.1,4.4
Jamal Murray,DEN,81,46,35,31.7,8,2,4.1,48.3,0.8,0.8,94.1,5,62.3,2.2,27.9,0.6,7.1,0.5,5.9,0.4,5.4
Jameel Warney,DAL,3,1,2,9,0,0,0,0,0,0,0,0,0,0,0,0,0,0,0,0,0
Jameer Nelson,DET,50,25,25,20.3,5.3,0.6,1.2,48.3,0.1,0.1,75,1.2,23.3,2.8,52.3,0.9,16.2,0.3,6.4,0,0.8
Jamel Artis,ORL,15,4,11,18.6,2.7,0.5,1,46.7,0.3,0.5,71.4,1.3,46.3,1.1,39,0.3,12.2,0.1,4.9,0.2,7.3
James Ennis III,DET,72,25,47,22.3,1.9,0.3,0.7,36,0.3,0.4,80,0.8,43.6,0.5,26.4,0.3,14.3,0.2,10.7,0.2,10.7
James Harden,HOU,72,59,13,35.4,17.1,3.9,7.3,52.8,3.3,3.9,86.4,11.5,67,4,23.5,2.1,12.1,1.1,6.2,2,11.4
James Johnson,MIA,72,36,36,26.6,6,1.6,2.8,56.8,0.4,0.5,71.1,3.6,61.1,1.6,27,0.5,8.4,0.6,9.3,0.3,4.4
James Michael McAdoo,PHI,3,1,2,6,0,0,0,0,0,0,0,0,0,0,0,0,0,0,0,0,0
James Webb III,BKN,10,1,9,12,0.3,0.1,0.1,100,0,0,0,0.2,66.7,0,0,0.1,33.3,0.1,33.3,0,0
James Young,PHI,6,4,2,10.2,0.7,0.3,0.3,100,0.3,0.3,100,1,150,0.2,25,0,0,0,0,0.2,25
Jamil Wilson,LAC,15,6,9,18.3,0.9,0.1,0.4,33.3,0.1,0.1,50,0.3,38.5,0.1,15.4,0.2,23.1,0.1,7.7,0.1,7.7
Jared Dudley,PHX,48,7,41,14.3,1.1,0.1,0.3,50,0,0,0,0.3,25.5,0.5,43.6,0.3,27.3,0,3.6,0,1.8
Jarell Eddie,CHI,3,1,2,2.9,0,0,0,0,0,0,0,0,0,0,0,0,0,0,0,0,0
Jarell Martin,MEM,73,21,52,22.7,1.6,0.4,1.1,39,0.3,0.3,84,1.1,68.3,0.1,7.5,0,2.5,0.2,12.5,0.2,10.8
Jarrett Allen,BKN,70,24,46,20,0.2,0,0.1,30,0,0,0,0.1,42.9,0,7.1,0,7.1,0,7.1,0,0
Jarrett Jack,NYK,61,25,36,24.8,7.5,1.3,2.8,46.8,0.4,0.6,79.4,3.1,41.6,2.7,35.5,1,13.9,0.5,7,0.3,3.7
Jason Smith,WAS,33,15,18,8.6,0.5,0.2,0.3,50,0.1,0.1,100,0.4,87.5,0.1,18.8,0,0,0.1,12.5,0,6.3
Jason Terry,MIL,51,27,24,16,0.9,0.1,0.2,41.7,0,0,100,0.2,27.3,0.4,50,0.1,13.6,0.1,6.8,0,2.3
Jawun Evans,LAC,48,24,24,16.2,3.9,0.8,2,38.9,0.5,0.5,84.6,2,52.2,1,25.3,0.3,7.5,0.3,7.5,0.3,7
Jaylen Brown,BOS,67,44,23,30.6,4.8,1.1,2.2,47.7,0.7,1,68.2,2.8,59.2,1.2,25.5,0.3,6.2,0.4,9.3,0.5,10.9
Jaylen Morris,ATL,6,2,4,16.4,2.7,0.7,1.7,40,0,0,0,1.3,50,0.5,18.8,0.3,12.5,0,0,0,0
Jayson Tatum,BOS,77,50,27,30.7,5.7,1.3,2.9,44.9,0.9,1.1,85.7,3.6,63.9,1.4,25.3,0.2,3.7,0.4,6.4,0.6,9.8
Jeff Green,CLE,78,47,31,23.4,2.5,0.7,1.5,45.6,0.6,0.6,89.6,2,79.3,0.3,11.9,0.1,4.1,0.2,6.7,0.3,12.4
Jeff Teague,MIN,70,41,29,33,14,2.7,5.8,47,1.1,1.3,80.6,6.6,47.1,4.7,33.5,1.8,12.8,0.7,5.3,0.7,4.8
Jeff Withey,DAL,10,2,8,3.9,0.1,0,0,0,0,0,0,0,0,0.1,100,0,0,0,0,0,0
Jerami Grant,OKC,80,48,32,20.3,2,0.6,1.1,53.5,0.4,0.6,58,1.6,79.1,0.3,15.2,0.1,3.2,0.1,6.3,0.3,16.5
Jeremy Evans,ATL,1,0,1,5.4,1,0,0,0,0,0,0,0,0,0,0,0,0,0,0,0,0
Jeremy Lamb,CHA,80,36,44,24.6,5.6,1.6,3.3,48.1,0.9,1,87.2,4.1,73.6,1.2,20.9,0.4,6.2,0.3,4.7,0.5,8.7
Jeremy Lin,BKN,1,0,1,25.2,17,2,6,33.3,0,0,0,4,23.5,8,47.1,1,5.9,2,11.8,0,0
Jerian Grant,CHI,74,24,50,22.8,8,0.9,2.2,41.6,0.8,1.1,74.4,2.8,35.3,3.3,41.6,1.3,16.7,0.3,4.1,0.6,6.9
Jerryd Bayless,PHI,38,21,17,23.9,2.7,0.4,1,43.2,0.2,0.2,75,1,37.5,1.2,42.3,0.3,9.6,0.2,6.7,0.1,3.8
Jimmy Butler,MIN,59,37,22,36.7,12.1,2.6,5,51.5,1.9,2.2,90.6,7.4,60.8,3.7,30.4,1.4,11.6,0.7,5.7,1.1,8.9
Joakim Noah,NYK,7,1,6,5.7,0.6,0.3,0.4,66.7,0,0,0,0.6,100,0.1,25,0,0,0,0,0,0
Jodie Meeks,WAS,77,41,36,14.5,1.9,0.4,0.9,43.9,0.3,0.3,91.7,1,54.4,0.6,33.3,0.1,6.1,0.1,4.8,0.2,8.2
Joe Harris,BKN,77,26,51,25.3,4.5,1.1,1.7,62.7,0.3,0.4,85.7,2.6,57,1.7,38.4,0.5,10,0.2,4.9,0.2,4.3
Joe Ingles,UTA,82,48,34,31.4,8.7,1,2.1,48.6,0.3,0.4,93.3,2.5,28.2,4.1,47.4,1.4,15.5,0.6,6.8,0.2,2.1
Joe Johnson,HOU,55,35,20,21.9,2.8,0.5,1.3,43.5,0.1,0.1,100,1.2,41,1.1,38.5,0.3,9,0.2,5.8,0,1.3
Joe Young,IND,53,28,25,10.5,2.3,0.5,1.1,45,0.1,0.2,75,1.2,51.6,0.7,30.3,0.2,9,0.2,7.4,0.1,3.3
Joel Bolomboy,MIL,6,3,3,6.3,0,0,0,0,0,0,0,0,0,0,0,0,0,0,0,0,0
Joel Embiid,PHI,62,41,21,30.3,3.3,0.9,1.6,54,0.5,0.5,82.4,2.2,67,0.7,20.4,0.2,7.3,0.4,10.7,0.3,8.7
Joffrey Lauvergne,SAS,55,30,25,9.7,0.3,0.1,0.3,31.3,0,0,50,0.2,57.9,0,0,0,0,0,10.5,0,5.3
John Collins,ATL,73,21,52,24.1,0.8,0.2,0.4,50,0,0.1,37.5,0.5,61.8,0.1,10.9,0,3.6,0.1,12.7,0.1,7.3
John Henson,MIL,75,39,36,26,0.3,0.1,0.1,36.4,0,0.1,50,0.2,50,0.1,16.7,0,4.2,0,12.5,0,12.5
John Holland,CLE,24,17,7,7.3,0.7,0.1,0.2,40,0,0,0,0.2,25,0.3,37.5,0,6.3,0.1,12.5,0,0
John Wall,WAS,41,23,18,34.4,15.5,2.6,5.4,47.7,1.7,2.3,76.3,7.2,46.8,4.9,31.5,2.1,13.4,1.4,8.8,1.1,7.4
Johnathan Motley,DAL,11,1,10,16,1.7,0.6,1.3,50,0.1,0.2,50,1.4,78.9,0,0,0,0,0.1,5.3,0.1,5.3
Johnny O'Bryant III,CHA,36,15,21,10.5,0.8,0.2,0.5,42.1,0,0,0,0.5,56.7,0.2,26.7,0,0,0.1,10,0,0
Jon Leuer,DET,8,5,3,17.1,1.6,0.1,0.5,25,0.3,0.3,100,0.5,30.8,0.5,30.8,0,0,0.4,23.1,0.1,7.7
Jonas Jerebko,UTA,74,45,29,15.3,1.4,0.3,0.8,41.4,0.1,0.2,78.6,0.8,57.5,0.3,23.6,0.1,4.7,0.1,7.5,0.1,6.6
Jonas Valanciunas,TOR,77,56,21,22.4,1.1,0.4,0.7,59.6,0.2,0.3,85,1.1,94.2,0.1,10.5,0,1.2,0.1,5.8,0.1,11.6
Jonathan Gibson,BOS,4,2,2,10,1,0.8,1,75,0,0,0,1.5,150,0,0,0,0,0,0,0,0
Jonathan Isaac,ORL,27,11,16,19.8,1,0.2,0.5,42.9,0.1,0.1,100,0.5,51.9,0.2,22.2,0,3.7,0.1,11.1,0,3.7
Jonathon Simmons,ORL,69,21,48,29.4,10,1.9,4.3,44.8,1.1,1.5,73.3,5.2,51.9,3,30.1,0.9,8.8,0.8,7.8,0.8,7.8
Jordan Bell,GSW,57,43,14,14.2,0.6,0.1,0.2,46.2,0.1,0.1,62.5,0.3,51.5,0.2,27.3,0,6.1,0.1,12.1,0.1,12.1
Jordan Clarkson,CLE,81,40,41,23.3,7.7,1.8,3.6,48.8,0.6,0.8,80.3,4.3,55.7,1.9,24.8,0.9,11.4,0.6,8,0.4,5.1
Jordan Crawford,NOP,5,3,2,10.7,2.6,0.4,1.4,28.6,0,0,0,0.8,30.8,0.2,7.7,0.8,30.8,0.2,7.7,0,0
Jordan Mickey,MIA,23,15,8,12.4,0.7,0.3,0.4,66.7,0,0.1,50,0.6,93.3,0.1,20,0,0,0,0,0,6.7
Jose Calderon,CLE,57,33,24,16,2.2,0.4,0.6,65.6,0.1,0.2,60,0.9,39.8,0.9,43.1,0.3,14.6,0.1,6.5,0.1,4.1
Josh Gray,PHX,5,0,5,17.3,7.4,1.4,4,35,0.4,0.8,50,3.2,43.2,2,27,0.6,8.1,0.4,5.4,0.4,5.4
Josh Hart,LAL,63,27,36,23.2,1.9,0.4,0.8,49.1,0.2,0.2,83.3,1,51.6,0.5,24.6,0.3,13.1,0.2,9,0.1,4.9
Josh Huestis,OKC,68,43,25,14.2,0.7,0,0.1,25,0,0.1,50,0.1,12.5,0.3,45.8,0.1,8.3,0.1,20.8,0,4.2
Josh Jackson,PHX,77,19,58,25.4,6.5,1.4,3.7,36.6,0.6,1,65.8,3.4,52.7,1.2,17.7,0.3,4.4,0.6,8.5,0.5,8
Josh Magette,ATL,18,3,15,12,2.8,0.3,0.8,35.7,0.2,0.2,100,0.8,27.5,1.2,43.1,0.7,23.5,0,0,0.1,3.9
Josh McRoberts,DAL,2,2,0,2.9,0,0,0,0,0,0,0,0,0,0,0,0,0,0,0,0,0
Josh Richardson,MIA,80,43,37,33.2,6.6,1.3,2.9,45.4,0.3,0.4,75,3,45.9,2.1,31.5,0.6,9.1,0.6,8.5,0.2,2.8
Josh Smith,NOP,3,2,1,3.9,0,0,0,0,0,0,0,0,0,0,0,0,0,0,0,0,0
Jrue Holiday,NOP,81,47,34,36.1,12.3,3.2,5.8,55.4,0.8,1,83.8,7.4,60.3,3.9,31.5,1.3,10.3,0.6,4.8,0.5,4
Juancho Hernangomez,DEN,25,15,10,11.1,0.6,0,0.1,0,0,0.1,50,0,7.1,0.2,42.9,0.1,21.4,0.1,14.3,0,7.1
Julius Randle,LAL,82,35,47,26.7,4.5,1.1,2.3,48.9,0.6,0.9,68.1,2.9,64.7,0.8,17.1,0.3,5.7,0.4,9.2,0.4,9.8
Julyan Stone,CHA,23,10,13,7.6,0.4,0,0,0,0,0,0,0,0,0.3,77.8,0,0,0,11.1,0,0
Justin Anderson,PHI,37,27,10,13.9,1.9,0.3,0.8,33.3,0.1,0.2,83.3,0.7,35.2,0.5,28.2,0.1,5.6,0.2,8.5,0.1,4.2
Justin Holiday,CHI,72,24,48,31.5,3.3,0.3,1.3,25,0.3,0.3,83.3,1,28.6,1.3,38.6,0.3,10,0.2,5.4,0.2,5
Justin Jackson,SAC,68,21,47,22.2,1.3,0.4,0.7,60.4,0.1,0.2,58.3,1,77.3,0.3,26.1,0.1,8,0,1.1,0.1,6.8
Justin Patton,MIN,1,0,1,3.7,1,0,1,0,0,0,0,0,0,0,0,0,0,0,0,0,0
Justise Winslow,MIA,67,32,35,24.7,4.6,1,2.3,43.8,0.2,0.5,50,2.3,50.2,1.3,28.7,0.3,6.2,0.3,7.2,0.3,5.5
Jusuf Nurkic,POR,79,48,31,26.4,0.6,0.2,0.4,42.9,0.1,0.2,68.8,0.5,82.4,0,3.9,0,0,0,3.9,0.1,15.7
Kadeem Allen,BOS,18,9,9,6,1.1,0.1,0.2,50,0.2,0.2,75,0.4,42.1,0.3,26.3,0.2,21.1,0.2,15.8,0.1,10.5
Karl-Anthony Towns,MIN,82,47,35,35.6,2.6,0.8,1.5,55.3,0.4,0.5,77.5,2.1,81.1,0.4,15.2,0.2,6.5,0.2,6.5,0.3,9.7
Kawhi Leonard,SAS,9,5,4,23.3,9.2,2.3,4.1,56.8,1.1,1.3,83.3,6,65.1,3.6,38.6,0.4,4.8,0.2,2.4,0.7,7.2
Kay Felder,DET,16,6,10,8.7,3.6,0.4,1.3,33.3,0.6,0.6,90,1.4,39.7,1.1,31,0.4,10.3,0.4,12.1,0.3,8.6
Kelly Olynyk,MIA,75,41,34,23.3,3.6,0.8,1.3,59.4,0.4,0.5,77.8,2.1,56.4,1.1,30.8,0.4,10.6,0.4,10.3,0.2,6.6
Kelly Oubre Jr.,WAS,81,43,38,27.5,4.1,0.8,2.2,37.1,0.9,1.1,82.6,2.5,61.9,0.7,16.5,0.1,3.6,0.3,8.1,0.5,13.2
Kemba Walker,CHA,80,36,44,34.2,11.6,2.3,4.9,47.4,1.3,1.6,79.7,6.2,53.2,3.6,31.3,1.4,11.9,0.5,4.6,0.8,7
Kendrick Perkins,CLE,1,0,1,14.5,0,0,0,0,0,0,0,0,0,0,0,0,0,0,0,0,0
Kenneth Faried,DEN,32,16,16,14.4,0.5,0.1,0.2,57.1,0.1,0.1,75,0.3,73.3,0.1,26.7,0,0,0,6.7,0.1,13.3
Kent Bazemore,ATL,64,19,45,27.5,8.1,1.2,3.1,38.8,1.1,1.3,86.6,3.7,46,2.3,28,0.8,10.1,0.9,10.8,0.7,8.7
Kentavious Caldwell-Pope,LAL,74,31,43,33.2,2.6,0.5,1.3,41.7,0.3,0.4,67.9,1.4,52.8,0.7,27.5,0.1,3.6,0.2,8.3,0.2,7.3
Kevin Durant,GSW,68,49,19,34.2,5.7,1.7,3.1,53.8,1.1,1.2,93.9,4.8,82.8,1.1,18.7,0.4,6.4,0.3,5.9,0.6,11.3
Kevin Love,CLE,59,37,22,28,1.4,0.2,0.6,34.2,0.5,0.5,90.6,0.9,70,0.2,13.8,0.1,6.3,0.1,5,0.3,21.3
Kevon Looney,GSW,66,45,21,13.8,0.7,0.2,0.4,59.3,0,0.1,50,0.5,74.5,0.1,14.9,0.1,8.5,0,4.3,0.1,8.5
Khem Birch,ORL,42,14,28,13.8,0.3,0.1,0.2,57.1,0,0,100,0.2,90.9,0,0,0,9.1,0,0,0,9.1
Khris Middleton,MIL,81,44,37,36.4,7.5,1.6,3,54.1,0.7,0.7,95,4,53.8,2.7,35.9,0.8,10.5,0.4,5.8,0.4,4.9
Klay Thompson,GSW,73,55,18,34.3,3.5,0.6,1.3,47.3,0.2,0.3,85,1.5,41.1,1.2,34.1,0.5,13.6,0.3,8.5,0.2,4.3
Kobi Simmons,MEM,32,6,26,20.1,3.7,0.8,1.8,45.6,0.2,0.2,100,1.8,49.6,1.1,29.1,0.3,7.7,0.2,5.1,0.1,2.6
Kosta Koufos,SAC,71,22,49,19.6,0.8,0.2,0.5,43.6,0,0.1,50,0.5,66.7,0.1,16.7,0,0,0,5.6,0,3.7
Kris Dunn,CHI,52,19,33,29.3,12.3,2.3,5.4,42,0.9,1.1,77.6,5.5,45.1,3.9,31.9,1.3,10.8,0.8,6.9,0.6,4.6
Kristaps Porzingis,NYK,48,22,26,32.4,2.5,0.6,1.6,38.5,0.4,0.5,76.9,1.7,67.8,0.2,8.3,0.1,2.5,0.3,9.9,0.3,10.7
Kyle Anderson,SAS,74,41,33,26.7,5.2,1,2,50.3,0.5,0.6,72.9,2.5,47.4,2.1,40.2,0.6,11.1,0.2,4.1,0.3,6.2
Kyle Collinsworth,DAL,32,9,23,15,4.3,0.6,1.5,38.8,0.2,0.3,50,1.3,31.4,1.6,38,0.6,13.9,0.2,4.4,0.2,3.6
Kyle Korver,CLE,73,43,30,21.6,0.4,0.1,0.2,35.7,0,0,0,0.1,33.3,0.2,36.7,0.1,13.3,0,3.3,0,0
Kyle Kuzma,LAL,77,34,43,31.2,4.9,1.1,2.6,43.3,0.4,0.5,76.2,2.7,55.8,1.1,22,0.3,6.9,0.4,8.7,0.3,5.6
Kyle Lowry,TOR,78,57,21,32.2,8.2,1.1,2.4,45.3,0.5,0.6,82,2.9,35.3,3.4,41.4,1.3,15.8,0.5,6.1,0.3,3.9
Kyle O'Quinn,NYK,76,27,49,17.9,0.6,0.2,0.4,46.9,0.1,0.1,100,0.4,69.4,0.1,20.4,0.1,8.2,0,0,0,4.1
Kyle Singler,OKC,11,5,6,3.3,1,0.1,0.5,16.7,0.1,0.2,50,0.3,27.3,0.1,9.1,0.1,9.1,0.2,18.2,0.1,9.1
Kyrie Irving,BOS,57,38,19,32.2,11.6,3.2,5.9,53.7,1.3,1.4,92.7,7.9,68.5,3.1,26.4,1,8.8,0.6,4.8,0.7,6.2
LaMarcus Aldridge,SAS,75,45,30,33.4,1.4,0.5,1,54.2,0.1,0.2,83.3,1.2,87.6,0.2,12.4,0,2.9,0.1,3.8,0.1,6.7
Lance Stephenson,IND,82,48,34,22.6,5.5,1.2,2.4,48.2,0.5,0.6,73.1,2.8,51.9,1.7,31.1,0.4,7.8,0.4,6.9,0.3,6
Lance Thomas,NYK,72,24,48,18.4,0.9,0.2,0.5,32.4,0.2,0.3,70,0.5,57.4,0.2,17.6,0,4.4,0.1,8.8,0.1,14.7
Langston Galloway,DET,58,28,30,14.9,1.4,0.3,0.8,38.6,0.1,0.1,100,0.7,45.2,0.5,33.3,0.1,6,0.1,3.6,0,2.4
Larry Drew II,NOP,10,6,4,7,2,0.3,0.8,37.5,0,0,0,0.6,30,0.6,30,0.3,15,0,0,0,0
Larry Nance Jr.,CLE,66,32,34,21.5,0.3,0,0.1,42.9,0,0,0,0.1,33.3,0.1,27.8,0.1,22.2,0,5.6,0,5.6
Lauri Markkanen,CHI,68,23,45,29.7,3.6,1,2.1,46.1,0.3,0.4,73.1,2.3,63.5,0.6,17.6,0.2,4.9,0.4,9.8,0.2,5.7
LeBron James,CLE,82,50,32,36.9,11.7,3.3,5.5,60.3,1.4,1.9,74.7,8.3,70.4,3.1,26.8,1,8.1,0.7,6.3,1,8.1
London Perrantes,CLE,14,8,6,4.7,1.1,0.1,0.4,33.3,0,0,0,0.3,26.7,0.5,46.7,0.1,13.3,0,0,0,0
Lonzo Ball,LAL,52,24,28,34.2,7.5,0.8,2.3,35.5,0.1,0.3,16.7,1.7,22.4,3.1,41,1.2,15.5,0.6,7.5,0.2,2.3
Lorenzo Brown,TOR,14,9,5,9.9,1.8,0.4,0.9,50,0,0,0,0.9,48,0.9,48,0,0,0.1,4,0,0
Lou Williams,LAC,79,42,37,32.8,11.5,2.4,5.4,45,1.7,1.9,90.2,6.8,59.5,2.5,21.9,1.4,12.1,0.7,6.1,1,8.7
Luc Mbah a Moute,HOU,61,52,9,25.6,3,0.6,1.3,50.6,0.3,0.5,71.4,1.7,54.8,0.9,30.1,0.2,5.4,0.4,11.8,0.2,7.5
Lucas Nogueira,TOR,49,36,13,8.5,0.1,0,0,100,0,0,0,0.1,125,0,50,0,0,0,0,0,0
Luis Montero,DET,2,1,1,4,0,0,0,0,0,0,0,0,0,0,0,0,0,0,0,0,0
Luke Babbitt,MIA,49,15,34,14.1,0.9,0.2,0.4,42.9,0.1,0.1,66.7,0.4,48.9,0.2,24.4,0.1,13.3,0.1,8.9,0.1,6.7
Luke Kennard,DET,73,34,39,20,3.4,0.5,1.4,37.6,0.3,0.3,87.5,1.4,39.6,1.1,33.2,0.3,10,0.3,9.6,0.2,4.8
Luke Kornet,NYK,20,6,14,16.3,1.1,0.1,0.4,14.3,0,0,0,0.1,9.1,0.5,45.5,0.1,4.5,0.2,13.6,0,0
Luol Deng,LAL,1,0,1,13.1,0,0,0,0,0,0,0,0,0,0,0,0,0,0,0,0,0
Malachi Richardson,TOR,26,8,18,12.4,1.8,0.2,0.8,19,0.4,0.5,78.6,0.8,43.5,0.4,23.9,0.1,4.3,0.1,4.3,0.3,15.2
Malcolm Brogdon,MIL,47,25,22,29.8,9.6,2,3.9,52.2,0.7,0.8,86.1,4.8,50.2,3.8,39.6,0.9,9.6,0.5,4.9,0.4,4.2
Malcolm Delaney,ATL,53,16,37,18.7,3.8,0.4,1.2,34.9,0.5,0.6,76.5,1.4,35.8,1.6,40.7,0.4,9.8,0.3,6.9,0.3,8.8
Malcolm Miller,TOR,15,15,0,8.4,0.6,0.1,0.1,50,0,0,0,0.1,22.2,0.3,44.4,0,0,0.1,11.1,0,0
Malik Beasley,DEN,62,34,28,9.4,1,0.2,0.6,31.6,0,0.1,50,0.4,43.5,0.2,21,0,1.6,0.1,6.5,0,4.8
Malik Monk,CHA,63,26,37,13.5,2.8,0.5,1.2,40.5,0.1,0.1,83.3,1,36.9,0.9,33.5,0.3,11.9,0.2,7.4,0,1.7
Mangok Mathiang,CHA,4,3,1,5,0,0,0,0,0,0,0,0,0,0,0,0,0,0,0,0,0
Manu Ginobili,SAS,65,39,26,20,6.8,1.4,2.9,50,0.5,0.6,82.9,3.4,50.9,2.3,34.3,0.6,8.4,0.4,6.4,0.3,5
MarShon Brooks,MEM,7,2,5,27.5,10.9,2.6,5.4,47.4,0.4,0.6,75,5.9,53.9,2.7,25,1.6,14.5,0.4,3.9,0.3,2.6
Marc Gasol,MEM,73,21,52,33,3.1,0.6,1.3,46.9,0.3,0.4,67.7,1.6,53.6,1,31.7,0.2,4.9,0.2,8,0.2,7.1
Marcin Gortat,WAS,82,43,39,25.3,0.3,0,0.2,18.8,0,0,50,0.1,36,0,12,0,4,0,8,0,8
Marco Belinelli,PHI,79,39,40,24.3,2.3,0.3,0.9,39.7,0.3,0.3,100,1,43.6,0.8,34.6,0.3,11.7,0.1,6.1,0.2,6.7
Marcus Georges-Hunt,MIN,42,24,18,5.3,0.7,0.2,0.4,60,0,0.1,16.7,0.5,67.9,0.1,21.4,0,7.1,0,3.6,0.1,10.7
Marcus Morris,BOS,52,32,20,26.8,2.8,0.8,1.7,44.8,0.5,0.5,92.9,2,72.6,0.4,15.8,0.1,4.8,0.2,6.8,0.3,10.3
Marcus Paige,CHA,5,4,1,5.6,1.2,0.2,0.8,25,0.4,0.4,100,0.8,66.7,0,0,0.2,16.7,0,0,0.2,16.7
Marcus Smart,BOS,51,35,16,30.1,6.3,1.1,2.3,49.2,0.4,0.5,75,2.8,43.9,2,31.5,1.1,17.4,0.5,8.1,0.3,4.4
Mario Chalmers,MEM,66,21,45,21.5,6,1.1,2.6,43.8,0.7,0.8,86,3,49,1.7,28.6,0.6,9.5,0.5,7.8,0.4,6.8
Mario Hezonja,ORL,75,21,54,22.1,3.2,0.8,1.7,47.7,0.1,0.2,78.6,1.8,56.2,0.9,28.1,0.1,3.3,0.3,9.1,0.1,3.3
Markel Brown,HOU,4,4,0,7.9,0.8,0.3,0.3,100,0,0,0,0.5,66.7,0.5,66.7,0,0,0,0,0,0
Markelle Fultz,PHI,14,11,3,18.1,9.3,1.5,4,37.5,0.3,0.4,66.7,3.4,36.2,3.5,37.7,1.1,11.5,0.1,1.5,0.2,2.3
Markieff Morris,WAS,73,37,36,27,1.4,0.4,0.8,43.3,0.1,0.1,80,0.8,57.1,0.2,16.2,0.1,8.6,0.1,9.5,0.1,4.8
Marquese Chriss,PHX,72,19,53,21.2,1.4,0.2,0.7,30,0.2,0.4,56.7,0.7,46.6,0.3,17.5,0,2.9,0.1,8.7,0.2,15.5
Marquis Teague,MEM,3,0,3,24.6,6.3,0.7,1.7,40,0,0,0,1.3,21.1,2.7,42.1,1,15.8,0,0,0,0
Marreese Speights,ORL,52,15,37,13,0.8,0.1,0.4,31.6,0.1,0.1,100,0.3,40,0.2,25,0,5,0.1,7.5,0.1,7.5
Marshall Plumlee,MIL,8,5,3,6.5,0.3,0,0,0,0.3,0.3,100,0.3,100,0.1,50,0,0,0,0,0.1,50
Marvin Williams,CHA,78,33,45,25.7,1.3,0.4,0.9,46.3,0.2,0.2,85.7,1,75,0.2,17,0.1,4,0.1,5,0.1,7
Mason Plumlee,DEN,74,40,34,19.5,0.9,0.2,0.4,43.8,0.1,0.2,43.8,0.5,53.6,0.2,26.1,0.1,7.2,0.1,8.7,0.1,11.6
Matt Costello,SAS,4,2,2,8.1,0.3,0,0,0,0,0,0,0,0,0.3,100,0,0,0,0,0,0
Matt Williams Jr.,MIA,3,1,2,3.8,0,0,0,0,0,0,0,0,0,0,0,0,0,0,0,0,0
Matthew Dellavedova,MIL,37,21,16,18.7,5.1,0.5,1.4,37.7,0.2,0.2,100,1.3,25.1,2.4,48.1,0.8,15.5,0.2,4.8,0.1,2.1
Maurice Harkless,POR,59,36,23,21.4,1.4,0.2,0.6,35.3,0.1,0.1,87.5,0.5,36.5,0.5,34.1,0.1,5.9,0.1,9.4,0.1,4.7
Maxi Kleber,DAL,72,20,52,16.8,0.3,0.1,0.2,43.8,0,0,50,0.2,66.7,0,12.5,0,8.3,0,4.2,0,4.2
Meyers Leonard,POR,33,17,16,7.7,0.4,0,0.1,0,0.1,0.1,100,0.1,16.7,0.2,41.7,0,8.3,0,8.3,0,8.3
Michael Beasley,NYK,73,23,50,22.1,4.8,1.4,3,48.2,0.4,0.5,80,3.5,72.4,0.6,13.2,0.3,5.7,0.4,7.5,0.3,5.7
Michael Carter-Williams,CHA,52,23,29,16.1,4.6,0.6,1.7,35.6,0.7,0.8,81,1.9,40.8,1.8,39.1,0.3,7.1,0.3,6.7,0.4,8.8
Michael Kidd-Gilchrist,CHA,74,34,40,25,3,0.9,2,46.2,0.2,0.3,64,2,68,0.5,16.7,0.1,5,0.2,5.4,0.2,6.3
Mike Conley,MEM,12,7,5,31.1,12.8,2.8,5.6,50.7,2.4,3,80.6,8.3,64.3,3.3,26,1.2,9.1,0.8,5.8,1.5,11.7
Mike James,NOP,36,11,25,19.1,8.4,1.6,3.6,46.1,1,1.2,81.8,4.4,51.6,2.8,32.6,0.9,11.2,0.4,4.6,0.6,7.2
Mike Muscala,ATL,53,14,39,20,0.9,0.1,0.4,36.8,0.1,0.1,100,0.4,39.6,0.2,22.9,0.2,16.7,0.1,10.4,0,4.2
Mike Scott,WAS,76,39,37,18.5,1.1,0.3,0.6,52.1,0.1,0.1,62.5,0.7,68.3,0.2,20.7,0.1,6.1,0.1,7.3,0.1,4.9
Miles Plumlee,ATL,55,19,36,16.7,0.3,0.1,0.1,50,0,0.1,16.7,0.2,56.3,0,12.5,0,0,0,12.5,0.1,18.8
Milos Teodosic,LAC,45,29,16,25.2,5,0.5,0.9,53.7,0.2,0.2,100,1.2,22.9,2.6,52.4,0.8,15.4,0.4,7.9,0.1,1.8
Milton Doyle,BKN,10,2,8,12.5,4.3,0.5,1.9,26.3,0.1,0.4,25,1.2,27.9,1.6,37.2,0.4,9.3,0.1,2.3,0.2,4.7
Mindaugas Kuzminskas,NYK,1,0,1,1.9,0,0,0,0,0,0,0,0,0,0,0,0,0,0,0,0,0
Mirza Teletovic,MIL,9,4,5,15.8,0.9,0,0.3,0,0,0,0,0,0,0.2,25,0,0,0.2,25,0,0
Monte Morris,DEN,3,2,1,8.4,2,1,1.3,75,0.7,0.7,100,2.7,133.3,0,0,0.3,16.7,0,0,0.3,16.7
Montrezl Harrell,LAC,76,39,37,17,1.3,0.5,0.9,58.8,0.2,0.3,70,1.3,100,0.1,8.2,0,1,0.1,5.2,0.1,10.3
Myke Henry,MEM,20,3,17,18.9,2.6,0.5,1,50,0,0,0,1.1,42.3,1.2,44.2,0.3,9.6,0.2,5.8,0,0
Myles Turner,IND,65,39,26,28.2,1.1,0.4,0.6,57.5,0.2,0.2,81.3,1,87.3,0.1,12.7,0,4.2,0.1,11.3,0.1,11.3
Nate Wolters,UTA,5,3,2,3.8,1.4,0.2,1,20,0,0,0,0.4,28.6,0.2,14.3,0.2,14.3,0,0,0,0
Naz Mitrou-Long,UTA,1,0,1,0.5,0,0,0,0,0,0,0,0,0,0,0,0,0,0,0,0,0
Nemanja Bjelica,MIN,67,38,29,20.5,2.3,0.6,1.2,44.6,0.1,0.1,90,1.2,53.2,0.5,22.4,0.3,11.5,0.2,7.7,0.1,3.2
Nene,HOU,52,42,10,14.6,1,0.3,0.5,54.2,0.2,0.2,83.3,0.7,72,0.3,26,0.1,6,0.1,6,0.1,12
Nerlens Noel,DAL,30,6,24,15.7,0.3,0,0.1,25,0,0,0,0.1,25,0.1,25,0,12.5,0,0,0,0
Nick Collison,OKC,13,9,4,4.4,0,0,0,0,0,0,0,0,0,0,0,0,0,0,0,0,0
Nick Young,GSW,80,56,24,17.4,0.9,0.2,0.5,41.7,0.1,0.1,50,0.5,53.6,0.2,17.4,0.1,8.7,0.1,8.7,0.1,7.2
Nicolas Batum,CHA,64,27,37,31,2.5,0.6,1.1,58,0.2,0.2,83.3,1.4,56.8,0.8,29.6,0.3,13.6,0.2,6.8,0.1,3.7
Nicolas Brussino,ATL,4,0,4,2.5,0,0,0,0,0,0,0,0,0,0,0,0,0,0,0,0,0
Nigel Hayes,SAC,9,6,3,13.6,0.4,0,0.1,0,0,0,0,0,0,0.2,50,0,0,0.1,25,0,0
Nik Stauskas,BKN,41,14,27,12.8,2.6,0.3,0.7,43.3,0.1,0.2,75,0.8,31.5,1.1,42.6,0.3,12,0.2,6.5,0.1,3.7
Nikola Jokic,DEN,75,43,32,32.6,2.7,0.6,1.1,56.1,0.2,0.2,87.5,1.5,57.4,0.8,31.2,0.2,8.4,0.2,6.9,0.1,4
Nikola Mirotic,NOP,55,34,21,27.2,1.3,0.4,0.8,47.6,0.1,0.1,87.5,0.9,68.1,0.2,18.1,0,2.8,0.1,9.7,0.1,5.6
Nikola Vucevic,ORL,57,17,40,29.5,2.5,0.5,1.1,48.3,0.2,0.2,71.4,1.2,48.6,0.7,26.8,0.2,8.5,0.2,9.9,0.1,4.9
Noah Vonleh,CHI,54,24,30,16.2,1.3,0.3,0.7,47.4,0,0.1,50,0.8,58.6,0.3,24.3,0,2.9,0.2,12.9,0,2.9
Norman Powell,TOR,70,51,19,15.2,4.1,0.7,1.5,49.5,0.3,0.3,100,1.7,42.7,1.6,38.5,0.3,8.4,0.4,9.8,0.1,3.5
OG Anunoby,TOR,74,51,23,20,1.9,0.3,0.6,44.7,0.1,0.2,56.3,0.7,37.6,0.8,39.7,0.1,5.7,0.3,13.5,0.1,6.4
Okaro White,CLE,6,2,4,13.3,0.3,0,0.2,0,0,0,0,0,0,0,0,0,0,0.2,50,0,0
Omari Johnson,MEM,4,1,3,18.8,0.5,0.5,0.5,100,0,0,0,1,200,0,0,0,0,0,0,0,0
Omer Asik,CHI,18,7,11,10.1,0.1,0,0.1,0,0,0,0,0,0,0,0,0,0,0,0,0,0
Omri Casspi,GSW,53,40,13,14,1.3,0.3,0.6,50,0,0,50,0.7,56.7,0.3,26.9,0.1,7.5,0.1,9,0,3
Otto Porter Jr.,WAS,77,42,35,31.6,2.6,0.7,1.4,49.5,0.3,0.3,91.7,1.8,68.7,0.6,21.7,0.2,8.1,0.1,4,0.2,6.1
PJ Dozier,OKC,2,1,1,1.6,0.5,0.5,0.5,100,0,0,0,1,200,0,0,0,0,0,0,0,0
PJ Tucker,HOU,82,65,17,27.8,1.1,0.1,0.3,25,0.1,0.2,78.6,0.3,26.9,0.5,39.8,0.1,10.8,0.1,8.6,0.1,7.5
Pascal Siakam,TOR,81,59,22,20.7,3.1,0.8,1.5,51.3,0.1,0.1,90,1.7,54.2,0.9,30,0.3,9.9,0.3,8.7,0.1,2
Pat Connaughton,POR,82,49,33,18.1,2.1,0.4,0.9,44.7,0.1,0.1,100,1,46.9,0.7,34.9,0.2,9.7,0.1,6.9,0.1,3.4
Patrick Beverley,LAC,11,5,6,30.3,11.3,1.6,4,40.9,0.2,0.2,100,3.5,30.6,5.3,46.8,1.2,10.5,0.6,5.6,0.1,0.8
Patrick McCaw,GSW,57,41,16,16.9,2,0.3,0.9,36,0.2,0.2,83.3,0.8,40.4,0.6,30.7,0.2,8.8,0.1,4.4,0.1,5.3
Patrick Patterson,OKC,80,48,32,15.3,0.9,0.1,0.4,22.9,0.2,0.3,90,0.4,45.3,0.3,28,0,4,0.1,6.7,0.1,13.3
Patty Mills,SAS,82,47,35,25.7,4.4,0.4,1,44.9,0.1,0.1,83.3,0.9,20.8,2.5,57.5,0.5,11.7,0.2,5,0,0.8
Pau Gasol,SAS,77,45,32,23.5,1.6,0.4,0.8,47.5,0.3,0.3,88.5,1,63.7,0.4,25.8,0.1,4.8,0.1,4,0.2,11.3
Paul George,OKC,78,47,31,36.6,8.9,1.6,3.5,45.4,1.4,1.7,83.1,4.8,53.5,2.6,29.4,0.8,8.6,0.8,8.8,0.9,9.6
Paul Millsap,DEN,38,22,16,30.1,5.6,1.2,2.8,43.5,0.5,0.8,59.4,3,53.6,1.2,22.3,0.4,7.1,0.3,6.2,0.4,7.6
Paul Zipser,CHI,54,17,37,15.3,2.4,0.3,0.9,39.1,0.1,0.2,58.3,0.8,33.6,1,40.6,0.3,10.9,0.1,3.9,0.1,4.7
Quincy Acy,BKN,68,25,43,19.5,1.2,0.1,0.3,17.4,0.2,0.2,78.6,0.3,23.8,0.4,30,0.1,11.3,0.2,16.3,0.1,8.8
Quincy Pondexter,CHI,23,6,17,8.5,0.9,0.2,0.5,36.4,0,0,0,0.3,40,0.2,25,0,5,0.1,15,0,0
Quinn Cook,GSW,33,21,12,22.4,4.5,0.7,1.5,47.1,0,0,0,1.5,32.7,1.6,36.1,0.7,15.6,0.4,8.8,0,0
RJ Hunter,HOU,5,3,2,9,1,0.2,0.6,33.3,0,0,0,0.6,60,0.4,40,0,0,0,0,0,0
Rajon Rondo,NOP,65,41,24,26.2,7.9,1.5,2.8,54.4,0.2,0.3,60,3.2,40.8,2.9,36.5,1.3,16.1,0.4,5.4,0.2,1.9
Ramon Sessions,WAS,28,10,18,14,4.9,0.7,2.1,32.8,0.7,0.9,83.3,2.1,42.8,1.2,24.6,0.6,12.3,0.3,5.8,0.5,9.4
Rashad Vaughn,ORL,28,13,15,7.6,0.6,0.1,0.3,50,0.1,0.1,100,0.4,58.8,0.2,35.3,0,0,0.1,11.8,0,5.9
Raul Neto,UTA,41,28,13,12.2,5.5,0.8,1.7,47.1,0.2,0.3,66.7,1.8,32.9,2.3,41.3,0.8,14.2,0.4,7.1,0.1,2.7
Raymond Felton,OKC,80,48,32,16.7,4.4,0.9,2,45.3,0.2,0.3,80,2,45.9,1.4,32.4,0.5,11.3,0.3,5.9,0.1,2.8
Reggie Bullock,DET,62,32,30,27.9,2.3,0.6,1.2,45.5,0.2,0.2,80,1.4,58.7,0.5,21.7,0.2,7.7,0.2,9.8,0.1,4.9
Reggie Hearn,DET,3,3,0,2.2,0,0,0,0,0,0,0,0,0,0,0,0,0,0,0,0,0
Reggie Jackson,DET,45,27,18,26.7,12.4,2.8,5.8,47.1,0.9,1.2,77.8,6.6,53.5,3.7,29.9,1.2,9.5,0.7,5.4,0.7,5.4
Richard Jefferson,DEN,20,10,10,8.2,1.2,0.3,0.4,62.5,0.1,0.2,50,0.6,52.2,0.3,26.1,0.2,17.4,0.2,13,0.1,8.7
Richaun Holmes,PHI,47,30,17,15.5,0.9,0.3,0.5,52,0.2,0.3,66.7,0.7,79.5,0.1,11.4,0,2.3,0.1,9.1,0.1,13.6
Ricky Rubio,UTA,77,44,33,29.3,11.2,1.5,3.5,43.6,0.7,0.9,85.1,3.8,34.1,4.5,39.9,1.6,14.3,0.8,7.2,0.4,3.9
Robert Covington,PHI,79,51,28,31.7,2.1,0.4,0.9,45.3,0.3,0.3,76.9,1.1,54.9,0.5,23.8,0.1,6.7,0.3,12.8,0.2,8.5
Robin Lopez,CHI,64,23,41,26.4,1.2,0.3,0.7,45.5,0,0,50,0.7,56,0.2,17.3,0.1,6.7,0.2,14.7,0,2.7
Rodney Hood,CLE,60,29,31,26.9,6,1.6,3.4,46.8,0.5,0.6,83.3,3.7,62.2,1.4,23.6,0.5,7.5,0.3,5.6,0.3,5
Rodney McGruder,MIA,18,11,7,16.6,1.4,0.3,0.8,42.9,0,0,0,0.7,46.2,0.6,38.5,0.1,3.8,0,0,0,0
Rodney Purvis,ORL,16,5,11,18.1,2.6,0.2,0.8,23.1,0,0,0,0.4,14.6,1.2,46.3,0.3,9.8,0.2,7.3,0,0
Ron Baker,NYK,28,11,17,13.1,1.3,0,0.3,12.5,0.2,0.2,83.3,0.3,20,0.4,34.3,0.3,22.9,0.1,5.7,0.1,8.6
Rondae Hollis-Jefferson,BKN,66,25,41,28,5.3,1,2.5,42.3,0.8,1,85.9,3.1,58.5,1.4,26.6,0.4,8,0.3,6,0.5,9.2
Royce O'Neale,UTA,69,43,26,16.7,4,0.5,1.3,37.5,0.3,0.4,69.2,1.2,31.5,1.7,42.5,0.5,11.7,0.3,7.7,0.2,4.8
Rudy Gay,SAS,57,36,21,21.6,4.6,1.1,2.4,43.2,0.7,0.8,83.3,2.9,64.6,1,21.2,0.2,4.6,0.3,7.3,0.4,9.2
Rudy Gobert,UTA,56,37,19,32.4,1,0.1,0.4,34.8,0.3,0.4,72.7,0.6,57.9,0.2,17.5,0,1.8,0.1,14,0.2,19.3
Russell Westbrook,OKC,78,47,31,36.4,19.2,3.1,6.2,49.6,1.7,2.2,77.2,8.1,42.2,7,36.2,2.8,14.8,1.5,7.9,1.1,5.7
Ryan Anderson,HOU,66,52,14,26.1,1.4,0.2,0.5,43.8,0.3,0.4,75,0.7,53.3,0.5,33.3,0.2,12.2,0.1,4.4,0.2,13.3
Ryan Arcidiacono,CHI,24,6,18,12.7,1,0.1,0.2,60,0,0.1,50,0.3,29.2,0.4,37.5,0.3,25,0,4.2,0,4.2
Salah Mejri,DAL,61,21,40,11.9,0,0,0,0,0,0,50,0,33.3,0,0,0,0,0,0,0,33.3
Sam Dekker,LAC,73,36,37,12.1,1.6,0.3,0.8,43.1,0.1,0.2,64.3,0.8,53.5,0.4,23.7,0.1,6.1,0.2,10.5,0.1,7
Scotty Hopson,DAL,1,0,1,8.4,1,0,1,0,0,0,0,0,0,0,0,0,0,0,0,0,0
Sean Kilpatrick,CHI,52,22,30,12.3,2.5,0.4,1.2,37.1,0.3,0.3,88.9,1.3,49.6,0.7,28.2,0.1,3.8,0.2,6.1,0.2,6.9
Semi Ojeleye,BOS,70,47,23,16.2,0.7,0.1,0.3,36.4,0,0,0,0.2,31.4,0.3,37.3,0,0,0.1,13.7,0,2
Serge Ibaka,TOR,76,53,23,27.5,3.3,0.9,1.6,52,0.3,0.4,76.5,2.1,64.5,0.8,25,0.2,6.5,0.3,8.5,0.2,6.9
Shabazz Muhammad,MIL,43,25,18,9.7,1.4,0.4,1,42.9,0.1,0.2,62.5,1,68.3,0.3,18.3,0,3.3,0,0,0.1,6.7
Shabazz Napier,POR,74,46,28,20.8,4.5,0.5,1.4,35.8,0.6,0.7,85.2,1.7,37.3,1.6,34.8,0.5,11.2,0.4,10,0.4,8.2
Shane Larkin,BOS,51,36,15,14.6,3.1,0.5,1.2,42.6,0.4,0.5,87.5,1.4,46.5,0.9,28.7,0.5,14.6,0.1,3.8,0.2,7.6
Shaquille Harrison,PHX,23,3,20,16.7,6.1,1,2.1,45.8,0.4,0.4,100,2.4,39.3,2.3,38.6,0.8,12.9,0.3,5.7,0.2,3.6
Shaun Livingston,GSW,71,49,22,15.9,1.2,0.2,0.7,33.3,0.2,0.2,85.7,0.6,51.1,0.2,19.3,0.1,10.2,0.1,5.7,0.1,8
Shelvin Mack,ORL,69,21,48,19.8,8.2,1.2,2.6,44.7,0.4,0.6,75,2.8,34.6,3.6,43.6,1.1,13.3,0.4,4.8,0.3,3.5
Sindarius Thornwell,LAC,73,36,37,15.8,2.2,0.4,1.1,35.1,0.3,0.4,75,1.1,49.7,0.6,26.1,0.1,5,0.2,7.5,0.2,9.9
Skal Labissiere,SAC,60,19,41,20.7,1.2,0.4,0.8,49,0.2,0.2,90,1,83.1,0.1,7,0,1.4,0.1,7,0.1,7
Solomon Hill,NOP,12,8,4,15.6,1.8,0.1,0.5,16.7,0,0,0,0.2,9.5,0.3,19,0.5,28.6,0.1,4.8,0,0
Spencer Dinwiddie,BKN,78,27,51,28.9,12,1.8,3.9,45.1,1.2,1.5,82.2,5,41.3,4.8,39.6,1.7,14.1,0.5,4.3,0.8,6.3
Stanley Johnson,DET,69,33,36,27.4,4.1,0.6,1.8,33.1,0.5,0.7,69.6,1.7,40.4,1.3,30.5,0.3,8.1,0.3,7.7,0.3,8.1
Stephen Curry,GSW,51,41,10,32,7.6,1.5,2.6,56.7,1.2,1.3,86.8,4.3,55.6,2.9,38.2,0.9,11.3,0.4,5.4,0.7,9
Sterling Brown,MIL,54,26,28,14.4,1.7,0.3,0.9,32,0.2,0.2,90,0.8,44.7,0.5,26.6,0.1,7.4,0.1,5.3,0.1,5.3
Steven Adams,OKC,75,43,32,32.8,0,0,0,0,0,0,0,0,0,0,0,0,0,0,0,0,0
T.J. McConnell,PHI,75,50,25,22.4,7.3,1.3,2.7,47.8,0.1,0.1,90,2.7,37.5,3,41.3,0.9,11.8,0.5,6.5,0.1,1.1
TJ Leaf,IND,53,31,22,8.7,0.8,0.2,0.5,50,0.1,0.1,66.7,0.6,73.8,0.1,16.7,0,4.8,0,2.4,0.1,7.1
TJ Warren,PHX,65,18,47,33,4.9,1.4,3.3,41.8,0.7,1,71.6,3.6,72.8,0.7,13.4,0.1,2.2,0.2,5,0.5,10.9
Taj Gibson,MIN,82,47,35,33.2,0.8,0.3,0.5,65.1,0.2,0.2,81.3,0.9,109.1,0.1,9.1,0,4.5,0,6.1,0.1,12.1
Tarik Black,HOU,51,40,11,10.5,0.2,0,0.1,14.3,0,0,50,0.1,25,0,16.7,0,8.3,0,0,0,8.3
Taurean Prince,ATL,81,24,57,30,8,1.5,3.6,41.5,0.7,0.8,85.3,3.8,47.1,2.2,26.9,0.8,9.8,0.8,9.8,0.4,5.2
Terrance Ferguson,OKC,59,37,22,12.6,0.5,0.1,0.1,42.9,0,0,100,0.1,29.6,0.2,51.9,0,7.4,0.1,11.1,0,3.7
Terrence Ross,ORL,24,10,14,25,3.4,0.6,1.8,35.7,0.3,0.4,60,1.5,45.1,1,29.3,0.3,8.5,0.1,3.7,0.2,6.1
Terry Rozier,BOS,77,51,26,26,6.1,0.8,2.4,31.7,0.4,0.5,76.9,2,32.1,2.5,40.6,0.5,8.3,0.3,5.1,0.3,4.3
Thabo Sefolosha,UTA,38,16,22,21.2,3,0.6,1.2,45.7,0.3,0.4,81.3,1.5,49.1,0.9,30.7,0.2,7,0.3,10.5,0.2,7
Thaddeus Young,IND,81,48,33,32.2,2.5,0.7,1.5,43.8,0.1,0.1,62.5,1.4,54.9,0.5,19.6,0.2,9.8,0.1,5.9,0,2
Thomas Bryant,LAL,15,7,8,4.8,0,0,0,0,0,0,0,0,0,0,0,0,0,0,0,0,0
Thon Maker,MIL,73,40,33,16.8,0.3,0.1,0.1,44.4,0.1,0.1,62.5,0.2,70,0,10,0,5,0,10,0.1,20
Tim Frazier,WAS,59,31,28,14.2,2.7,0.4,0.7,51.2,0.2,0.2,83.3,0.9,33.5,1.2,44.9,0.4,16.5,0.2,7,0.1,3.8
Tim Hardaway Jr.,NYK,57,19,38,33.1,5.2,1.3,3,42.4,0.7,0.9,73.1,3.3,64.2,1.1,20.9,0.3,5.4,0.2,4.1,0.5,9.1
Tim Quarterman,HOU,3,2,1,4.3,1,0.3,0.3,100,0,0,0,0.7,66.7,0,0,0.3,33.3,0,0,0,0
Timofey Mozgov,BKN,29,11,18,11.9,0.4,0,0.1,50,0.1,0.1,100,0.2,54.5,0.1,36.4,0,9.1,0,0,0.1,18.2
Timothe Luwawu-Cabarrot,PHI,51,29,22,15.6,2.2,0.2,0.8,28.6,0.3,0.3,100,0.7,33.9,0.9,39.3,0.2,8,0.2,8,0.1,6.3
Tobias Harris,LAC,80,39,41,33.4,9,2.2,4.7,47.5,0.7,0.9,82.9,5.3,59.2,2.6,29.2,0.7,8.1,0.3,3.4,0.5,5
Tomas Satoransky,WAS,73,39,34,22.5,4.9,0.8,1.6,49.6,0.3,0.3,86.4,1.9,38.2,2.1,43.8,0.7,14.3,0.2,4.8,0.2,3.1
Tony Allen,NOP,22,12,10,12.4,1.1,0.3,0.8,41.2,0,0,0,0.6,58.3,0.2,16.7,0,4.2,0.1,8.3,0,0
Tony Bradley,UTA,9,6,3,3.2,0,0,0,0,0,0,0,0,0,0,0,0,0,0,0,0,0
Tony Parker,SAS,55,32,23,19.5,9.4,1.7,3.2,52.2,0.3,0.5,68,3.8,40,3.9,41,1.3,13.5,0.6,6.6,0.2,2.5
Tony Snell,MIL,74,42,32,27.4,1.8,0.4,0.8,50,0.2,0.3,80,1.1,58.2,0.5,26.1,0.2,10.4,0.1,7.5,0.1,7.5
Torrey Craig,DEN,39,22,17,16.1,0.9,0.1,0.4,23.5,0.1,0.2,66.7,0.3,32.4,0.2,24.3,0.1,5.4,0.1,13.5,0.1,8.1
Travis Wear,LAL,17,7,10,13.4,0.4,0,0.1,0,0.1,0.1,100,0.1,33.3,0.1,16.7,0,0,0,0,0.1,16.7
Treveon Graham,CHA,63,28,35,16.7,1.8,0.3,0.8,43.1,0.3,0.3,72.7,1,53,0.6,32.2,0.2,9.6,0,1.7,0.2,9.6
Trevor Ariza,HOU,67,51,16,33.9,3.5,0.6,1.3,41.6,0.2,0.3,83.3,1.4,38.4,1.4,39.7,0.4,10.5,0.2,5.1,0.1,3.8
Trevor Booker,IND,67,36,31,17.1,1.3,0.3,0.8,41.8,0.1,0.1,66.7,0.8,60.2,0.2,15.9,0.1,9.1,0.1,6.8,0,3.4
Trey Burke,NYK,36,10,26,21.8,7.8,1.5,2.9,51.9,0.3,0.4,64.3,3.4,43.6,3.2,41.4,0.7,8.6,0.3,3.9,0.2,2.9
Trey Lyles,DEN,73,41,32,19.1,3.2,0.8,1.6,50.8,0.4,0.6,58.7,2.1,65.7,0.8,24,0.2,6.4,0.2,5.6,0.3,9.9
Trey McKinney-Jones,IND,1,1,0,1.2,0,0,0,0,0,0,0,0,0,0,0,0,0,0,0,0,0
Tristan Thompson,CLE,53,27,26,20.2,0.6,0.2,0.3,50,0.1,0.2,62.5,0.4,67.7,0.2,25.8,0,0,0.1,9.7,0.1,12.9
Troy Daniels,PHX,79,20,59,20.5,1,0.2,0.5,40.5,0,0.1,75,0.4,41.3,0.3,25,0.1,5,0.2,15,0,2.5
Troy Williams,NYK,21,7,14,14.6,1,0.3,0.5,54.5,0,0.1,50,0.6,65,0.1,15,0.1,15,0,5,0,5
Tyler Cavanaugh,ATL,38,11,27,13.3,0.5,0.1,0.2,50,0,0.1,50,0.2,36.8,0.2,47.4,0,5.3,0,5.3,0,5.3
Tyler Dorsey,ATL,56,15,41,17.4,3.6,0.6,1.6,39.1,0.2,0.2,91.7,1.4,40.7,1.3,35.7,0.3,8,0.2,6,0.1,3
Tyler Ennis,LAL,54,22,32,12.7,4.2,0.8,1.9,40.4,0.1,0.1,62.5,1.7,39.6,1.4,33.5,0.4,9.3,0.2,5.3,0.1,1.8
Tyler Johnson,MIA,71,38,33,28.5,5.5,1.1,2.4,47,0.4,0.6,77.5,2.8,50.6,2,35.5,0.5,9,0.3,5.6,0.3,5.4
Tyler Lydon,DEN,1,1,0,2.2,0,0,0,0,0,0,0,0,0,0,0,0,0,0,0,0,0
Tyler Ulis,PHX,71,20,51,23.4,8.2,1.3,3.1,42.7,0.6,0.8,83.6,3.3,40.9,2.7,32.9,1.1,14,0.6,7.1,0.4,4.8
Tyler Zeller,MIL,64,26,38,16.7,0.3,0.1,0.1,66.7,0.1,0.2,70,0.3,95,0,10,0,10,0,5,0.1,25
Tyreke Evans,MEM,52,19,33,30.9,12.2,2.6,5.3,48.2,1.5,1.8,82.3,6.8,55.6,3.9,32.3,1.3,10.6,0.5,3.9,0.9,7.6
Tyrone Wallace,LAC,30,17,13,28.4,5.6,1.4,3,45.6,0.4,0.5,81.3,3.2,56.9,1.4,25.1,0.4,7.8,0.4,6.6,0.3,4.8
Tyson Chandler,PHX,46,15,31,25,0,0,0,0,0,0,0,0,0,0,0,0,0,0,0,0,0
Tyus Jones,MIN,82,47,35,17.9,2.7,0.6,1.1,51.1,0.2,0.3,90.5,1.5,54.3,0.8,31.5,0.4,14.6,0.1,3.7,0.1,5
Udonis Haslem,MIA,14,9,5,5.1,0,0,0,0,0,0,0,0,0,0,0,0,0,0,0,0,0
Vander Blue,LAL,5,1,4,9,1.2,0.2,0.4,50,0,0,0,0.4,33.3,0.4,33.3,0.2,16.7,0.2,16.7,0,0
Victor Oladipo,IND,75,48,27,34,10.8,2.5,4.9,52.1,1.2,1.6,78,6.4,59.8,3.1,28.8,0.9,8.8,0.6,5.8,0.8,7.5
Vince Carter,SAC,58,20,38,17.7,1.3,0.3,0.6,51.4,0.1,0.2,60,0.7,57.3,0.2,18.7,0.2,14.7,0.1,4,0.1,8
Vincent Hunter,MEM,4,0,4,1.9,0,0,0,0,0,0,0,0,0,0,0,0,0,0,0,0,0
Wade Baldwin IV,POR,7,4,3,11.5,2.3,1,1.7,58.3,0.1,0.3,50,2.1,93.8,0.3,12.5,0,0,0,0,0.1,6.3
Walter Lemon Jr.,NOP,5,4,1,7,2.4,0.4,1.6,25,0,0,0,0.8,33.3,0.4,16.7,0,0,0,0,0,0
Wayne Ellington,MIA,76,41,35,26.6,1,0.2,0.4,42.9,0,0,100,0.4,36.5,0.4,44.6,0.1,10.8,0,2.7,0,1.4
Wayne Selden,MEM,35,10,25,19.8,5,0.7,2,36.6,0.3,0.4,64.3,1.8,36.2,1.5,29.9,0.6,11.5,0.5,9.2,0.2,4
Wes Iwundu,ORL,62,18,44,16.5,1.6,0.4,0.9,46.3,0.1,0.1,75,0.9,57.4,0.5,29.7,0.1,5.9,0.1,5.9,0.1,4
Wesley Johnson,LAC,74,38,36,20.1,0.7,0.2,0.3,57.1,0.2,0.2,85.7,0.5,65.5,0.2,21.8,0.1,10.9,0.1,10.9,0.1,12.7
Wesley Matthews,DAL,63,20,43,33.8,4.6,0.8,1.9,41.7,0.3,0.4,91.7,2,42.7,1.3,28.8,0.6,12.2,0.4,9,0.2,4.5
Will Barton,DEN,81,46,35,33.1,8.7,1.7,3.9,43.7,0.5,0.7,75.9,4.1,47.3,2.9,33.3,0.7,8.5,0.6,6.4,0.4,4.1
Willie Cauley-Stein,SAC,73,23,50,28,3.2,0.7,1.8,37.9,0.5,0.7,65.4,1.9,58.1,0.5,16.1,0.1,3.8,0.2,6.8,0.4,11
Willie Reed,DET,42,20,22,10.2,0.2,0,0.1,40,0.1,0.1,75,0.2,77.8,0,11.1,0,0,0,11.1,0,22.2
Willy Hernangomez,CHA,48,20,28,10.3,0.3,0.1,0.1,50,0,0.1,50,0.2,61.5,0,7.7,0,0,0,15.4,0,15.4
Wilson Chandler,DEN,74,41,33,31.7,4,0.8,1.7,47.7,0.4,0.6,75.6,2.1,53.1,1.2,30.3,0.4,9.5,0.3,7.8,0.3,7.1
Xavier Munford,MIL,6,2,4,3.5,0.5,0.2,0.2,100,0.2,0.3,50,0.5,100,0.2,33.3,0,0,0,0,0.2,33.3
Xavier Rathan-Mayes,MEM,5,0,5,23.6,7,1,2.4,41.7,0.2,0.4,50,2.2,31.4,2.6,37.1,0.8,11.4,0.6,8.6,0.4,5.7
Xavier Silas,BOS,2,1,1,3.8,0,0,0,0,0,0,0,0,0,0,0,0,0,0,0,0,0
Yogi Ferrell,DAL,82,24,58,27.8,5,0.9,2,44,0.4,0.5,89.5,2.2,44.6,1.8,36.1,0.6,11.1,0.3,5.1,0.2,4.6
Zach Collins,POR,66,41,25,15.8,0.8,0.2,0.5,43.3,0,0,100,0.4,56,0.2,22,0,4,0,6,0,2
Zach LaVine,CHI,24,9,15,27.3,8.7,2,4.5,43.1,1.1,1.7,67.5,5.3,60.3,2.5,28.7,0.4,4.8,0.3,3.3,0.8,9.6
Zach Randolph,SAC,59,18,41,25.6,2.6,0.8,1.6,50.5,0.3,0.3,88.9,2,76.1,0.5,18.7,0.1,4.5,0.2,7.7,0.2,5.8
Zaza Pachulia,GSW,69,47,22,14.1,0.4,0,0.2,21.4,0.1,0.1,90,0.2,51.7,0.1,24.1,0,6.9,0,3.4,0.1,17.2
Zhou Qi,HOU,18,14,4,6.9,0.6,0.1,0.2,33.3,0.1,0.1,100,0.2,36.4,0.3,45.5,0,0,0.1,18.2,0.1,9.1