PLAYER,TEAM,GP,W,L,MIN,DIST FEET,DIST MILES,DIST MILES OFF,DIST MILES DEF,AVG SPEED,AVG SPEED OFF,AVG SPEED DEF
Aaron Brooks,MIN,32,19,13,5.9,2240.9,0.42,0.23,0.2,4.32,4.46,4.17
Aaron Gordon,ORL,58,19,39,32.9,12792,2.42,1.35,1.07,4.46,5.05,3.88
Aaron Harrison,DAL,9,2,7,25.9,9738.8,1.84,1,0.84,4.29,4.52,4.04
Abdel Nader,BOS,47,32,15,11.1,4375.9,0.83,0.44,0.38,4.52,4.61,4.41
Adreian Payne,ORL,5,0,5,8.5,3115.2,0.59,0.3,0.29,4.24,4.53,3.72
Al Horford,BOS,69,44,25,31.5,11146.4,2.11,1.13,0.99,4.03,4.31,3.76
Al Jefferson,IND,36,17,19,13.4,4732.9,0.9,0.48,0.41,4.02,4.12,3.89
Al-Farouq Aminu,POR,69,40,29,30,11148.5,2.11,1.14,0.97,4.23,4.45,3.99
Alan Williams,PHX,5,1,4,14.1,5076.2,0.96,0.52,0.44,4.1,4.3,3.9
Alec Burks,UTA,64,37,27,16.5,6187,1.17,0.62,0.55,4.27,4.43,4.11
Alec Peters,PHX,20,2,18,11.2,4426.6,0.84,0.47,0.37,4.5,5.15,3.88
Alex Abrines,OKC,73,42,31,15.1,5783.9,1.1,0.55,0.54,4.36,4.48,4.25
Alex Caruso,LAL,37,16,21,15.2,6016.7,1.14,0.59,0.55,4.51,4.95,4.11
Alex Len,PHX,69,20,49,20.2,7448.6,1.41,0.76,0.65,4.2,4.52,3.88
Alex Poythress,IND,25,10,15,4.2,1631.7,0.31,0.16,0.14,4.45,4.61,4.28
Alfonzo McKinnie,TOR,14,13,1,3.8,1568.4,0.3,0.15,0.15,4.73,4.87,4.6
Allen Crabbe,BKN,73,24,49,29.2,11021.4,2.09,1.13,0.96,4.3,4.57,4.02
Amir Johnson,PHI,74,47,27,15.8,5810.1,1.1,0.56,0.54,4.19,4.42,3.98
Andre Drummond,DET,78,37,41,33.6,11952.5,2.26,1.15,1.12,4.06,4.12,4.01
Andre Iguodala,GSW,64,46,18,25.4,9484.8,1.8,0.94,0.86,4.27,4.64,3.92
Andre Ingram,LAL,2,1,1,32.1,12495.5,2.37,1.27,1.1,4.4,5,3.87
Andre Roberson,OKC,37,24,13,26.6,10624.6,2.01,0.97,1.04,4.56,4.61,4.51
Andrew Bogut,LAL,24,7,17,9,3124.8,0.59,0.31,0.28,3.96,4.14,3.76
Andrew Harrison,MEM,56,17,39,23.7,8787.9,1.66,0.91,0.76,4.24,4.45,4.01
Andrew White III,ATL,15,1,14,13.9,5393.3,1.02,0.56,0.46,4.58,4.9,4.29
Andrew Wiggins,MIN,82,47,35,36.3,12792.9,2.42,1.28,1.14,4.01,4.1,3.92
Ante Zizic,CLE,32,21,11,6.7,2531.6,0.48,0.26,0.22,4.3,4.44,4.14
Anthony Brown,MIN,1,0,1,3.7,1342,0.25,0.11,0.14,4.8,4.57,2.47
Anthony Davis,NOP,75,45,30,36.4,12628,2.39,1.24,1.15,3.96,4.31,3.64
Anthony Tolliver,DET,79,37,42,22.2,8857.7,1.68,0.95,0.73,4.55,5.18,3.92
Antonio Blakeney,CHI,19,3,16,16.5,6443.4,1.22,0.62,0.6,4.49,4.95,4.09
Antonius Cleveland,ATL,17,7,10,7.2,2782,0.53,0.28,0.25,4.43,4.53,4.32
Aron Baynes,BOS,78,51,27,18.4,6629.2,1.26,0.64,0.61,4.11,4.23,4
Arron Afflalo,ORL,53,16,37,12.9,4728.1,0.9,0.47,0.42,4.21,4.36,4.03
Austin Rivers,LAC,61,30,31,33.7,12680.2,2.4,1.31,1.09,4.29,4.6,3.96
Avery Bradley,LAC,46,22,24,31.1,12267.7,2.32,1.22,1.11,4.5,4.69,4.31
Bam Adebayo,MIA,68,33,35,19.8,7173.1,1.36,0.71,0.65,4.13,4.17,4.07
Ben McLemore,MEM,56,7,49,19.5,7865.2,1.49,0.8,0.69,4.64,4.97,4.32
Ben Moore,IND,2,1,1,4.6,2011.5,0.38,0.2,0.18,5.18,4.58,5.99
Ben Simmons,PHI,80,51,29,33.8,13367,2.53,1.38,1.15,4.51,5.12,3.95
Bismack Biyombo,ORL,82,25,57,18.2,6682.6,1.27,0.67,0.6,4.2,4.42,3.99
Blake Griffin,DET,58,28,30,34,11369.6,2.15,1.16,1,3.83,4.08,3.56
Boban Marjanovic,LAC,39,18,21,8.7,3167.1,0.6,0.31,0.29,4.18,4.45,3.92
Bobby Brown,HOU,20,17,3,5.8,2039.1,0.39,0.22,0.17,4.03,4.4,3.72
Bobby Portis,CHI,73,25,48,22.5,8652.7,1.64,0.85,0.79,4.39,4.82,4
Bogdan Bogdanovic,SAC,78,26,52,27.9,10788.6,2.04,1.12,0.92,4.43,4.79,4.06
Bojan Bogdanovic,IND,80,47,33,30.8,11496.7,2.18,1.13,1.05,4.26,4.5,4.03
Bradley Beal,WAS,82,43,39,36.3,13249,2.51,1.34,1.17,4.17,4.43,3.91
Brandan Wright,HOU,28,11,17,13.6,4891.4,0.93,0.49,0.43,4.09,4.34,3.84
Brandon Ingram,LAL,59,27,32,33.5,12966.2,2.46,1.32,1.13,4.42,4.91,3.96
Brandon Jennings,MIL,14,8,6,14.7,5719.6,1.08,0.58,0.51,4.46,4.74,4.18
Brandon Paul,SAS,64,38,26,9,3553.7,0.67,0.37,0.31,4.49,4.91,4.06
Briante Weber,MEM,18,8,10,13.1,5538.2,1.05,0.56,0.49,4.81,5.03,4.53
Brice Johnson,MEM,18,2,16,5.4,1917.6,0.36,0.19,0.17,4.13,4.65,3.77
Brook Lopez,LAL,74,34,40,23.4,8324.3,1.58,0.8,0.77,4.13,4.35,3.93
Bruno Caboclo,SAC,12,4,8,8.9,3564,0.68,0.36,0.31,4.58,4.85,4.31
Bryn Forbes,SAS,80,46,34,19,7369.3,1.4,0.76,0.64,4.43,4.74,4.11
Buddy Hield,SAC,80,27,53,25.3,10305.9,1.95,1.05,0.91,4.66,4.99,4.33
C.J. Williams,LAC,38,17,21,18.6,7334.5,1.39,0.73,0.66,4.49,4.81,4.19
CJ McCollum,POR,81,48,33,36.1,14211.6,2.69,1.52,1.18,4.51,4.95,4.04
CJ Miles,TOR,70,50,20,19.1,6933.4,1.31,0.71,0.6,4.17,4.55,3.79
Caleb Swanigan,POR,27,16,11,7,2647.3,0.5,0.27,0.23,4.3,4.42,4.16
Cameron Payne,CHI,25,7,18,23.3,8798.8,1.67,0.89,0.78,4.36,4.88,3.87
Caris LeVert,BKN,69,24,45,26.1,9940.8,1.88,1.02,0.86,4.35,4.61,4.07
Carmelo Anthony,OKC,76,46,30,32,10597.5,2.01,1.05,0.95,3.77,4.11,3.46
Cedi Osman,CLE,61,35,26,11,4339.1,0.82,0.42,0.4,4.48,4.65,4.34
Chandler Parsons,MEM,36,12,24,19.2,7043.8,1.33,0.73,0.6,4.18,4.53,3.84
Channing Frye,LAL,53,28,25,13.1,4620.5,0.88,0.46,0.41,4,4.36,3.67
Charles Cooke,NOP,13,8,5,2.9,1127.9,0.21,0.12,0.1,4.41,4.58,4.23
Cheick Diallo,NOP,52,29,23,11.2,4311.9,0.82,0.44,0.38,4.53,5.01,4.08
Chinanu Onuaku,HOU,1,0,1,21.6,7181,1.36,0.7,0.66,3.91,4.05,3.79
Chris Boucher,GSW,1,1,0,1.3,445,0.08,0.05,0.03,4.54,6.51,0
Chris McCullough,WAS,19,11,8,4.7,1911.4,0.36,0.2,0.16,4.64,5.12,4.13
Chris Paul,HOU,58,50,8,31.8,10789.6,2.04,1.12,0.92,3.86,4.2,3.51
Clint Capela,HOU,74,62,12,27.5,10212.9,1.93,1.04,0.9,4.23,4.53,3.94
Cody Zeller,CHA,33,14,19,19,7266.3,1.38,0.75,0.63,4.36,4.7,4.04
Cole Aldrich,MIN,21,14,7,2.3,837.3,0.16,0.09,0.07,4.07,4.65,3.74
Corey Brewer,OKC,72,32,40,16.8,6492.6,1.23,0.61,0.62,4.41,4.52,4.3
Cory Joseph,IND,82,48,34,26.9,10947.9,2.07,1.09,0.99,4.64,4.86,4.43
Courtney Lee,NYK,75,26,49,30.4,11548.6,2.19,1.15,1.03,4.33,4.48,4.18
Cristiano Felicio,CHI,55,13,42,17.8,6978.9,1.32,0.68,0.64,4.49,4.77,4.24
D'Angelo Russell,BKN,48,16,32,25.7,9574.4,1.81,0.99,0.82,4.25,4.53,3.96
D.J. Augustin,ORL,75,23,52,23.5,8879.3,1.68,0.94,0.74,4.36,4.75,3.94
D.J. Wilson,MIL,22,12,10,3.2,1243,0.24,0.12,0.11,4.4,4.49,4.13
Dakari Johnson,OKC,30,21,9,4.9,1753.9,0.33,0.17,0.16,4.12,4.33,3.92
Damian Jones,GSW,15,7,8,5.9,2237,0.42,0.22,0.2,4.35,4.4,4.15
Damian Lillard,POR,73,44,29,36.6,13317.7,2.52,1.41,1.11,4.16,4.53,3.77
Damien Wilkins,IND,19,10,9,8,2915.9,0.55,0.29,0.26,4.15,4.2,4.01
Damion Lee,ATL,15,4,11,27,11180.5,2.12,1.15,0.97,4.74,5.02,4.44
Damyean Dotson,NYK,44,11,33,10.8,4348.1,0.82,0.44,0.38,4.6,4.99,4.24
Daniel Hamilton,OKC,6,5,1,4.6,1759.3,0.33,0.19,0.15,4.34,4.55,4.1
Daniel Theis,BOS,60,41,19,14.9,5600.1,1.06,0.56,0.5,4.29,4.46,4.12
Danilo Gallinari,LAC,21,11,10,32,11787.7,2.23,1.22,1.01,4.21,4.58,3.84
Danny Green,SAS,70,40,30,25.6,10363.8,1.96,1.1,0.87,4.62,4.93,4.28
Dante Cunningham,BKN,73,34,39,21.4,8722.2,1.65,0.89,0.76,4.64,5.04,4.25
Dante Exum,UTA,14,10,4,16.8,6885.2,1.3,0.69,0.61,4.7,5.24,4.21
Danuel House,PHX,23,6,17,17.5,7002.9,1.33,0.73,0.59,4.56,5,4.11
Dario Saric,PHI,77,49,28,29.6,11495,2.18,1.16,1.01,4.43,4.89,4.01
Darius Miller,NOP,82,48,34,23.7,8366.9,1.58,0.83,0.75,4.05,4.41,3.71
Darrell Arthur,DEN,19,12,7,7.4,2691.5,0.51,0.27,0.23,4.2,4.42,3.96
Darren Collison,IND,69,39,30,29.3,10985,2.08,1.09,0.99,4.29,4.53,4.07
Darrun Hilliard,SAS,14,8,6,6.8,2582.6,0.49,0.27,0.22,4.3,4.8,3.92
David Nwaba,CHI,70,26,44,23.5,9596.1,1.82,0.93,0.89,4.65,4.95,4.38
David Stockton,UTA,3,3,0,3.1,1214.7,0.23,0.13,0.1,4.52,4.46,4.61
David West,GSW,73,52,21,13.7,4588.4,0.87,0.44,0.42,3.83,4.02,3.66
Davis Bertans,SAS,77,43,34,14.1,5734.3,1.09,0.62,0.47,4.64,5.32,3.98
Davon Reed,PHX,21,2,19,11.5,4677.9,0.89,0.49,0.4,4.63,5.22,4.06
De'Aaron Fox,SAC,73,24,49,27.8,10886.2,2.06,1.12,0.94,4.47,4.84,4.1
DeAndre Jordan,LAC,77,39,38,31.5,10787.7,2.04,1.07,0.97,3.91,4.08,3.73
DeAndre Liggins,NOP,57,34,23,12.4,4752.5,0.9,0.44,0.46,4.46,4.41,4.51
DeAndre' Bembry,ATL,25,8,17,18.1,6937.1,1.31,0.68,0.63,4.37,4.63,4.15
DeMar DeRozan,TOR,80,57,23,33.9,12620,2.39,1.33,1.06,4.24,4.71,3.77
DeMarcus Cousins,NOP,48,27,21,36.2,11433.1,2.17,1.11,1.05,3.6,3.77,3.44
DeMarre Carroll,BKN,71,24,47,29.9,10772.4,2.04,1.09,0.95,4.11,4.26,3.95
Dejounte Murray,SAS,81,47,34,21.5,9194.3,1.74,0.96,0.78,4.87,5.26,4.46
Delon Wright,TOR,69,49,20,20.8,8375.2,1.59,0.85,0.73,4.61,4.98,4.25
Demetrius Jackson,PHI,15,12,3,5.3,2215.9,0.42,0.23,0.19,4.71,5.04,4.37
Dennis Schroder,ATL,66,21,45,30.9,12152.7,2.3,1.26,1.04,4.48,4.87,4.08
Dennis Smith Jr.,DAL,69,22,47,29.7,11362.5,2.15,1.2,0.95,4.38,4.72,4.01
Denzel Valentine,CHI,77,26,51,27.2,10905.4,2.07,1.11,0.96,4.59,5.08,4.12
Derrick Favors,UTA,77,46,31,28,10662,2.02,1.1,0.92,4.37,4.58,4.13
Derrick Jones Jr.,MIA,20,9,11,12.3,4713.9,0.89,0.47,0.43,4.35,4.45,4.2
Derrick Rose,MIN,25,15,10,16.8,6611,1.25,0.65,0.6,4.5,4.82,4.2
Derrick Walton Jr.,MIA,16,8,8,9.2,3528.7,0.67,0.37,0.3,4.36,4.64,4.05
Derrick White,SAS,17,7,10,8.2,3310.8,0.63,0.34,0.28,4.54,5.02,4
Derrick Williams,LAL,2,1,1,4.3,1533.5,0.29,0.15,0.14,4.3,4.71,3.96
Devin Booker,PHX,54,16,38,34.5,13001.7,2.46,1.36,1.11,4.3,4.73,3.86
Devin Harris,DEN,71,33,38,18.9,6844.9,1.3,0.72,0.57,4.19,4.58,3.79
Devin Robinson,WAS,1,0,1,13.2,5224,0.99,0.55,0.44,4.57,4.16,4.04
Dewayne Dedmon,ATL,61,18,43,24.9,9334.3,1.77,0.96,0.8,4.3,4.66,3.93
Deyonta Davis,MEM,62,16,46,15.2,5748.3,1.09,0.58,0.51,4.33,4.61,4.05
Dillon Brooks,MEM,82,22,60,28.7,10868.5,2.06,1.08,0.98,4.35,4.49,4.2
Dion Waiters,MIA,29,15,14,30.8,11323,2.14,1.2,0.94,4.19,4.54,3.81
Dirk Nowitzki,DAL,77,24,53,24.7,7784.4,1.47,0.81,0.67,3.6,3.79,3.4
Domantas Sabonis,IND,74,45,29,24.5,9357,1.77,0.94,0.83,4.38,4.71,4.06
Donovan Mitchell,UTA,79,46,33,33.4,12329.9,2.34,1.29,1.05,4.22,4.56,3.87
Dorian Finney-Smith,DAL,21,4,17,21.4,8295.9,1.57,0.84,0.73,4.44,4.62,4.24
Doug McDermott,DAL,80,29,51,21.7,8978.7,1.7,0.93,0.77,4.72,5.1,4.33
Dragan Bender,PHX,82,21,61,25.2,9627,1.82,1.01,0.81,4.35,4.86,3.85
Draymond Green,GSW,70,48,22,32.7,11443.7,2.17,1.12,1.05,4.02,4.44,3.66
Dwayne Bacon,CHA,53,25,28,13.4,5045.5,0.96,0.51,0.45,4.29,4.53,4.04
Dwight Buycks,DET,29,10,19,14.7,5804.3,1.1,0.61,0.49,4.5,4.98,4.01
Dwight Howard,CHA,81,35,46,30.4,10823.7,2.05,1.11,0.94,4.06,4.39,3.73
Dwight Powell,DAL,79,23,56,21.2,8269.8,1.57,0.86,0.71,4.45,4.77,4.12
Dwyane Wade,MIA,67,37,30,22.9,8358.7,1.58,0.85,0.73,4.16,4.53,3.79
E'Twaun Moore,NOP,82,48,34,31.5,12388.8,2.35,1.22,1.12,4.49,4.88,4.14
Ed Davis,POR,78,48,30,18.9,7099.8,1.34,0.74,0.61,4.31,4.53,4.06
Edmond Sumner,IND,1,0,1,2.2,846,0.16,0.08,0.08,5.54,5.93,5.2
Ekpe Udoh,UTA,63,36,27,12.8,4752.7,0.9,0.47,0.43,4.23,4.4,4.05
Elfrid Payton,PHX,63,13,50,28.7,11287.1,2.14,1.12,1.01,4.49,4.89,4.11
Emeka Okafor,NOP,26,16,10,13.6,4988,0.94,0.48,0.46,4.18,4.49,3.9
Emmanuel Mudiay,NYK,64,29,35,19.4,7674.6,1.45,0.82,0.63,4.54,5.08,4
Enes Kanter,NYK,70,26,44,25.8,9724.5,1.84,0.97,0.87,4.31,4.46,4.15
Eric Bledsoe,MIL,74,40,34,31.4,11763.8,2.23,1.16,1.06,4.29,4.69,3.92
Eric Gordon,HOU,69,55,14,31.2,10755.6,2.04,1.07,0.97,3.94,4.23,3.66
Eric Moreland,DET,67,32,35,12,4664.8,0.88,0.46,0.42,4.43,4.59,4.27
Erik McCree,UTA,4,4,0,1.9,538.5,0.1,0.05,0.05,3.49,3.84,3.19
Ersan Ilyasova,PHI,69,36,33,25.1,9479.3,1.8,0.97,0.83,4.31,4.71,3.92
Evan Fournier,ORL,57,20,37,32.2,12448.3,2.36,1.26,1.1,4.4,4.8,4.02
Evan Turner,POR,79,48,31,25.7,9503.1,1.8,0.97,0.83,4.22,4.41,4.02
Frank Kaminsky,CHA,79,35,44,23.2,8825.4,1.67,0.95,0.72,4.33,4.85,3.8
Frank Mason,SAC,52,17,35,18.9,6843.9,1.3,0.69,0.61,4.16,4.41,3.92
Frank Ntilikina,NYK,77,27,50,22,8321.7,1.58,0.84,0.73,4.36,4.66,4.06
Fred VanVleet,TOR,76,55,21,20,8222.8,1.56,0.83,0.73,4.69,5.09,4.3
Furkan Korkmaz,PHI,14,11,3,5.7,2328.6,0.44,0.25,0.19,4.68,4.89,4.44
Garrett Temple,SAC,65,23,42,24.9,9442.8,1.79,0.97,0.81,4.35,4.61,4.09
Gary Harris,DEN,67,37,30,34.4,12564.2,2.38,1.26,1.12,4.23,4.48,3.99
Gary Payton II,LAL,23,10,13,9.6,4095.4,0.78,0.39,0.39,4.84,5.21,4.52
George Hill,CLE,67,28,39,27.1,10146.9,1.92,1.05,0.88,4.28,4.52,4.03
Georges Niang,UTA,9,9,0,3.5,1360.3,0.26,0.14,0.12,4.55,4.73,4.37
Georgios Papagiannis,POR,17,3,14,7.2,2693.1,0.51,0.27,0.24,4.3,4.7,3.91
Gerald Green,HOU,41,33,8,22.7,8376.5,1.59,0.83,0.76,4.21,4.35,4.08
Gian Clavell,DAL,7,0,7,9.1,3573.6,0.68,0.34,0.33,4.46,4.87,4.1
Giannis Antetokounmpo,MIL,74,39,35,36.7,13292.2,2.52,1.33,1.19,4.15,4.61,3.74
Glenn Robinson III,IND,23,14,9,14.7,5836.2,1.11,0.6,0.51,4.57,4.81,4.31
Goran Dragic,MIA,74,38,36,31.8,12635.1,2.39,1.32,1.07,4.54,4.91,4.14
Gordon Hayward,BOS,1,0,1,5.3,2227,0.42,0.22,0.2,4.62,4.65,4.59
Gorgui Dieng,MIN,79,45,34,16.9,6322.6,1.2,0.65,0.55,4.27,4.44,4.09
Greg Monroe,BOS,50,21,29,20.5,7205.6,1.36,0.72,0.65,4.01,4.11,3.91
Guerschon Yabusele,BOS,32,23,9,7.3,2844.7,0.54,0.3,0.24,4.41,4.71,4.13
Harrison Barnes,DAL,77,24,53,34.2,13179.6,2.5,1.39,1.11,4.39,4.71,4.05
Hassan Whiteside,MIA,54,30,24,25.3,8862.3,1.68,0.89,0.79,4,4.07,3.92
Henry Ellenson,DET,38,21,17,8.7,3660.3,0.69,0.39,0.31,4.85,5.55,4.22
Ian Clark,NOP,74,43,31,19.6,7556.4,1.43,0.75,0.68,4.43,4.83,4.06
Ian Mahinmi,WAS,77,42,35,14.9,5557.5,1.05,0.55,0.5,4.26,4.44,4.07
Ike Anigbogu,IND,11,5,6,2.7,971,0.18,0.11,0.08,4.03,4.49,3.93
Iman Shumpert,SAC,14,9,5,19.7,7847.4,1.49,0.76,0.73,4.54,4.68,4.41
Isaiah Canaan,PHX,20,9,11,21.1,8031.5,1.52,0.81,0.71,4.34,4.58,4.12
Isaiah Hicks,NYK,18,4,14,13.3,5198.2,0.98,0.52,0.47,4.45,4.72,4.18
Isaiah Taylor,ATL,67,18,49,17.4,6876.4,1.3,0.72,0.59,4.51,4.94,4.06
Isaiah Thomas,LAL,32,15,17,26.9,9703.8,1.84,1,0.84,4.25,4.67,3.84
Isaiah Whitehead,BKN,15,2,13,10.8,4143.8,0.78,0.43,0.36,4.36,4.78,3.88
Ish Smith,DET,82,39,43,24.9,10624.8,2.01,1.14,0.87,4.88,5.56,4.21
Ivan Rabb,MEM,36,6,30,14.3,5464.8,1.03,0.55,0.48,4.36,4.56,4.14
Ivica Zubac,LAL,43,19,24,9.5,3584.7,0.68,0.36,0.32,4.38,4.9,3.92
J.J. Barea,DAL,69,23,46,23.2,8822,1.67,0.96,0.71,4.32,4.78,3.82
JJ Redick,PHI,69,45,24,30.2,12218.4,2.31,1.26,1.06,4.61,5.17,4.09
JR Smith,CLE,80,49,31,28.1,10144.3,1.92,1,0.92,4.12,4.26,3.98
JaKarr Sampson,SAC,22,6,16,15.7,6068.6,1.15,0.62,0.53,4.43,4.71,4.14
JaMychal Green,MEM,55,11,44,28,10440.6,1.98,1.05,0.93,4.27,4.43,4.1
JaVale McGee,GSW,65,45,20,9.5,3530.9,0.67,0.34,0.33,4.31,4.57,4.05
Jabari Bird,BOS,13,8,5,8.8,3375.9,0.64,0.34,0.3,4.4,4.53,4.26
Jabari Parker,MIL,31,16,15,24,9189.3,1.74,0.91,0.83,4.42,4.75,4.08
Jack Cooley,SAC,7,4,3,12.5,4228.9,0.8,0.42,0.38,4.06,4.07,4.04
Jacob Pullen,PHI,3,2,1,2,737.7,0.14,0.07,0.07,3.95,4.27,3.67
Jacob Wiley,BKN,4,1,3,8.1,3249.5,0.62,0.34,0.28,4.67,4.98,4.01
Jae Crowder,UTA,80,52,28,26.1,9595.9,1.82,0.95,0.87,4.22,4.42,4.01
Jahlil Okafor,BKN,28,7,21,12.6,4673,0.89,0.49,0.39,4.23,4.51,3.93
Jake Layman,POR,35,22,13,4.6,1831.8,0.35,0.2,0.15,4.57,5,4.16
Jakob Poeltl,TOR,82,59,23,18.6,7587.6,1.44,0.75,0.68,4.68,4.99,4.38
Jalen Jones,DAL,16,3,13,11.3,4452.1,0.84,0.44,0.4,4.48,4.8,4.17
Jamal Crawford,MIN,80,45,35,20.7,7306.9,1.38,0.75,0.63,4.03,4.22,3.83
Jamal Murray,DEN,81,46,35,31.7,12617.9,2.39,1.33,1.06,4.6,5.14,4.07
Jameel Warney,DAL,3,1,2,8.9,3335.3,0.63,0.33,0.3,4.28,4.36,4.19
Jameer Nelson,DET,50,25,25,20.3,7406.9,1.4,0.76,0.64,4.17,4.57,3.77
Jamel Artis,ORL,15,4,11,18.6,7038.3,1.33,0.72,0.61,4.47,4.85,4.08
James Ennis III,DET,72,25,47,22.3,8639.4,1.64,0.87,0.76,4.42,4.65,4.19
James Harden,HOU,72,59,13,35.4,11474.6,2.17,1.17,1,3.69,3.97,3.41
James Johnson,MIA,72,36,36,26.6,9938.3,1.88,1.01,0.87,4.26,4.53,3.99
James Michael McAdoo,PHI,3,1,2,6,2533.7,0.48,0.26,0.22,4.69,5.36,4.02
James Webb III,BKN,10,1,9,12,4833.9,0.92,0.51,0.41,4.62,5.24,4.02
James Young,PHI,6,4,2,10.2,3701.5,0.7,0.36,0.34,4.14,4.34,3.94
Jamil Wilson,LAC,15,6,9,18.3,6756.3,1.28,0.68,0.6,4.22,4.74,3.72
Jared Dudley,PHX,48,7,41,14.3,5246.1,0.99,0.54,0.46,4.18,4.75,3.67
Jarell Eddie,CHI,3,1,2,2.9,1071.3,0.2,0.11,0.09,4.2,4.08,4.32
Jarell Martin,MEM,73,21,52,22.8,9058.4,1.72,0.93,0.78,4.56,4.87,4.25
Jarrett Allen,BKN,70,24,46,20,7830.7,1.48,0.83,0.65,4.46,4.88,4.01
Jarrett Jack,NYK,61,25,36,24.8,9335.4,1.77,0.97,0.8,4.29,4.66,3.91
Jason Smith,WAS,33,15,18,8.6,3349.3,0.63,0.34,0.3,4.52,4.84,4.2
Jason Terry,MIL,51,27,24,15.9,6015.5,1.14,0.58,0.56,4.34,4.53,4.17
Jawun Evans,LAC,48,24,24,16.2,6708,1.27,0.64,0.63,4.72,4.98,4.49
Jaylen Brown,BOS,67,44,23,30.6,11777.7,2.23,1.16,1.07,4.39,4.55,4.22
Jaylen Morris,ATL,6,2,4,16.4,5926.5,1.12,0.59,0.53,4.33,4.45,4.21
Jayson Tatum,BOS,77,50,27,30.7,11245.5,2.13,1.14,0.99,4.18,4.47,3.89
Jeff Green,CLE,78,47,31,23.4,8254.7,1.56,0.8,0.76,4.02,4.18,3.87
Jeff Teague,MIN,70,41,29,33,11185.6,2.12,1.14,0.98,3.86,4.02,3.69
Jeff Withey,DAL,10,2,8,3.9,1432.5,0.27,0.14,0.13,4.11,4.51,3.75
Jerami Grant,OKC,80,48,32,20.3,7802,1.48,0.78,0.7,4.37,4.71,4.06
Jeremy Evans,ATL,1,0,1,5.3,2087,0.4,0.22,0.17,4.5,4.51,4.48
Jeremy Lamb,CHA,80,36,44,24.6,9529.9,1.8,0.98,0.83,4.42,4.73,4.1
Jeremy Lin,BKN,1,0,1,25.2,10502,1.99,1.07,0.92,4.8,5.02,4.54
Jerian Grant,CHI,74,24,50,22.8,8691.9,1.65,0.87,0.78,4.35,4.7,4.01
Jerryd Bayless,PHI,38,21,17,23.9,9001.3,1.7,0.9,0.8,4.3,4.57,4.03
Jimmy Butler,MIN,59,37,22,36.7,13699.7,2.59,1.4,1.2,4.26,4.4,4.1
Joakim Noah,NYK,7,1,6,5.7,2291.6,0.43,0.23,0.2,4.5,4.87,4.14
Jodie Meeks,WAS,77,41,36,14.5,5543.5,1.05,0.56,0.49,4.42,4.71,4.12
Joe Harris,BKN,77,26,51,25.3,10047.6,1.9,1.06,0.84,4.54,4.95,4.1
Joe Ingles,UTA,82,48,34,31.4,11897.8,2.25,1.24,1.02,4.33,4.61,4.04
Joe Johnson,HOU,55,35,20,21.9,7814.7,1.48,0.82,0.66,4.08,4.36,3.77
Joe Young,IND,53,28,25,10.5,4388.3,0.83,0.43,0.41,4.77,4.77,4.77
Joel Bolomboy,MIL,6,3,3,6.3,2363.5,0.45,0.25,0.19,4.31,4.26,4.37
Joel Embiid,PHI,62,41,21,30.4,10754.2,2.04,1.08,0.96,4.04,4.38,3.72
Joffrey Lauvergne,SAS,55,30,25,9.7,3607,0.68,0.37,0.32,4.25,4.53,3.94
John Collins,ATL,73,21,52,24.1,9472.7,1.79,0.97,0.82,4.48,4.85,4.11
John Henson,MIL,75,39,36,26,9331.7,1.77,0.89,0.88,4.11,4.31,3.92
John Holland,CLE,24,17,7,7.3,2634.8,0.5,0.27,0.23,4.14,4.3,3.96
John Wall,WAS,41,23,18,34.4,11198.3,2.12,1.09,1.03,3.71,3.83,3.59
Johnathan Motley,DAL,11,1,10,16,5708.2,1.08,0.58,0.5,4.07,4.39,3.75
Johnny O'Bryant III,CHA,36,15,21,10.5,4081.9,0.77,0.43,0.35,4.42,4.7,4.15
Jon Leuer,DET,8,5,3,17.1,7201.1,1.36,0.76,0.6,4.78,5.24,4.3
Jonas Jerebko,UTA,74,45,29,15.3,5971.3,1.13,0.62,0.51,4.47,4.81,4.11
Jonas Valanciunas,TOR,77,56,21,22.4,8412.3,1.59,0.86,0.74,4.28,4.55,4
Jonathan Gibson,BOS,4,2,2,10,3869.5,0.73,0.38,0.35,4.37,4.59,4.17
Jonathan Isaac,ORL,27,11,16,19.8,7541.5,1.43,0.77,0.66,4.39,4.71,4.08
Jonathon Simmons,ORL,69,21,48,29.4,11243,2.13,1.12,1.01,4.38,4.65,4.11
Jordan Bell,GSW,57,43,14,14.2,5501.1,1.04,0.54,0.5,4.41,4.65,4.16
Jordan Clarkson,CLE,81,40,41,23.3,9130.5,1.73,0.93,0.8,4.47,4.89,4.07
Jordan Crawford,NOP,5,3,2,10.7,4129,0.78,0.43,0.35,4.33,4.8,3.85
Jordan Mickey,MIA,23,15,8,12.3,4764.7,0.9,0.49,0.41,4.41,4.64,4.16
Jose Calderon,CLE,57,33,24,16,6207.3,1.18,0.62,0.55,4.42,4.65,4.21
Josh Gray,PHX,5,0,5,17.3,7341,1.39,0.77,0.62,4.88,5.25,4.48
Josh Hart,LAL,63,27,36,23.2,8939.9,1.69,0.87,0.83,4.4,4.71,4.11
Josh Huestis,OKC,68,43,25,14.2,5484.5,1.04,0.52,0.52,4.39,4.47,4.32
Josh Jackson,PHX,77,19,58,25.4,10022.3,1.9,1.02,0.88,4.5,4.93,4.1
Josh Magette,ATL,18,3,15,12,4616.9,0.87,0.49,0.39,4.51,5.04,4.04
Josh McRoberts,DAL,2,2,0,2.9,1064,0.2,0.12,0.09,4.17,3.8,4.61
Josh Richardson,MIA,80,43,37,33.2,12911.8,2.45,1.33,1.12,4.43,4.72,4.12
Josh Smith,NOP,3,2,1,3.9,1423.7,0.27,0.14,0.13,4.06,4.36,3.8
Jrue Holiday,NOP,81,47,34,36.1,13940.4,2.64,1.4,1.24,4.4,4.91,3.93
Juancho Hernangomez,DEN,25,15,10,11.1,4003.8,0.76,0.4,0.36,4.43,4.65,4.17
Julius Randle,LAL,82,35,47,26.7,9535.1,1.81,0.96,0.85,4.13,4.54,3.75
Julyan Stone,CHA,23,10,13,7.6,2771.7,0.52,0.27,0.25,4.17,4.44,3.91
Justin Anderson,PHI,37,27,10,13.9,5262.2,1,0.54,0.46,4.31,4.64,3.98
Justin Holiday,CHI,72,24,48,31.5,12438.6,2.36,1.26,1.09,4.5,4.93,4.1
Justin Jackson,SAC,68,21,47,22.1,8620.5,1.63,0.88,0.75,4.47,4.8,4.13
Justin Patton,MIN,1,0,1,3.7,1347,0.26,0.12,0.13,4.81,4.57,2.47
Justise Winslow,MIA,67,32,35,24.7,9530.1,1.8,0.97,0.84,4.4,4.64,4.16
Jusuf Nurkic,POR,79,48,31,26.4,9804.6,1.86,1.02,0.84,4.25,4.57,3.92
Kadeem Allen,BOS,18,9,9,6,2288.2,0.43,0.24,0.19,4.38,4.83,3.9
Karl-Anthony Towns,MIN,82,47,35,35.6,12726.5,2.41,1.27,1.14,4.07,4.16,3.98
Kawhi Leonard,SAS,9,5,4,23.3,9013.4,1.71,0.95,0.76,4.5,4.87,4.05
Kay Felder,DET,16,6,10,8.7,3620.3,0.69,0.38,0.31,4.74,5.23,4.18
Kelly Olynyk,MIA,75,41,34,23.3,8836.6,1.67,0.91,0.76,4.32,4.64,3.99
Kelly Oubre Jr.,WAS,81,43,38,27.5,10154.4,1.92,1,0.92,4.23,4.39,4.07
Kemba Walker,CHA,80,36,44,34.2,12605.6,2.39,1.33,1.06,4.2,4.66,3.74
Kendrick Perkins,CLE,1,0,1,14.5,4639,0.88,0.45,0.43,3.73,3.51,3.13
Kenneth Faried,DEN,32,16,16,14.4,5387.3,1.02,0.55,0.47,4.28,4.52,4.01
Kent Bazemore,ATL,64,19,45,27.5,10803.3,2.05,1.08,0.96,4.49,4.73,4.24
Kentavious Caldwell-Pope,LAL,74,31,43,33.2,12474.7,2.36,1.22,1.14,4.35,4.7,4.04
Kevin Durant,GSW,68,49,19,34.2,12121.6,2.3,1.21,1.09,4.06,4.55,3.63
Kevin Love,CLE,59,37,22,28,10487.1,1.99,1.05,0.94,4.28,4.46,4.09
Kevon Looney,GSW,66,45,21,13.8,5374,1.02,0.54,0.48,4.47,4.76,4.18
Khem Birch,ORL,42,14,28,13.8,5142.2,0.97,0.52,0.45,4.32,4.53,4.11
Khris Middleton,MIL,81,44,37,36.4,13019.7,2.47,1.27,1.2,4.09,4.38,3.82
Klay Thompson,GSW,73,55,18,34.3,13170.3,2.49,1.31,1.18,4.4,4.92,3.94
Kobi Simmons,MEM,32,6,26,20.1,7950.2,1.51,0.82,0.69,4.54,4.78,4.26
Kosta Koufos,SAC,71,22,49,19.6,7439.1,1.41,0.74,0.66,4.36,4.56,4.16
Kris Dunn,CHI,52,19,33,29.3,11525,2.18,1.16,1.02,4.48,4.89,4.09
Kristaps Porzingis,NYK,48,22,26,32.4,11793.9,2.23,1.22,1.02,4.15,4.49,3.81
Kyle Anderson,SAS,74,41,33,26.7,10325.2,1.96,1.08,0.88,4.41,4.69,4.11
Kyle Collinsworth,DAL,32,9,23,15,6144.4,1.16,0.62,0.55,4.67,4.89,4.44
Kyle Korver,CLE,73,43,30,21.6,8390.6,1.59,0.83,0.76,4.44,4.78,4.12
Kyle Kuzma,LAL,77,34,43,31.2,12157.1,2.3,1.23,1.07,4.52,5.05,4.03
Kyle Lowry,TOR,78,57,21,32.2,11840.7,2.24,1.23,1.02,4.21,4.62,3.81
Kyle O'Quinn,NYK,76,27,49,17.9,6480.6,1.23,0.65,0.57,4.15,4.36,3.92
Kyle Singler,OKC,11,5,6,3.3,1266.1,0.24,0.13,0.11,4.31,4.73,3.92
Kyrie Irving,BOS,57,38,19,32.2,11906.3,2.25,1.24,1.02,4.22,4.65,3.78
LaMarcus Aldridge,SAS,75,45,30,33.5,12050.5,2.28,1.23,1.06,4.11,4.24,3.97
Lance Stephenson,IND,82,48,34,22.6,8020.4,1.52,0.8,0.72,4.06,4.23,3.89
Lance Thomas,NYK,72,24,48,18.4,7361.5,1.39,0.74,0.66,4.58,4.77,4.39
Langston Galloway,DET,58,28,30,14.9,5860.2,1.11,0.59,0.52,4.49,4.86,4.14
Larry Drew II,NOP,10,6,4,7,2819.7,0.53,0.29,0.25,4.55,4.97,4.3
Larry Nance Jr.,CLE,66,32,34,21.5,8494.7,1.61,0.84,0.77,4.5,4.92,4.12
Lauri Markkanen,CHI,68,23,45,29.7,11623.7,2.2,1.24,0.97,4.47,5.08,3.87
LeBron James,CLE,82,50,32,36.9,12545.3,2.38,1.25,1.12,3.88,4.1,3.66
London Perrantes,CLE,14,8,6,4.7,1687.5,0.32,0.18,0.14,4.13,4.35,3.69
Lonzo Ball,LAL,52,24,28,34.2,13089.1,2.48,1.3,1.18,4.46,4.93,4.03
Lorenzo Brown,TOR,14,9,5,9.9,3917.1,0.74,0.38,0.36,4.52,4.74,4.22
Lou Williams,LAC,79,42,37,32.8,11619.9,2.2,1.18,1.02,4.04,4.44,3.67
Luc Mbah a Moute,HOU,61,52,9,25.6,9125,1.73,0.9,0.83,4.05,4.25,3.86
Lucas Nogueira,TOR,49,36,13,8.5,3127.3,0.59,0.31,0.28,4.18,4.41,3.99
Luis Montero,DET,2,1,1,4,1571,0.3,0.15,0.15,4.53,4.46,4.61
Luke Babbitt,MIA,49,15,34,14.1,5714.3,1.08,0.6,0.48,4.62,5.06,4.18
Luke Kennard,DET,73,34,39,20,7799.3,1.48,0.81,0.67,4.47,4.89,4.06
Luke Kornet,NYK,20,6,14,16.3,6376.8,1.21,0.67,0.54,4.46,4.89,3.99
Luol Deng,LAL,1,0,1,13.1,5284,1,0.49,0.51,4.61,4.9,4.35
Malachi Richardson,TOR,26,8,18,12.4,4506.3,0.85,0.46,0.39,4.13,4.37,3.84
Malcolm Brogdon,MIL,47,25,22,29.8,11227.6,2.13,1.12,1.01,4.29,4.67,3.93
Malcolm Delaney,ATL,53,16,37,18.7,6922.2,1.31,0.71,0.6,4.23,4.57,3.89
Malcolm Miller,TOR,15,15,0,8.4,3478.8,0.66,0.36,0.3,4.74,4.89,4.58
Malik Beasley,DEN,62,34,28,9.4,3659.1,0.69,0.37,0.33,4.48,4.78,4.18
Malik Monk,CHA,63,26,37,13.6,5359.9,1.02,0.55,0.46,4.52,4.84,4.18
Mangok Mathiang,CHA,4,3,1,5,1933.3,0.37,0.21,0.15,4.59,4.51,4.01
Manu Ginobili,SAS,65,39,26,20,7363.5,1.39,0.77,0.62,4.2,4.52,3.86
MarShon Brooks,MEM,7,2,5,27.5,10125.6,1.92,1.04,0.88,4.18,4.37,3.99
Marc Gasol,MEM,73,21,52,33,10781.3,2.04,1.13,0.92,3.74,3.98,3.47
Marcin Gortat,WAS,82,43,39,25.3,9487.4,1.8,0.95,0.85,4.28,4.5,4.06
Marco Belinelli,PHI,79,39,40,24.3,9545.4,1.81,1,0.81,4.47,5.01,3.95
Marcus Georges-Hunt,MIN,42,24,18,5.3,1910.2,0.36,0.18,0.18,4.09,4.05,4.14
Marcus Morris,BOS,52,32,20,26.8,9677.3,1.83,1,0.83,4.12,4.41,3.82
Marcus Paige,CHA,5,4,1,5.6,2109.8,0.4,0.23,0.17,4.29,4.45,4.12
Marcus Smart,BOS,51,35,16,30.1,10837.5,2.05,1.09,0.96,4.1,4.36,3.83
Mario Chalmers,MEM,66,21,45,21.5,7854.1,1.49,0.84,0.65,4.16,4.59,3.71
Mario Hezonja,ORL,75,21,54,22.1,8259.7,1.56,0.85,0.72,4.29,4.63,3.95
Markel Brown,HOU,4,4,0,7.9,3063,0.58,0.3,0.28,4.39,4.42,4.37
Markelle Fultz,PHI,14,11,3,18.1,7396.1,1.4,0.76,0.64,4.67,5.07,4.27
Markieff Morris,WAS,73,37,36,27,9188.4,1.74,0.91,0.83,3.89,4.04,3.74
Marquese Chriss,PHX,72,19,53,21.2,8106.2,1.54,0.83,0.7,4.35,4.81,3.92
Marquis Teague,MEM,3,0,3,24.6,8686.3,1.65,0.92,0.72,4,4.55,3.6
Marreese Speights,ORL,52,15,37,13,4228.9,0.8,0.42,0.38,3.71,3.88,3.56
Marshall Plumlee,MIL,8,5,3,6.5,2519.3,0.48,0.26,0.22,4.43,4.73,4.1
Marvin Williams,CHA,78,33,45,25.7,9809.9,1.86,1.02,0.84,4.35,4.76,3.93
Mason Plumlee,DEN,74,40,34,19.4,7173.8,1.36,0.72,0.64,4.26,4.55,3.98
Matt Costello,SAS,4,2,2,8.1,3106.8,0.59,0.3,0.29,4.48,4.74,4.25
Matt Williams Jr.,MIA,3,1,2,3.8,1389.7,0.26,0.13,0.13,4.22,4.56,3.93
Matthew Dellavedova,MIL,37,21,16,18.7,7106.8,1.35,0.72,0.62,4.34,4.8,3.9
Maurice Harkless,POR,59,36,23,21.4,8185.2,1.55,0.83,0.72,4.4,4.56,4.21
Maxi Kleber,DAL,72,20,52,16.8,6236.1,1.18,0.63,0.55,4.25,4.39,4.12
Meyers Leonard,POR,33,17,16,7.7,2796,0.53,0.29,0.24,4.16,4.31,3.98
Michael Beasley,NYK,73,23,50,22.1,8156.3,1.54,0.82,0.72,4.24,4.48,4
Michael Carter-Williams,CHA,52,23,29,16.1,6433.2,1.22,0.66,0.55,4.58,4.81,4.32
Michael Kidd-Gilchrist,CHA,74,34,40,25,9948.2,1.88,0.97,0.92,4.53,4.62,4.43
Mike Conley,MEM,12,7,5,31.1,11631.1,2.2,1.21,0.99,4.25,4.64,3.87
Mike James,NOP,36,11,25,19.1,7536.7,1.43,0.77,0.66,4.51,4.85,4.14
Mike Muscala,ATL,53,14,39,20,8095.9,1.53,0.84,0.69,4.64,5.02,4.24
Mike Scott,WAS,76,39,37,18.5,7115,1.35,0.73,0.61,4.42,4.81,4.04
Miles Plumlee,ATL,55,19,36,16.7,6508.5,1.23,0.69,0.55,4.48,4.89,4.06
Milos Teodosic,LAC,45,29,16,25.2,9552.9,1.81,0.97,0.84,4.32,4.76,3.91
Milton Doyle,BKN,10,2,8,12.4,4847.1,0.92,0.51,0.4,4.45,4.7,4.06
Mindaugas Kuzminskas,NYK,1,0,1,1.9,683,0.13,0.05,0.07,3.23,11.78,4.46
Mirza Teletovic,MIL,9,4,5,15.8,5835.7,1.11,0.59,0.52,4.19,4.57,3.92
Monte Morris,DEN,3,2,1,8.4,3257.3,0.62,0.34,0.27,4.52,4.79,3.79
Montrezl Harrell,LAC,76,39,37,17,6214.9,1.18,0.6,0.57,4.17,4.49,3.87
Myke Henry,MEM,20,3,17,18.9,7679.6,1.45,0.81,0.65,4.64,4.99,4.26
Myles Turner,IND,65,39,26,28.3,10632,2.01,1.08,0.94,4.29,4.62,3.97
Nate Wolters,UTA,5,3,2,3.8,1316,0.25,0.14,0.11,3.87,4.25,3.43
Naz Mitrou-Long,UTA,1,0,1,0.5,231,0.04,0.02,0.02,0,0,0
Nemanja Bjelica,MIN,67,38,29,20.5,7817,1.48,0.79,0.69,4.36,4.54,4.17
Nene,HOU,52,42,10,14.6,5432.4,1.03,0.53,0.5,4.24,4.51,3.99
Nerlens Noel,DAL,30,6,24,15.7,5897.4,1.12,0.6,0.52,4.28,4.41,4.14
Nick Collison,OKC,13,9,4,4.5,1729.5,0.33,0.18,0.15,4.47,4.71,4.02
Nick Young,GSW,80,56,24,17.4,6275.9,1.19,0.63,0.56,4.13,4.42,3.85
Nicolas Batum,CHA,64,27,37,30.9,11934.3,2.26,1.2,1.06,4.4,4.66,4.14
Nicolas Brussino,ATL,4,0,4,2.5,936.3,0.18,0.09,0.08,4.25,5.31,3.36
Nigel Hayes,SAC,9,6,3,13.6,5067.2,0.96,0.53,0.43,4.24,4.66,3.81
Nik Stauskas,BKN,41,14,27,12.8,4905.9,0.93,0.51,0.42,4.37,4.78,3.95
Nikola Jokic,DEN,75,43,32,32.6,11440.4,2.17,1.19,0.98,4.06,4.46,3.66
Nikola Mirotic,NOP,55,34,21,27.2,10473.6,1.98,1.05,0.93,4.4,4.91,3.94
Nikola Vucevic,ORL,57,17,40,29.5,10362.4,1.96,1.02,0.94,4.05,4.26,3.84
Noah Vonleh,CHI,54,24,30,16.2,6233.1,1.18,0.64,0.54,4.39,4.78,4.01
Norman Powell,TOR,70,51,19,15.2,6035.8,1.14,0.61,0.54,4.56,4.91,4.22
OG Anunoby,TOR,74,51,23,20,7912.9,1.5,0.78,0.72,4.54,4.71,4.36
Okaro White,CLE,6,2,4,13.3,5287,1,0.52,0.48,4.55,4.75,4.35
Omari Johnson,MEM,4,1,3,18.8,7021.8,1.33,0.71,0.61,4.24,4.62,4.02
Omer Asik,CHI,18,7,11,10.1,3577.6,0.68,0.35,0.33,4.03,4.32,3.76
Omri Casspi,GSW,53,40,13,14,5551.9,1.05,0.56,0.49,4.54,5,4.13
Otto Porter Jr.,WAS,77,42,35,31.6,12400.1,2.35,1.25,1.09,4.48,4.78,4.18
PJ Dozier,OKC,2,1,1,1.6,593.5,0.11,0.06,0.05,3.76,3.87,3.66
PJ Tucker,HOU,82,65,17,27.8,9928.2,1.88,0.97,0.91,4.07,4.2,3.94
Pascal Siakam,TOR,81,59,22,20.7,8318.8,1.58,0.85,0.73,4.6,5.03,4.18
Pat Connaughton,POR,82,49,33,18.1,7008.4,1.33,0.73,0.59,4.42,4.69,4.12
Patrick Beverley,LAC,11,5,6,30.3,12091.9,2.29,1.22,1.07,4.53,4.85,4.21
Patrick McCaw,GSW,57,41,16,16.9,6541.3,1.24,0.65,0.59,4.42,4.7,4.15
Patrick Patterson,OKC,80,48,32,15.3,5468.7,1.04,0.54,0.5,4.07,4.34,3.82
Patty Mills,SAS,82,47,35,25.7,10213.8,1.93,1.09,0.85,4.53,4.93,4.1
Pau Gasol,SAS,77,45,32,23.5,8466.6,1.6,0.88,0.72,4.11,4.36,3.83
Paul George,OKC,78,47,31,36.6,13519.8,2.56,1.35,1.21,4.21,4.62,3.83
Paul Millsap,DEN,38,22,16,30.1,10541.3,2,1.07,0.93,4.11,4.39,3.82
Paul Zipser,CHI,54,17,37,15.3,6042.2,1.14,0.61,0.53,4.52,5.02,4.05
Quincy Acy,BKN,68,25,43,19.4,7093.9,1.34,0.75,0.6,4.16,4.51,3.8
Quincy Pondexter,CHI,23,6,17,8.5,3291.3,0.62,0.33,0.3,4.39,4.74,4.07
Quinn Cook,GSW,33,21,12,22.4,9242.2,1.75,0.97,0.78,4.75,5.27,4.22
RJ Hunter,HOU,5,3,2,9,3370.4,0.64,0.34,0.3,4.28,4.61,3.95
Rajon Rondo,NOP,65,41,24,26.2,9889.1,1.87,0.98,0.89,4.3,4.67,3.95
Ramon Sessions,WAS,28,10,18,14,4975.6,0.94,0.52,0.42,4.22,4.61,3.78
Rashad Vaughn,ORL,28,13,15,7.6,2833.5,0.54,0.27,0.27,4.28,4.4,4.18
Raul Neto,UTA,41,28,13,12.2,4839,0.92,0.5,0.41,4.61,4.96,4.23
Raymond Felton,OKC,80,48,32,16.7,5942.8,1.13,0.58,0.54,4.05,4.25,3.87
Reggie Bullock,DET,62,32,30,27.9,10784.3,2.04,1.08,0.96,4.42,4.66,4.17
Reggie Hearn,DET,3,3,0,2.2,685.7,0.13,0.08,0.05,4.21,3.6,5.06
Reggie Jackson,DET,45,27,18,26.7,10090.3,1.91,1.05,0.86,4.32,4.67,3.95
Richard Jefferson,DEN,20,10,10,8.2,2962.1,0.56,0.3,0.26,4.13,4.2,4.06
Richaun Holmes,PHI,47,30,17,15.5,5760.9,1.09,0.57,0.52,4.24,4.5,3.98
Ricky Rubio,UTA,77,44,33,29.3,11389.6,2.16,1.21,0.94,4.45,4.89,3.99
Robert Covington,PHI,79,51,28,31.7,11862.6,2.25,1.18,1.07,4.28,4.66,3.92
Robin Lopez,CHI,64,23,41,26.4,9844.3,1.86,1,0.87,4.25,4.58,3.92
Rodney Hood,CLE,60,29,31,26.9,10197.4,1.93,1.04,0.89,4.32,4.62,4.01
Rodney McGruder,MIA,18,11,7,16.6,6740.3,1.28,0.68,0.6,4.62,4.86,4.39
Rodney Purvis,ORL,16,5,11,18.1,6643.1,1.26,0.66,0.6,4.26,4.4,4.11
Ron Baker,NYK,28,11,17,13.1,5483.2,1.04,0.56,0.48,4.78,5.25,4.32
Rondae Hollis-Jefferson,BKN,66,25,41,28.1,11061,2.09,1.14,0.96,4.5,4.8,4.18
Royce O'Neale,UTA,69,43,26,16.7,6440.5,1.22,0.66,0.56,4.44,4.72,4.13
Rudy Gay,SAS,57,36,21,21.6,8294.8,1.57,0.86,0.71,4.38,4.63,4.1
Rudy Gobert,UTA,56,37,19,32.4,12175.9,2.31,1.26,1.04,4.3,4.62,3.97
Russell Westbrook,OKC,78,47,31,36.4,13238,2.51,1.34,1.16,4.14,4.67,3.66
Ryan Anderson,HOU,66,52,14,26.1,9474.3,1.79,0.95,0.84,4.13,4.39,3.89
Ryan Arcidiacono,CHI,24,6,18,12.7,5249.6,0.99,0.53,0.47,4.73,5.24,4.23
Salah Mejri,DAL,61,21,40,11.9,4577.9,0.87,0.46,0.4,4.37,4.5,4.24
Sam Dekker,LAC,73,36,37,12.1,5032.7,0.95,0.51,0.45,4.75,5.26,4.26
Scotty Hopson,DAL,1,0,1,8.4,3579,0.68,0.35,0.33,5.04,4.12,4.54
Sean Kilpatrick,CHI,52,22,30,12.3,4628.9,0.88,0.47,0.41,4.32,4.68,3.97
Semi Ojeleye,BOS,70,47,23,16.2,6290.5,1.19,0.65,0.55,4.44,4.71,4.15
Serge Ibaka,TOR,76,53,23,27.5,10158.5,1.92,1.04,0.88,4.22,4.57,3.88
Shabazz Muhammad,MIL,43,25,18,9.7,3859.4,0.73,0.37,0.36,4.53,4.56,4.5
Shabazz Napier,POR,74,46,28,20.8,7642.9,1.45,0.8,0.65,4.23,4.51,3.94
Shane Larkin,BOS,51,36,15,14.6,5629.9,1.07,0.57,0.5,4.41,4.51,4.29
Shaquille Harrison,PHX,23,3,20,16.7,7364,1.39,0.75,0.65,5.02,5.52,4.55
Shaun Livingston,GSW,71,49,22,15.9,6199.9,1.17,0.62,0.55,4.47,5.01,3.99
Shelvin Mack,ORL,69,21,48,19.8,7800.2,1.48,0.8,0.68,4.54,4.92,4.16
Sindarius Thornwell,LAC,73,36,37,15.8,6332.5,1.2,0.6,0.6,4.56,4.75,4.39
Skal Labissiere,SAC,60,19,41,20.7,7967.5,1.51,0.8,0.71,4.42,4.65,4.19
Solomon Hill,NOP,12,8,4,15.6,5877.7,1.11,0.6,0.52,4.31,4.79,3.86
Spencer Dinwiddie,BKN,78,27,51,28.9,10501,1.99,1.12,0.87,4.13,4.52,3.72
Stanley Johnson,DET,69,33,36,27.4,10304.8,1.95,1.01,0.94,4.29,4.43,4.14
Stephen Curry,GSW,51,41,10,32,12758.4,2.42,1.28,1.13,4.55,5.24,3.96
Sterling Brown,MIL,54,26,28,14.4,5505.6,1.04,0.52,0.53,4.42,4.46,4.38
Steven Adams,OKC,75,43,32,32.8,11770.2,2.23,1.1,1.13,4.1,4.22,3.98
T.J. McConnell,PHI,75,50,25,22.4,9411.1,1.78,0.97,0.81,4.79,5.25,4.34
TJ Leaf,IND,53,31,22,8.7,3404.7,0.64,0.36,0.29,4.51,4.78,4.19
TJ Warren,PHX,65,18,47,33,12893.7,2.44,1.28,1.16,4.46,4.72,4.21
Taj Gibson,MIN,82,47,35,33.3,12286.6,2.33,1.25,1.08,4.21,4.36,4.05
Tarik Black,HOU,51,40,11,10.5,3999.2,0.76,0.4,0.35,4.33,4.57,4.09
Taurean Prince,ATL,81,24,57,30,10897.3,2.06,1.09,0.97,4.14,4.33,3.95
Terrance Ferguson,OKC,59,37,22,12.6,4769.7,0.9,0.44,0.46,4.33,4.28,4.37
Terrence Ross,ORL,24,10,14,25,9966.4,1.89,0.97,0.92,4.55,4.89,4.25
Terry Rozier,BOS,77,51,26,26,10335.8,1.96,1.08,0.88,4.54,4.88,4.18
Thabo Sefolosha,UTA,38,16,22,21.2,8133.7,1.54,0.85,0.7,4.38,4.74,4.01
Thaddeus Young,IND,81,48,33,32.2,12305.5,2.33,1.2,1.13,4.36,4.56,4.16
Thomas Bryant,LAL,15,7,8,4.8,1890.1,0.36,0.19,0.16,4.5,5,3.86
Thon Maker,MIL,73,40,33,16.8,6711.6,1.27,0.63,0.65,4.57,4.65,4.49
Tim Frazier,WAS,59,31,28,14.2,5454.8,1.03,0.54,0.49,4.43,4.66,4.18
Tim Hardaway Jr.,NYK,57,19,38,33.1,12344,2.34,1.24,1.09,4.28,4.53,4.03
Tim Quarterman,HOU,3,2,1,4.3,1713.3,0.32,0.19,0.13,4.71,4.72,4.7
Timofey Mozgov,BKN,29,11,18,11.9,4771.5,0.9,0.51,0.4,4.58,5,4.13
Timothe Luwawu-Cabarrot,PHI,51,29,22,15.6,6603.9,1.25,0.69,0.57,4.83,5.37,4.31
Tobias Harris,LAC,80,39,41,33.4,13054.2,2.47,1.37,1.1,4.46,4.91,4
Tomas Satoransky,WAS,73,39,34,22.5,9009.3,1.71,0.91,0.8,4.63,4.86,4.38
Tony Allen,NOP,22,12,10,12.4,4713.9,0.89,0.47,0.43,4.35,4.69,4.06
Tony Bradley,UTA,9,6,3,3.2,1206.1,0.23,0.12,0.11,4.35,4.35,4.35
Tony Parker,SAS,55,32,23,19.5,8003.2,1.52,0.87,0.65,4.68,5.13,4.19
Tony Snell,MIL,74,42,32,27.4,9712.2,1.84,0.9,0.94,4.06,4.18,3.94
Torrey Craig,DEN,39,22,17,16.1,6532.1,1.24,0.64,0.6,4.62,4.78,4.48
Travis Wear,LAL,17,7,10,13.4,4987.9,0.94,0.5,0.44,4.43,5.07,3.84
Treveon Graham,CHA,63,28,35,16.7,6699.6,1.27,0.68,0.59,4.59,4.79,4.38
Trevor Ariza,HOU,67,51,16,33.9,11842.4,2.24,1.14,1.11,3.98,4.02,3.94
Trevor Booker,IND,67,36,31,17.1,6597.4,1.25,0.67,0.58,4.41,4.69,4.14
Trey Burke,NYK,36,10,26,21.8,8575.6,1.62,0.88,0.75,4.52,4.87,4.17
Trey Lyles,DEN,73,41,32,19.1,6896.3,1.31,0.72,0.59,4.16,4.52,3.79
Trey McKinney-Jones,IND,1,1,0,1.2,533,0.1,0.06,0.04,4.85,7.24,0
Tristan Thompson,CLE,53,27,26,20.2,7991.5,1.51,0.81,0.71,4.5,4.8,4.21
Troy Daniels,PHX,79,20,59,20.5,8263.3,1.57,0.86,0.7,4.59,5.09,4.1
Troy Williams,NYK,21,7,14,14.6,5806.2,1.1,0.58,0.52,4.63,4.89,4.38
Tyler Cavanaugh,ATL,38,11,27,13.3,5340.3,1.01,0.57,0.44,4.6,5.06,4.11
Tyler Dorsey,ATL,56,15,41,17.4,6808.5,1.29,0.68,0.61,4.49,4.66,4.32
Tyler Ennis,LAL,54,22,32,12.7,5013.5,0.95,0.51,0.44,4.63,5.18,4.14
Tyler Johnson,MIA,71,38,33,28.5,11218.6,2.12,1.12,1,4.48,4.65,4.31
Tyler Lydon,DEN,1,1,0,2.2,897,0.17,0.11,0.06,5.53,4.28,7.8
Tyler Ulis,PHX,71,20,51,23.4,9096.2,1.72,0.89,0.83,4.44,4.68,4.21
Tyler Zeller,MIL,64,26,38,16.6,6372.2,1.21,0.64,0.56,4.38,4.65,4.12
Tyreke Evans,MEM,52,19,33,30.9,10670.6,2.02,1.12,0.9,3.94,4.3,3.56
Tyrone Wallace,LAC,30,17,13,28.4,11399.7,2.16,1.14,1.02,4.59,4.98,4.22
Tyson Chandler,PHX,46,15,31,25,8615.1,1.63,0.86,0.77,3.93,4.13,3.72
Tyus Jones,MIN,82,47,35,17.9,7064.3,1.34,0.72,0.62,4.5,4.71,4.28
Udonis Haslem,MIA,14,9,5,5.1,1617.3,0.31,0.17,0.14,3.61,3.63,3.58
Vander Blue,LAL,5,1,4,9,3287.4,0.62,0.32,0.3,4.16,4.85,3.61
Victor Oladipo,IND,75,48,27,34,13279.3,2.52,1.32,1.2,4.45,4.75,4.15
Vince Carter,SAC,58,20,38,17.7,6103,1.16,0.63,0.53,3.97,4.2,3.72
Vincent Hunter,MEM,4,0,4,1.9,620.5,0.12,0.06,0.05,4.06,4.99,3.17
Wade Baldwin IV,POR,7,4,3,11.5,4732.3,0.9,0.47,0.43,4.82,5.11,4.53
Walter Lemon Jr.,NOP,5,4,1,7,1970,0.37,0.19,0.18,4.95,5.17,4.72
Wayne Ellington,MIA,76,41,35,26.6,10144.8,1.92,1.06,0.86,4.36,4.7,4
Wayne Selden,MEM,35,10,25,19.8,7412.1,1.4,0.77,0.64,4.28,4.57,3.97
Wes Iwundu,ORL,62,18,44,16.5,6419.8,1.22,0.64,0.57,4.53,4.67,4.39
Wesley Johnson,LAC,74,38,36,20.1,7461,1.41,0.72,0.69,4.24,4.36,4.11
Wesley Matthews,DAL,63,20,43,33.8,12471.2,2.36,1.31,1.05,4.21,4.48,3.91
Will Barton,DEN,81,46,35,33.1,12052.6,2.28,1.24,1.04,4.21,4.57,3.85
Willie Cauley-Stein,SAC,73,23,50,28,10598.7,2.01,1.07,0.94,4.31,4.58,4.04
Willie Reed,DET,42,20,22,10.2,3811.8,0.72,0.36,0.36,4.27,4.44,4.1
Willy Hernangomez,CHA,48,20,28,10.3,3947.9,0.75,0.4,0.35,4.38,4.72,4.05
Wilson Chandler,DEN,74,41,33,31.7,11196.7,2.12,1.11,1.01,4.04,4.18,3.89
Xavier Munford,MIL,6,2,4,3.5,1253.2,0.24,0.13,0.1,4.43,4.81,3.99
Xavier Rathan-Mayes,MEM,5,0,5,23.6,8593,1.63,0.91,0.72,4.65,5.23,4.16
Xavier Silas,BOS,2,1,1,3.8,1447,0.27,0.13,0.14,4.02,5.58,4.26
Yogi Ferrell,DAL,82,24,58,27.8,10788,2.04,1.12,0.93,4.42,4.73,4.11
Zach Collins,POR,66,41,25,15.8,5726.4,1.08,0.59,0.5,4.16,4.32,3.99
Zach LaVine,CHI,24,9,15,27.4,10967.7,2.08,1.12,0.96,4.6,5.05,4.17
Zach Randolph,SAC,59,18,41,25.6,8869.9,1.68,0.9,0.78,3.96,4.06,3.84
Zaza Pachulia,GSW,69,47,22,14.1,5232.4,0.99,0.5,0.49,4.26,4.58,3.98
Zhou Qi,HOU,18,14,4,6.9,2507.2,0.47,0.26,0.22,4.12,4.25,4.09